[INFO] Scanning for projects...
[INFO] 
[INFO] -------------------< com.kce.project:school-service >-------------------
[INFO] Building school-service 0.0.1-SNAPSHOT
[INFO]   from pom.xml
[INFO] --------------------------------[ jar ]---------------------------------
[INFO] 
[INFO] >>> spring-boot:3.3.0:run (default-cli) > test-compile @ school-service >>>
[INFO] 
[INFO] --- resources:3.3.1:resources (default-resources) @ school-service ---
[INFO] Copying 1 resource from src\main\resources to target\classes
[INFO] Copying 0 resource from src\main\resources to target\classes
[INFO] 
[INFO] --- compiler:3.13.0:compile (default-compile) @ school-service ---
[INFO] Nothing to compile - all classes are up to date.
[INFO] 
[INFO] --- resources:3.3.1:testResources (default-testResources) @ school-service ---
[INFO] skip non existing resourceDirectory C:\Users\saisa\Documents\workspace-spring-tools-for-eclipse-5.2.0.RELEASE\DisasterIQ_Microservices\school-service\src\test\resources
[INFO] 
[INFO] --- compiler:3.13.0:testCompile (default-testCompile) @ school-service ---
[INFO] No sources to compile
[INFO] 
[INFO] <<< spring-boot:3.3.0:run (default-cli) < test-compile @ school-service <<<
[INFO] 
[INFO] 
[INFO] --- spring-boot:3.3.0:run (default-cli) @ school-service ---
[INFO] Attaching agents: []
  .   ____          _            __ _ _
 /\\ / ___'_ __ _ _(_)_ __  __ _ \ \ \ \
( ( )\___ | '_ | '_| | '_ \/ _` | \ \ \ \
 \\/  ___)| |_)| | | | | || (_| |  ) ) ) )
  '  |____| .__|_| |_|_| |_\__, | / / / /
 =========|_|==============|___/=/_/_/_/

 :: Spring Boot ::                (v3.3.0)

2026-08-13T11:59:21.508+05:30  INFO 14516 --- [school-service] [           main] c.kce.project.SchoolServiceApplication   : Starting SchoolServiceApplication using Java 21.0.10 with PID 14516 (C:\Users\saisa\Documents\workspace-spring-tools-for-eclipse-5.2.0.RELEASE\DisasterIQ_Microservices\school-service\target\classes started by saisa in C:\Users\saisa\Documents\workspace-spring-tools-for-eclipse-5.2.0.RELEASE\DisasterIQ_Microservices\school-service)
2026-08-13T11:59:21.516+05:30  INFO 14516 --- [school-service] [           main] c.kce.project.SchoolServiceApplication   : No active profile set, falling back to 1 default profile: "default"
2026-08-13T11:59:22.743+05:30  INFO 14516 --- [school-service] [           main] .s.d.r.c.RepositoryConfigurationDelegate : Bootstrapping Spring Data JPA repositories in DEFAULT mode.
2026-08-13T11:59:23.965+05:30  INFO 14516 --- [school-service] [           main] .s.d.r.c.RepositoryConfigurationDelegate : Finished Spring Data repository scanning in 1174 ms. Found 16 JPA repository interfaces.
2026-08-13T11:59:25.748+05:30  INFO 14516 --- [school-service] [           main] o.s.cloud.context.scope.GenericScope     : BeanFactory id=da080226-b783-363d-b3fb-4be66f25f16e
2026-08-13T11:59:26.677+05:30  WARN 14516 --- [school-service] [           main] trationDelegate$BeanPostProcessorChecker : Bean 'org.springframework.cloud.client.loadbalancer.LoadBalancerAutoConfiguration$DeferringLoadBalancerInterceptorConfig' of type [org.springframework.cloud.client.loadbalancer.LoadBalancerAutoConfiguration$DeferringLoadBalancerInterceptorConfig] is not eligible for getting processed by all BeanPostProcessors (for example: not eligible for auto-proxying). The currently created BeanPostProcessor [lbRestClientPostProcessor] is declared through a non-static factory method on that class; consider declaring it as static instead.
2026-08-13T11:59:26.692+05:30  WARN 14516 --- [school-service] [           main] trationDelegate$BeanPostProcessorChecker : Bean 'deferringLoadBalancerInterceptor' of type [org.springframework.cloud.client.loadbalancer.DeferringLoadBalancerInterceptor] is not eligible for getting processed by all BeanPostProcessors (for example: not eligible for auto-proxying). Is this bean getting eagerly injected into a currently created BeanPostProcessor [lbRestClientPostProcessor]? Check the corresponding BeanPostProcessor declaration and its dependencies.
2026-08-13T11:59:27.705+05:30  INFO 14516 --- [school-service] [           main] o.s.b.w.embedded.tomcat.TomcatWebServer  : Tomcat initialized with port 8082 (http)
2026-08-13T11:59:27.746+05:30  INFO 14516 --- [school-service] [           main] o.apache.catalina.core.StandardService   : Starting service [Tomcat]
2026-08-13T11:59:27.748+05:30  INFO 14516 --- [school-service] [           main] o.apache.catalina.core.StandardEngine    : Starting Servlet engine: [Apache Tomcat/10.1.24]
2026-08-13T11:59:27.996+05:30  INFO 14516 --- [school-service] [           main] o.a.c.c.C.[Tomcat].[localhost].[/]       : Initializing Spring embedded WebApplicationContext
2026-08-13T11:59:27.999+05:30  INFO 14516 --- [school-service] [           main] w.s.c.ServletWebServerApplicationContext : Root WebApplicationContext: initialization completed in 6389 ms
2026-08-13T11:59:28.821+05:30  INFO 14516 --- [school-service] [           main] o.hibernate.jpa.internal.util.LogHelper  : HHH000204: Processing PersistenceUnitInfo [name: default]
2026-08-13T11:59:29.067+05:30  INFO 14516 --- [school-service] [           main] org.hibernate.Version                    : HHH000412: Hibernate ORM core version 6.5.2.Final
2026-08-13T11:59:29.198+05:30  INFO 14516 --- [school-service] [           main] o.h.c.internal.RegionFactoryInitiator    : HHH000026: Second-level cache disabled
2026-08-13T11:59:30.789+05:30  INFO 14516 --- [school-service] [           main] o.s.o.j.p.SpringPersistenceUnitInfo      : No LoadTimeWeaver setup: ignoring JPA class transformer
2026-08-13T11:59:30.923+05:30  INFO 14516 --- [school-service] [           main] com.zaxxer.hikari.HikariDataSource       : HikariPool-1 - Starting...
2026-08-13T11:59:32.270+05:30  INFO 14516 --- [school-service] [           main] com.zaxxer.hikari.pool.HikariPool        : HikariPool-1 - Added connection oracle.jdbc.driver.T4CConnection@61d09475
2026-08-13T11:59:32.279+05:30  INFO 14516 --- [school-service] [           main] com.zaxxer.hikari.HikariDataSource       : HikariPool-1 - Start completed.
2026-08-13T11:59:39.867+05:30  INFO 14516 --- [school-service] [           main] o.h.e.t.j.p.i.JtaPlatformInitiator       : HHH000489: No JTA platform available (set 'hibernate.transaction.jta.platform' to enable JTA platform integration)
Hibernate: create table assessment_results (result_id number(19,0) not null, created_at timestamp(6) not null, updated_at timestamp(6), passed number(1,0) check (passed in (0,1)), percentage float(53), score number(10,0), total_marks number(10,0), assessment_id number(19,0), student_id number(19,0), primary key (result_id))
2026-08-13T11:59:40.515+05:30  WARN 14516 --- [school-service] [           main] o.h.t.s.i.ExceptionHandlerLoggedImpl     : GenerationTarget encountered exception accepting command : Error executing DDL "create table assessment_results (result_id number(19,0) not null, created_at timestamp(6) not null, updated_at timestamp(6), passed number(1,0) check (passed in (0,1)), percentage float(53), score number(10,0), total_marks number(10,0), assessment_id number(19,0), student_id number(19,0), primary key (result_id))" via JDBC [ORA-00955: name is already used by an existing object
]

org.hibernate.tool.schema.spi.CommandAcceptanceException: Error executing DDL "create table assessment_results (result_id number(19,0) not null, created_at timestamp(6) not null, updated_at timestamp(6), passed number(1,0) check (passed in (0,1)), percentage float(53), score number(10,0), total_marks number(10,0), assessment_id number(19,0), student_id number(19,0), primary key (result_id))" via JDBC [ORA-00955: name is already used by an existing object
]
	at org.hibernate.tool.schema.internal.exec.GenerationTargetToDatabase.accept(GenerationTargetToDatabase.java:94) ~[hibernate-core-6.5.2.Final.jar:6.5.2.Final]
	at org.hibernate.tool.schema.internal.AbstractSchemaMigrator.applySqlString(AbstractSchemaMigrator.java:575) ~[hibernate-core-6.5.2.Final.jar:6.5.2.Final]
	at org.hibernate.tool.schema.internal.AbstractSchemaMigrator.applySqlStrings(AbstractSchemaMigrator.java:515) ~[hibernate-core-6.5.2.Final.jar:6.5.2.Final]
	at org.hibernate.tool.schema.internal.AbstractSchemaMigrator.createTable(AbstractSchemaMigrator.java:315) ~[hibernate-core-6.5.2.Final.jar:6.5.2.Final]
	at org.hibernate.tool.schema.internal.GroupedSchemaMigratorImpl.performTablesMigration(GroupedSchemaMigratorImpl.java:80) ~[hibernate-core-6.5.2.Final.jar:6.5.2.Final]
	at org.hibernate.tool.schema.internal.AbstractSchemaMigrator.performMigration(AbstractSchemaMigrator.java:232) ~[hibernate-core-6.5.2.Final.jar:6.5.2.Final]
	at org.hibernate.tool.schema.internal.AbstractSchemaMigrator.doMigration(AbstractSchemaMigrator.java:117) ~[hibernate-core-6.5.2.Final.jar:6.5.2.Final]
	at org.hibernate.tool.schema.spi.SchemaManagementToolCoordinator.performDatabaseAction(SchemaManagementToolCoordinator.java:280) ~[hibernate-core-6.5.2.Final.jar:6.5.2.Final]
	at org.hibernate.tool.schema.spi.SchemaManagementToolCoordinator.lambda$process$5(SchemaManagementToolCoordinator.java:144) ~[hibernate-core-6.5.2.Final.jar:6.5.2.Final]
	at java.base/java.util.HashMap.forEach(HashMap.java:1429) ~[na:na]
	at org.hibernate.tool.schema.spi.SchemaManagementToolCoordinator.process(SchemaManagementToolCoordinator.java:141) ~[hibernate-core-6.5.2.Final.jar:6.5.2.Final]
	at org.hibernate.boot.internal.SessionFactoryObserverForSchemaExport.sessionFactoryCreated(SessionFactoryObserverForSchemaExport.java:37) ~[hibernate-core-6.5.2.Final.jar:6.5.2.Final]
	at org.hibernate.internal.SessionFactoryObserverChain.sessionFactoryCreated(SessionFactoryObserverChain.java:35) ~[hibernate-core-6.5.2.Final.jar:6.5.2.Final]
	at org.hibernate.internal.SessionFactoryImpl.<init>(SessionFactoryImpl.java:322) ~[hibernate-core-6.5.2.Final.jar:6.5.2.Final]
	at org.hibernate.boot.internal.SessionFactoryBuilderImpl.build(SessionFactoryBuilderImpl.java:457) ~[hibernate-core-6.5.2.Final.jar:6.5.2.Final]
	at org.hibernate.jpa.boot.internal.EntityManagerFactoryBuilderImpl.build(EntityManagerFactoryBuilderImpl.java:1506) ~[hibernate-core-6.5.2.Final.jar:6.5.2.Final]
	at org.springframework.orm.jpa.vendor.SpringHibernateJpaPersistenceProvider.createContainerEntityManagerFactory(SpringHibernateJpaPersistenceProvider.java:75) ~[spring-orm-6.1.8.jar:6.1.8]
	at org.springframework.orm.jpa.LocalContainerEntityManagerFactoryBean.createNativeEntityManagerFactory(LocalContainerEntityManagerFactoryBean.java:390) ~[spring-orm-6.1.8.jar:6.1.8]
	at org.springframework.orm.jpa.AbstractEntityManagerFactoryBean.buildNativeEntityManagerFactory(AbstractEntityManagerFactoryBean.java:409) ~[spring-orm-6.1.8.jar:6.1.8]
	at org.springframework.orm.jpa.AbstractEntityManagerFactoryBean.afterPropertiesSet(AbstractEntityManagerFactoryBean.java:396) ~[spring-orm-6.1.8.jar:6.1.8]
	at org.springframework.orm.jpa.LocalContainerEntityManagerFactoryBean.afterPropertiesSet(LocalContainerEntityManagerFactoryBean.java:366) ~[spring-orm-6.1.8.jar:6.1.8]
	at org.springframework.beans.factory.support.AbstractAutowireCapableBeanFactory.invokeInitMethods(AbstractAutowireCapableBeanFactory.java:1835) ~[spring-beans-6.1.8.jar:6.1.8]
	at org.springframework.beans.factory.support.AbstractAutowireCapableBeanFactory.initializeBean(AbstractAutowireCapableBeanFactory.java:1784) ~[spring-beans-6.1.8.jar:6.1.8]
	at org.springframework.beans.factory.support.AbstractAutowireCapableBeanFactory.doCreateBean(AbstractAutowireCapableBeanFactory.java:600) ~[spring-beans-6.1.8.jar:6.1.8]
	at org.springframework.beans.factory.support.AbstractAutowireCapableBeanFactory.createBean(AbstractAutowireCapableBeanFactory.java:522) ~[spring-beans-6.1.8.jar:6.1.8]
	at org.springframework.beans.factory.support.AbstractBeanFactory.lambda$doGetBean$0(AbstractBeanFactory.java:337) ~[spring-beans-6.1.8.jar:6.1.8]
	at org.springframework.beans.factory.support.DefaultSingletonBeanRegistry.getSingleton(DefaultSingletonBeanRegistry.java:234) ~[spring-beans-6.1.8.jar:6.1.8]
	at org.springframework.beans.factory.support.AbstractBeanFactory.doGetBean(AbstractBeanFactory.java:335) ~[spring-beans-6.1.8.jar:6.1.8]
	at org.springframework.beans.factory.support.AbstractBeanFactory.getBean(AbstractBeanFactory.java:200) ~[spring-beans-6.1.8.jar:6.1.8]
	at org.springframework.beans.factory.support.BeanDefinitionValueResolver.resolveReference(BeanDefinitionValueResolver.java:365) ~[spring-beans-6.1.8.jar:6.1.8]
	at org.springframework.beans.factory.support.BeanDefinitionValueResolver.resolveValueIfNecessary(BeanDefinitionValueResolver.java:135) ~[spring-beans-6.1.8.jar:6.1.8]
	at org.springframework.beans.factory.support.ConstructorResolver.resolveConstructorArguments(ConstructorResolver.java:682) ~[spring-beans-6.1.8.jar:6.1.8]
	at org.springframework.beans.factory.support.ConstructorResolver.instantiateUsingFactoryMethod(ConstructorResolver.java:509) ~[spring-beans-6.1.8.jar:6.1.8]
	at org.springframework.beans.factory.support.AbstractAutowireCapableBeanFactory.instantiateUsingFactoryMethod(AbstractAutowireCapableBeanFactory.java:1337) ~[spring-beans-6.1.8.jar:6.1.8]
	at org.springframework.beans.factory.support.AbstractAutowireCapableBeanFactory.createBeanInstance(AbstractAutowireCapableBeanFactory.java:1167) ~[spring-beans-6.1.8.jar:6.1.8]
	at org.springframework.beans.factory.support.AbstractAutowireCapableBeanFactory.doCreateBean(AbstractAutowireCapableBeanFactory.java:562) ~[spring-beans-6.1.8.jar:6.1.8]
	at org.springframework.beans.factory.support.AbstractAutowireCapableBeanFactory.createBean(AbstractAutowireCapableBeanFactory.java:522) ~[spring-beans-6.1.8.jar:6.1.8]
	at org.springframework.beans.factory.support.AbstractBeanFactory.lambda$doGetBean$0(AbstractBeanFactory.java:337) ~[spring-beans-6.1.8.jar:6.1.8]
	at org.springframework.beans.factory.support.DefaultSingletonBeanRegistry.getSingleton(DefaultSingletonBeanRegistry.java:234) ~[spring-beans-6.1.8.jar:6.1.8]
	at org.springframework.beans.factory.support.AbstractBeanFactory.doGetBean(AbstractBeanFactory.java:335) ~[spring-beans-6.1.8.jar:6.1.8]
	at org.springframework.beans.factory.support.AbstractBeanFactory.getBean(AbstractBeanFactory.java:200) ~[spring-beans-6.1.8.jar:6.1.8]
	at org.springframework.beans.factory.support.BeanDefinitionValueResolver.resolveReference(BeanDefinitionValueResolver.java:365) ~[spring-beans-6.1.8.jar:6.1.8]
	at org.springframework.beans.factory.support.BeanDefinitionValueResolver.resolveValueIfNecessary(BeanDefinitionValueResolver.java:135) ~[spring-beans-6.1.8.jar:6.1.8]
	at org.springframework.beans.factory.support.AbstractAutowireCapableBeanFactory.applyPropertyValues(AbstractAutowireCapableBeanFactory.java:1687) ~[spring-beans-6.1.8.jar:6.1.8]
	at org.springframework.beans.factory.support.AbstractAutowireCapableBeanFactory.populateBean(AbstractAutowireCapableBeanFactory.java:1436) ~[spring-beans-6.1.8.jar:6.1.8]
	at org.springframework.beans.factory.support.AbstractAutowireCapableBeanFactory.doCreateBean(AbstractAutowireCapableBeanFactory.java:599) ~[spring-beans-6.1.8.jar:6.1.8]
	at org.springframework.beans.factory.support.AbstractAutowireCapableBeanFactory.createBean(AbstractAutowireCapableBeanFactory.java:522) ~[spring-beans-6.1.8.jar:6.1.8]
	at org.springframework.beans.factory.support.AbstractBeanFactory.lambda$doGetBean$0(AbstractBeanFactory.java:337) ~[spring-beans-6.1.8.jar:6.1.8]
	at org.springframework.beans.factory.support.DefaultSingletonBeanRegistry.getSingleton(DefaultSingletonBeanRegistry.java:234) ~[spring-beans-6.1.8.jar:6.1.8]
	at org.springframework.beans.factory.support.AbstractBeanFactory.doGetBean(AbstractBeanFactory.java:335) ~[spring-beans-6.1.8.jar:6.1.8]
	at org.springframework.beans.factory.support.AbstractBeanFactory.getBean(AbstractBeanFactory.java:200) ~[spring-beans-6.1.8.jar:6.1.8]
	at org.springframework.beans.factory.config.DependencyDescriptor.resolveCandidate(DependencyDescriptor.java:254) ~[spring-beans-6.1.8.jar:6.1.8]
	at org.springframework.beans.factory.support.DefaultListableBeanFactory.doResolveDependency(DefaultListableBeanFactory.java:1443) ~[spring-beans-6.1.8.jar:6.1.8]
	at org.springframework.beans.factory.support.DefaultListableBeanFactory.resolveDependency(DefaultListableBeanFactory.java:1353) ~[spring-beans-6.1.8.jar:6.1.8]
	at org.springframework.beans.factory.support.ConstructorResolver.resolveAutowiredArgument(ConstructorResolver.java:904) ~[spring-beans-6.1.8.jar:6.1.8]
	at org.springframework.beans.factory.support.ConstructorResolver.createArgumentArray(ConstructorResolver.java:782) ~[spring-beans-6.1.8.jar:6.1.8]
	at org.springframework.beans.factory.support.ConstructorResolver.autowireConstructor(ConstructorResolver.java:237) ~[spring-beans-6.1.8.jar:6.1.8]
	at org.springframework.beans.factory.support.AbstractAutowireCapableBeanFactory.autowireConstructor(AbstractAutowireCapableBeanFactory.java:1357) ~[spring-beans-6.1.8.jar:6.1.8]
	at org.springframework.beans.factory.support.AbstractAutowireCapableBeanFactory.createBeanInstance(AbstractAutowireCapableBeanFactory.java:1194) ~[spring-beans-6.1.8.jar:6.1.8]
	at org.springframework.beans.factory.support.AbstractAutowireCapableBeanFactory.doCreateBean(AbstractAutowireCapableBeanFactory.java:562) ~[spring-beans-6.1.8.jar:6.1.8]
	at org.springframework.beans.factory.support.AbstractAutowireCapableBeanFactory.createBean(AbstractAutowireCapableBeanFactory.java:522) ~[spring-beans-6.1.8.jar:6.1.8]
	at org.springframework.beans.factory.support.AbstractBeanFactory.lambda$doGetBean$0(AbstractBeanFactory.java:337) ~[spring-beans-6.1.8.jar:6.1.8]
	at org.springframework.beans.factory.support.DefaultSingletonBeanRegistry.getSingleton(DefaultSingletonBeanRegistry.java:234) ~[spring-beans-6.1.8.jar:6.1.8]
	at org.springframework.beans.factory.support.AbstractBeanFactory.doGetBean(AbstractBeanFactory.java:335) ~[spring-beans-6.1.8.jar:6.1.8]
	at org.springframework.beans.factory.support.AbstractBeanFactory.getBean(AbstractBeanFactory.java:200) ~[spring-beans-6.1.8.jar:6.1.8]
	at org.springframework.beans.factory.config.DependencyDescriptor.resolveCandidate(DependencyDescriptor.java:254) ~[spring-beans-6.1.8.jar:6.1.8]
	at org.springframework.beans.factory.support.DefaultListableBeanFactory.doResolveDependency(DefaultListableBeanFactory.java:1443) ~[spring-beans-6.1.8.jar:6.1.8]
	at org.springframework.beans.factory.support.DefaultListableBeanFactory.resolveDependency(DefaultListableBeanFactory.java:1353) ~[spring-beans-6.1.8.jar:6.1.8]
	at org.springframework.beans.factory.support.ConstructorResolver.resolveAutowiredArgument(ConstructorResolver.java:904) ~[spring-beans-6.1.8.jar:6.1.8]
	at org.springframework.beans.factory.support.ConstructorResolver.createArgumentArray(ConstructorResolver.java:782) ~[spring-beans-6.1.8.jar:6.1.8]
	at org.springframework.beans.factory.support.ConstructorResolver.autowireConstructor(ConstructorResolver.java:237) ~[spring-beans-6.1.8.jar:6.1.8]
	at org.springframework.beans.factory.support.AbstractAutowireCapableBeanFactory.autowireConstructor(AbstractAutowireCapableBeanFactory.java:1357) ~[spring-beans-6.1.8.jar:6.1.8]
	at org.springframework.beans.factory.support.AbstractAutowireCapableBeanFactory.createBeanInstance(AbstractAutowireCapableBeanFactory.java:1194) ~[spring-beans-6.1.8.jar:6.1.8]
	at org.springframework.beans.factory.support.AbstractAutowireCapableBeanFactory.doCreateBean(AbstractAutowireCapableBeanFactory.java:562) ~[spring-beans-6.1.8.jar:6.1.8]
	at org.springframework.beans.factory.support.AbstractAutowireCapableBeanFactory.createBean(AbstractAutowireCapableBeanFactory.java:522) ~[spring-beans-6.1.8.jar:6.1.8]
	at org.springframework.beans.factory.support.AbstractBeanFactory.lambda$doGetBean$0(AbstractBeanFactory.java:337) ~[spring-beans-6.1.8.jar:6.1.8]
	at org.springframework.beans.factory.support.DefaultSingletonBeanRegistry.getSingleton(DefaultSingletonBeanRegistry.java:234) ~[spring-beans-6.1.8.jar:6.1.8]
	at org.springframework.beans.factory.support.AbstractBeanFactory.doGetBean(AbstractBeanFactory.java:335) ~[spring-beans-6.1.8.jar:6.1.8]
	at org.springframework.beans.factory.support.AbstractBeanFactory.getBean(AbstractBeanFactory.java:205) ~[spring-beans-6.1.8.jar:6.1.8]
	at org.springframework.boot.web.servlet.ServletContextInitializerBeans.getOrderedBeansOfType(ServletContextInitializerBeans.java:211) ~[spring-boot-3.3.0.jar:3.3.0]
	at org.springframework.boot.web.servlet.ServletContextInitializerBeans.addAsRegistrationBean(ServletContextInitializerBeans.java:174) ~[spring-boot-3.3.0.jar:3.3.0]
	at org.springframework.boot.web.servlet.ServletContextInitializerBeans.addAsRegistrationBean(ServletContextInitializerBeans.java:169) ~[spring-boot-3.3.0.jar:3.3.0]
	at org.springframework.boot.web.servlet.ServletContextInitializerBeans.addAdaptableBeans(ServletContextInitializerBeans.java:154) ~[spring-boot-3.3.0.jar:3.3.0]
	at org.springframework.boot.web.servlet.ServletContextInitializerBeans.<init>(ServletContextInitializerBeans.java:87) ~[spring-boot-3.3.0.jar:3.3.0]
	at org.springframework.boot.web.servlet.context.ServletWebServerApplicationContext.getServletContextInitializerBeans(ServletWebServerApplicationContext.java:266) ~[spring-boot-3.3.0.jar:3.3.0]
	at org.springframework.boot.web.servlet.context.ServletWebServerApplicationContext.selfInitialize(ServletWebServerApplicationContext.java:240) ~[spring-boot-3.3.0.jar:3.3.0]
	at org.springframework.boot.web.embedded.tomcat.TomcatStarter.onStartup(TomcatStarter.java:52) ~[spring-boot-3.3.0.jar:3.3.0]
	at org.apache.catalina.core.StandardContext.startInternal(StandardContext.java:4414) ~[tomcat-embed-core-10.1.24.jar:10.1.24]
	at org.apache.catalina.util.LifecycleBase.start(LifecycleBase.java:171) ~[tomcat-embed-core-10.1.24.jar:10.1.24]
	at org.apache.catalina.core.ContainerBase$StartChild.call(ContainerBase.java:1203) ~[tomcat-embed-core-10.1.24.jar:10.1.24]
	at org.apache.catalina.core.ContainerBase$StartChild.call(ContainerBase.java:1193) ~[tomcat-embed-core-10.1.24.jar:10.1.24]
	at java.base/java.util.concurrent.FutureTask.run(FutureTask.java:317) ~[na:na]
	at org.apache.tomcat.util.threads.InlineExecutorService.execute(InlineExecutorService.java:75) ~[tomcat-embed-core-10.1.24.jar:10.1.24]
	at java.base/java.util.concurrent.AbstractExecutorService.submit(AbstractExecutorService.java:145) ~[na:na]
	at org.apache.catalina.core.ContainerBase.startInternal(ContainerBase.java:749) ~[tomcat-embed-core-10.1.24.jar:10.1.24]
	at org.apache.catalina.core.StandardHost.startInternal(StandardHost.java:772) ~[tomcat-embed-core-10.1.24.jar:10.1.24]
	at org.apache.catalina.util.LifecycleBase.start(LifecycleBase.java:171) ~[tomcat-embed-core-10.1.24.jar:10.1.24]
	at org.apache.catalina.core.ContainerBase$StartChild.call(ContainerBase.java:1203) ~[tomcat-embed-core-10.1.24.jar:10.1.24]
	at org.apache.catalina.core.ContainerBase$StartChild.call(ContainerBase.java:1193) ~[tomcat-embed-core-10.1.24.jar:10.1.24]
	at java.base/java.util.concurrent.FutureTask.run(FutureTask.java:317) ~[na:na]
	at org.apache.tomcat.util.threads.InlineExecutorService.execute(InlineExecutorService.java:75) ~[tomcat-embed-core-10.1.24.jar:10.1.24]
	at java.base/java.util.concurrent.AbstractExecutorService.submit(AbstractExecutorService.java:145) ~[na:na]
	at org.apache.catalina.core.ContainerBase.startInternal(ContainerBase.java:749) ~[tomcat-embed-core-10.1.24.jar:10.1.24]
	at org.apache.catalina.core.StandardEngine.startInternal(StandardEngine.java:203) ~[tomcat-embed-core-10.1.24.jar:10.1.24]
	at org.apache.catalina.util.LifecycleBase.start(LifecycleBase.java:171) ~[tomcat-embed-core-10.1.24.jar:10.1.24]
	at org.apache.catalina.core.StandardService.startInternal(StandardService.java:415) ~[tomcat-embed-core-10.1.24.jar:10.1.24]
	at org.apache.catalina.util.LifecycleBase.start(LifecycleBase.java:171) ~[tomcat-embed-core-10.1.24.jar:10.1.24]
	at org.apache.catalina.core.StandardServer.startInternal(StandardServer.java:874) ~[tomcat-embed-core-10.1.24.jar:10.1.24]
	at org.apache.catalina.util.LifecycleBase.start(LifecycleBase.java:171) ~[tomcat-embed-core-10.1.24.jar:10.1.24]
	at org.apache.catalina.startup.Tomcat.start(Tomcat.java:437) ~[tomcat-embed-core-10.1.24.jar:10.1.24]
	at org.springframework.boot.web.embedded.tomcat.TomcatWebServer.initialize(TomcatWebServer.java:128) ~[spring-boot-3.3.0.jar:3.3.0]
	at org.springframework.boot.web.embedded.tomcat.TomcatWebServer.<init>(TomcatWebServer.java:107) ~[spring-boot-3.3.0.jar:3.3.0]
	at org.springframework.boot.web.embedded.tomcat.TomcatServletWebServerFactory.getTomcatWebServer(TomcatServletWebServerFactory.java:516) ~[spring-boot-3.3.0.jar:3.3.0]
	at org.springframework.boot.web.embedded.tomcat.TomcatServletWebServerFactory.getWebServer(TomcatServletWebServerFactory.java:222) ~[spring-boot-3.3.0.jar:3.3.0]
	at org.springframework.boot.web.servlet.context.ServletWebServerApplicationContext.createWebServer(ServletWebServerApplicationContext.java:188) ~[spring-boot-3.3.0.jar:3.3.0]
	at org.springframework.boot.web.servlet.context.ServletWebServerApplicationContext.onRefresh(ServletWebServerApplicationContext.java:162) ~[spring-boot-3.3.0.jar:3.3.0]
	at org.springframework.context.support.AbstractApplicationContext.refresh(AbstractApplicationContext.java:618) ~[spring-context-6.1.8.jar:6.1.8]
	at org.springframework.boot.web.servlet.context.ServletWebServerApplicationContext.refresh(ServletWebServerApplicationContext.java:146) ~[spring-boot-3.3.0.jar:3.3.0]
	at org.springframework.boot.SpringApplication.refresh(SpringApplication.java:754) ~[spring-boot-3.3.0.jar:3.3.0]
	at org.springframework.boot.SpringApplication.refreshContext(SpringApplication.java:456) ~[spring-boot-3.3.0.jar:3.3.0]
	at org.springframework.boot.SpringApplication.run(SpringApplication.java:335) ~[spring-boot-3.3.0.jar:3.3.0]
	at org.springframework.boot.SpringApplication.run(SpringApplication.java:1363) ~[spring-boot-3.3.0.jar:3.3.0]
	at org.springframework.boot.SpringApplication.run(SpringApplication.java:1352) ~[spring-boot-3.3.0.jar:3.3.0]
	at com.kce.project.SchoolServiceApplication.main(SchoolServiceApplication.java:11) ~[classes/:na]
Caused by: java.sql.SQLSyntaxErrorException: ORA-00955: name is already used by an existing object

	at oracle.jdbc.driver.T4CTTIoer11.processError(T4CTTIoer11.java:629) ~[ojdbc11-21.9.0.0.jar:21.9.0.0.0]
	at oracle.jdbc.driver.T4CTTIoer11.processError(T4CTTIoer11.java:563) ~[ojdbc11-21.9.0.0.jar:21.9.0.0.0]
	at oracle.jdbc.driver.T4C8Oall.processError(T4C8Oall.java:1230) ~[ojdbc11-21.9.0.0.jar:21.9.0.0.0]
	at oracle.jdbc.driver.T4CTTIfun.receive(T4CTTIfun.java:771) ~[ojdbc11-21.9.0.0.jar:21.9.0.0.0]
	at oracle.jdbc.driver.T4CTTIfun.doRPC(T4CTTIfun.java:298) ~[ojdbc11-21.9.0.0.jar:21.9.0.0.0]
	at oracle.jdbc.driver.T4C8Oall.doOALL(T4C8Oall.java:511) ~[ojdbc11-21.9.0.0.jar:21.9.0.0.0]
	at oracle.jdbc.driver.T4CStatement.doOall8(T4CStatement.java:122) ~[ojdbc11-21.9.0.0.jar:21.9.0.0.0]
	at oracle.jdbc.driver.T4CStatement.executeForRows(T4CStatement.java:1199) ~[ojdbc11-21.9.0.0.jar:21.9.0.0.0]
	at oracle.jdbc.driver.OracleStatement.executeSQLStatement(OracleStatement.java:1819) ~[ojdbc11-21.9.0.0.jar:21.9.0.0.0]
	at oracle.jdbc.driver.OracleStatement.doExecuteWithTimeout(OracleStatement.java:1471) ~[ojdbc11-21.9.0.0.jar:21.9.0.0.0]
	at oracle.jdbc.driver.OracleStatement.executeInternal(OracleStatement.java:2504) ~[ojdbc11-21.9.0.0.jar:21.9.0.0.0]
	at oracle.jdbc.driver.OracleStatement.execute(OracleStatement.java:2459) ~[ojdbc11-21.9.0.0.jar:21.9.0.0.0]
	at oracle.jdbc.driver.OracleStatementWrapper.execute(OracleStatementWrapper.java:327) ~[ojdbc11-21.9.0.0.jar:21.9.0.0.0]
	at com.zaxxer.hikari.pool.ProxyStatement.execute(ProxyStatement.java:94) ~[HikariCP-5.1.0.jar:na]
	at com.zaxxer.hikari.pool.HikariProxyStatement.execute(HikariProxyStatement.java) ~[HikariCP-5.1.0.jar:na]
	at org.hibernate.tool.schema.internal.exec.GenerationTargetToDatabase.accept(GenerationTargetToDatabase.java:80) ~[hibernate-core-6.5.2.Final.jar:6.5.2.Final]
	... 123 common frames omitted
Caused by: oracle.jdbc.OracleDatabaseException: ORA-00955: name is already used by an existing object

	at oracle.jdbc.driver.T4CTTIoer11.processError(T4CTTIoer11.java:636) ~[ojdbc11-21.9.0.0.jar:21.9.0.0.0]
	... 138 common frames omitted

Hibernate: create table assessments (assessment_id number(19,0) not null, created_at timestamp(6) not null, updated_at timestamp(6), duration number(10,0), passing_marks number(10,0), title varchar2(255 char) not null, total_marks number(10,0), simulation_id number(19,0), primary key (assessment_id))
2026-08-13T11:59:40.547+05:30  WARN 14516 --- [school-service] [           main] o.h.t.s.i.ExceptionHandlerLoggedImpl     : GenerationTarget encountered exception accepting command : Error executing DDL "create table assessments (assessment_id number(19,0) not null, created_at timestamp(6) not null, updated_at timestamp(6), duration number(10,0), passing_marks number(10,0), title varchar2(255 char) not null, total_marks number(10,0), simulation_id number(19,0), primary key (assessment_id))" via JDBC [ORA-00955: name is already used by an existing object
]

org.hibernate.tool.schema.spi.CommandAcceptanceException: Error executing DDL "create table assessments (assessment_id number(19,0) not null, created_at timestamp(6) not null, updated_at timestamp(6), duration number(10,0), passing_marks number(10,0), title varchar2(255 char) not null, total_marks number(10,0), simulation_id number(19,0), primary key (assessment_id))" via JDBC [ORA-00955: name is already used by an existing object
]
	at org.hibernate.tool.schema.internal.exec.GenerationTargetToDatabase.accept(GenerationTargetToDatabase.java:94) ~[hibernate-core-6.5.2.Final.jar:6.5.2.Final]
	at org.hibernate.tool.schema.internal.AbstractSchemaMigrator.applySqlString(AbstractSchemaMigrator.java:575) ~[hibernate-core-6.5.2.Final.jar:6.5.2.Final]
	at org.hibernate.tool.schema.internal.AbstractSchemaMigrator.applySqlStrings(AbstractSchemaMigrator.java:515) ~[hibernate-core-6.5.2.Final.jar:6.5.2.Final]
	at org.hibernate.tool.schema.internal.AbstractSchemaMigrator.createTable(AbstractSchemaMigrator.java:315) ~[hibernate-core-6.5.2.Final.jar:6.5.2.Final]
	at org.hibernate.tool.schema.internal.GroupedSchemaMigratorImpl.performTablesMigration(GroupedSchemaMigratorImpl.java:80) ~[hibernate-core-6.5.2.Final.jar:6.5.2.Final]
	at org.hibernate.tool.schema.internal.AbstractSchemaMigrator.performMigration(AbstractSchemaMigrator.java:232) ~[hibernate-core-6.5.2.Final.jar:6.5.2.Final]
	at org.hibernate.tool.schema.internal.AbstractSchemaMigrator.doMigration(AbstractSchemaMigrator.java:117) ~[hibernate-core-6.5.2.Final.jar:6.5.2.Final]
	at org.hibernate.tool.schema.spi.SchemaManagementToolCoordinator.performDatabaseAction(SchemaManagementToolCoordinator.java:280) ~[hibernate-core-6.5.2.Final.jar:6.5.2.Final]
	at org.hibernate.tool.schema.spi.SchemaManagementToolCoordinator.lambda$process$5(SchemaManagementToolCoordinator.java:144) ~[hibernate-core-6.5.2.Final.jar:6.5.2.Final]
	at java.base/java.util.HashMap.forEach(HashMap.java:1429) ~[na:na]
	at org.hibernate.tool.schema.spi.SchemaManagementToolCoordinator.process(SchemaManagementToolCoordinator.java:141) ~[hibernate-core-6.5.2.Final.jar:6.5.2.Final]
	at org.hibernate.boot.internal.SessionFactoryObserverForSchemaExport.sessionFactoryCreated(SessionFactoryObserverForSchemaExport.java:37) ~[hibernate-core-6.5.2.Final.jar:6.5.2.Final]
	at org.hibernate.internal.SessionFactoryObserverChain.sessionFactoryCreated(SessionFactoryObserverChain.java:35) ~[hibernate-core-6.5.2.Final.jar:6.5.2.Final]
	at org.hibernate.internal.SessionFactoryImpl.<init>(SessionFactoryImpl.java:322) ~[hibernate-core-6.5.2.Final.jar:6.5.2.Final]
	at org.hibernate.boot.internal.SessionFactoryBuilderImpl.build(SessionFactoryBuilderImpl.java:457) ~[hibernate-core-6.5.2.Final.jar:6.5.2.Final]
	at org.hibernate.jpa.boot.internal.EntityManagerFactoryBuilderImpl.build(EntityManagerFactoryBuilderImpl.java:1506) ~[hibernate-core-6.5.2.Final.jar:6.5.2.Final]
	at org.springframework.orm.jpa.vendor.SpringHibernateJpaPersistenceProvider.createContainerEntityManagerFactory(SpringHibernateJpaPersistenceProvider.java:75) ~[spring-orm-6.1.8.jar:6.1.8]
	at org.springframework.orm.jpa.LocalContainerEntityManagerFactoryBean.createNativeEntityManagerFactory(LocalContainerEntityManagerFactoryBean.java:390) ~[spring-orm-6.1.8.jar:6.1.8]
	at org.springframework.orm.jpa.AbstractEntityManagerFactoryBean.buildNativeEntityManagerFactory(AbstractEntityManagerFactoryBean.java:409) ~[spring-orm-6.1.8.jar:6.1.8]
	at org.springframework.orm.jpa.AbstractEntityManagerFactoryBean.afterPropertiesSet(AbstractEntityManagerFactoryBean.java:396) ~[spring-orm-6.1.8.jar:6.1.8]
	at org.springframework.orm.jpa.LocalContainerEntityManagerFactoryBean.afterPropertiesSet(LocalContainerEntityManagerFactoryBean.java:366) ~[spring-orm-6.1.8.jar:6.1.8]
	at org.springframework.beans.factory.support.AbstractAutowireCapableBeanFactory.invokeInitMethods(AbstractAutowireCapableBeanFactory.java:1835) ~[spring-beans-6.1.8.jar:6.1.8]
	at org.springframework.beans.factory.support.AbstractAutowireCapableBeanFactory.initializeBean(AbstractAutowireCapableBeanFactory.java:1784) ~[spring-beans-6.1.8.jar:6.1.8]
	at org.springframework.beans.factory.support.AbstractAutowireCapableBeanFactory.doCreateBean(AbstractAutowireCapableBeanFactory.java:600) ~[spring-beans-6.1.8.jar:6.1.8]
	at org.springframework.beans.factory.support.AbstractAutowireCapableBeanFactory.createBean(AbstractAutowireCapableBeanFactory.java:522) ~[spring-beans-6.1.8.jar:6.1.8]
	at org.springframework.beans.factory.support.AbstractBeanFactory.lambda$doGetBean$0(AbstractBeanFactory.java:337) ~[spring-beans-6.1.8.jar:6.1.8]
	at org.springframework.beans.factory.support.DefaultSingletonBeanRegistry.getSingleton(DefaultSingletonBeanRegistry.java:234) ~[spring-beans-6.1.8.jar:6.1.8]
	at org.springframework.beans.factory.support.AbstractBeanFactory.doGetBean(AbstractBeanFactory.java:335) ~[spring-beans-6.1.8.jar:6.1.8]
	at org.springframework.beans.factory.support.AbstractBeanFactory.getBean(AbstractBeanFactory.java:200) ~[spring-beans-6.1.8.jar:6.1.8]
	at org.springframework.beans.factory.support.BeanDefinitionValueResolver.resolveReference(BeanDefinitionValueResolver.java:365) ~[spring-beans-6.1.8.jar:6.1.8]
	at org.springframework.beans.factory.support.BeanDefinitionValueResolver.resolveValueIfNecessary(BeanDefinitionValueResolver.java:135) ~[spring-beans-6.1.8.jar:6.1.8]
	at org.springframework.beans.factory.support.ConstructorResolver.resolveConstructorArguments(ConstructorResolver.java:682) ~[spring-beans-6.1.8.jar:6.1.8]
	at org.springframework.beans.factory.support.ConstructorResolver.instantiateUsingFactoryMethod(ConstructorResolver.java:509) ~[spring-beans-6.1.8.jar:6.1.8]
	at org.springframework.beans.factory.support.AbstractAutowireCapableBeanFactory.instantiateUsingFactoryMethod(AbstractAutowireCapableBeanFactory.java:1337) ~[spring-beans-6.1.8.jar:6.1.8]
	at org.springframework.beans.factory.support.AbstractAutowireCapableBeanFactory.createBeanInstance(AbstractAutowireCapableBeanFactory.java:1167) ~[spring-beans-6.1.8.jar:6.1.8]
	at org.springframework.beans.factory.support.AbstractAutowireCapableBeanFactory.doCreateBean(AbstractAutowireCapableBeanFactory.java:562) ~[spring-beans-6.1.8.jar:6.1.8]
	at org.springframework.beans.factory.support.AbstractAutowireCapableBeanFactory.createBean(AbstractAutowireCapableBeanFactory.java:522) ~[spring-beans-6.1.8.jar:6.1.8]
	at org.springframework.beans.factory.support.AbstractBeanFactory.lambda$doGetBean$0(AbstractBeanFactory.java:337) ~[spring-beans-6.1.8.jar:6.1.8]
	at org.springframework.beans.factory.support.DefaultSingletonBeanRegistry.getSingleton(DefaultSingletonBeanRegistry.java:234) ~[spring-beans-6.1.8.jar:6.1.8]
	at org.springframework.beans.factory.support.AbstractBeanFactory.doGetBean(AbstractBeanFactory.java:335) ~[spring-beans-6.1.8.jar:6.1.8]
	at org.springframework.beans.factory.support.AbstractBeanFactory.getBean(AbstractBeanFactory.java:200) ~[spring-beans-6.1.8.jar:6.1.8]
	at org.springframework.beans.factory.support.BeanDefinitionValueResolver.resolveReference(BeanDefinitionValueResolver.java:365) ~[spring-beans-6.1.8.jar:6.1.8]
	at org.springframework.beans.factory.support.BeanDefinitionValueResolver.resolveValueIfNecessary(BeanDefinitionValueResolver.java:135) ~[spring-beans-6.1.8.jar:6.1.8]
	at org.springframework.beans.factory.support.AbstractAutowireCapableBeanFactory.applyPropertyValues(AbstractAutowireCapableBeanFactory.java:1687) ~[spring-beans-6.1.8.jar:6.1.8]
	at org.springframework.beans.factory.support.AbstractAutowireCapableBeanFactory.populateBean(AbstractAutowireCapableBeanFactory.java:1436) ~[spring-beans-6.1.8.jar:6.1.8]
	at org.springframework.beans.factory.support.AbstractAutowireCapableBeanFactory.doCreateBean(AbstractAutowireCapableBeanFactory.java:599) ~[spring-beans-6.1.8.jar:6.1.8]
	at org.springframework.beans.factory.support.AbstractAutowireCapableBeanFactory.createBean(AbstractAutowireCapableBeanFactory.java:522) ~[spring-beans-6.1.8.jar:6.1.8]
	at org.springframework.beans.factory.support.AbstractBeanFactory.lambda$doGetBean$0(AbstractBeanFactory.java:337) ~[spring-beans-6.1.8.jar:6.1.8]
	at org.springframework.beans.factory.support.DefaultSingletonBeanRegistry.getSingleton(DefaultSingletonBeanRegistry.java:234) ~[spring-beans-6.1.8.jar:6.1.8]
	at org.springframework.beans.factory.support.AbstractBeanFactory.doGetBean(AbstractBeanFactory.java:335) ~[spring-beans-6.1.8.jar:6.1.8]
	at org.springframework.beans.factory.support.AbstractBeanFactory.getBean(AbstractBeanFactory.java:200) ~[spring-beans-6.1.8.jar:6.1.8]
	at org.springframework.beans.factory.config.DependencyDescriptor.resolveCandidate(DependencyDescriptor.java:254) ~[spring-beans-6.1.8.jar:6.1.8]
	at org.springframework.beans.factory.support.DefaultListableBeanFactory.doResolveDependency(DefaultListableBeanFactory.java:1443) ~[spring-beans-6.1.8.jar:6.1.8]
	at org.springframework.beans.factory.support.DefaultListableBeanFactory.resolveDependency(DefaultListableBeanFactory.java:1353) ~[spring-beans-6.1.8.jar:6.1.8]
	at org.springframework.beans.factory.support.ConstructorResolver.resolveAutowiredArgument(ConstructorResolver.java:904) ~[spring-beans-6.1.8.jar:6.1.8]
	at org.springframework.beans.factory.support.ConstructorResolver.createArgumentArray(ConstructorResolver.java:782) ~[spring-beans-6.1.8.jar:6.1.8]
	at org.springframework.beans.factory.support.ConstructorResolver.autowireConstructor(ConstructorResolver.java:237) ~[spring-beans-6.1.8.jar:6.1.8]
	at org.springframework.beans.factory.support.AbstractAutowireCapableBeanFactory.autowireConstructor(AbstractAutowireCapableBeanFactory.java:1357) ~[spring-beans-6.1.8.jar:6.1.8]
	at org.springframework.beans.factory.support.AbstractAutowireCapableBeanFactory.createBeanInstance(AbstractAutowireCapableBeanFactory.java:1194) ~[spring-beans-6.1.8.jar:6.1.8]
	at org.springframework.beans.factory.support.AbstractAutowireCapableBeanFactory.doCreateBean(AbstractAutowireCapableBeanFactory.java:562) ~[spring-beans-6.1.8.jar:6.1.8]
	at org.springframework.beans.factory.support.AbstractAutowireCapableBeanFactory.createBean(AbstractAutowireCapableBeanFactory.java:522) ~[spring-beans-6.1.8.jar:6.1.8]
	at org.springframework.beans.factory.support.AbstractBeanFactory.lambda$doGetBean$0(AbstractBeanFactory.java:337) ~[spring-beans-6.1.8.jar:6.1.8]
	at org.springframework.beans.factory.support.DefaultSingletonBeanRegistry.getSingleton(DefaultSingletonBeanRegistry.java:234) ~[spring-beans-6.1.8.jar:6.1.8]
	at org.springframework.beans.factory.support.AbstractBeanFactory.doGetBean(AbstractBeanFactory.java:335) ~[spring-beans-6.1.8.jar:6.1.8]
	at org.springframework.beans.factory.support.AbstractBeanFactory.getBean(AbstractBeanFactory.java:200) ~[spring-beans-6.1.8.jar:6.1.8]
	at org.springframework.beans.factory.config.DependencyDescriptor.resolveCandidate(DependencyDescriptor.java:254) ~[spring-beans-6.1.8.jar:6.1.8]
	at org.springframework.beans.factory.support.DefaultListableBeanFactory.doResolveDependency(DefaultListableBeanFactory.java:1443) ~[spring-beans-6.1.8.jar:6.1.8]
	at org.springframework.beans.factory.support.DefaultListableBeanFactory.resolveDependency(DefaultListableBeanFactory.java:1353) ~[spring-beans-6.1.8.jar:6.1.8]
	at org.springframework.beans.factory.support.ConstructorResolver.resolveAutowiredArgument(ConstructorResolver.java:904) ~[spring-beans-6.1.8.jar:6.1.8]
	at org.springframework.beans.factory.support.ConstructorResolver.createArgumentArray(ConstructorResolver.java:782) ~[spring-beans-6.1.8.jar:6.1.8]
	at org.springframework.beans.factory.support.ConstructorResolver.autowireConstructor(ConstructorResolver.java:237) ~[spring-beans-6.1.8.jar:6.1.8]
	at org.springframework.beans.factory.support.AbstractAutowireCapableBeanFactory.autowireConstructor(AbstractAutowireCapableBeanFactory.java:1357) ~[spring-beans-6.1.8.jar:6.1.8]
	at org.springframework.beans.factory.support.AbstractAutowireCapableBeanFactory.createBeanInstance(AbstractAutowireCapableBeanFactory.java:1194) ~[spring-beans-6.1.8.jar:6.1.8]
	at org.springframework.beans.factory.support.AbstractAutowireCapableBeanFactory.doCreateBean(AbstractAutowireCapableBeanFactory.java:562) ~[spring-beans-6.1.8.jar:6.1.8]
	at org.springframework.beans.factory.support.AbstractAutowireCapableBeanFactory.createBean(AbstractAutowireCapableBeanFactory.java:522) ~[spring-beans-6.1.8.jar:6.1.8]
	at org.springframework.beans.factory.support.AbstractBeanFactory.lambda$doGetBean$0(AbstractBeanFactory.java:337) ~[spring-beans-6.1.8.jar:6.1.8]
	at org.springframework.beans.factory.support.DefaultSingletonBeanRegistry.getSingleton(DefaultSingletonBeanRegistry.java:234) ~[spring-beans-6.1.8.jar:6.1.8]
	at org.springframework.beans.factory.support.AbstractBeanFactory.doGetBean(AbstractBeanFactory.java:335) ~[spring-beans-6.1.8.jar:6.1.8]
	at org.springframework.beans.factory.support.AbstractBeanFactory.getBean(AbstractBeanFactory.java:205) ~[spring-beans-6.1.8.jar:6.1.8]
	at org.springframework.boot.web.servlet.ServletContextInitializerBeans.getOrderedBeansOfType(ServletContextInitializerBeans.java:211) ~[spring-boot-3.3.0.jar:3.3.0]
	at org.springframework.boot.web.servlet.ServletContextInitializerBeans.addAsRegistrationBean(ServletContextInitializerBeans.java:174) ~[spring-boot-3.3.0.jar:3.3.0]
	at org.springframework.boot.web.servlet.ServletContextInitializerBeans.addAsRegistrationBean(ServletContextInitializerBeans.java:169) ~[spring-boot-3.3.0.jar:3.3.0]
	at org.springframework.boot.web.servlet.ServletContextInitializerBeans.addAdaptableBeans(ServletContextInitializerBeans.java:154) ~[spring-boot-3.3.0.jar:3.3.0]
	at org.springframework.boot.web.servlet.ServletContextInitializerBeans.<init>(ServletContextInitializerBeans.java:87) ~[spring-boot-3.3.0.jar:3.3.0]
	at org.springframework.boot.web.servlet.context.ServletWebServerApplicationContext.getServletContextInitializerBeans(ServletWebServerApplicationContext.java:266) ~[spring-boot-3.3.0.jar:3.3.0]
	at org.springframework.boot.web.servlet.context.ServletWebServerApplicationContext.selfInitialize(ServletWebServerApplicationContext.java:240) ~[spring-boot-3.3.0.jar:3.3.0]
	at org.springframework.boot.web.embedded.tomcat.TomcatStarter.onStartup(TomcatStarter.java:52) ~[spring-boot-3.3.0.jar:3.3.0]
	at org.apache.catalina.core.StandardContext.startInternal(StandardContext.java:4414) ~[tomcat-embed-core-10.1.24.jar:10.1.24]
	at org.apache.catalina.util.LifecycleBase.start(LifecycleBase.java:171) ~[tomcat-embed-core-10.1.24.jar:10.1.24]
	at org.apache.catalina.core.ContainerBase$StartChild.call(ContainerBase.java:1203) ~[tomcat-embed-core-10.1.24.jar:10.1.24]
	at org.apache.catalina.core.ContainerBase$StartChild.call(ContainerBase.java:1193) ~[tomcat-embed-core-10.1.24.jar:10.1.24]
	at java.base/java.util.concurrent.FutureTask.run(FutureTask.java:317) ~[na:na]
	at org.apache.tomcat.util.threads.InlineExecutorService.execute(InlineExecutorService.java:75) ~[tomcat-embed-core-10.1.24.jar:10.1.24]
	at java.base/java.util.concurrent.AbstractExecutorService.submit(AbstractExecutorService.java:145) ~[na:na]
	at org.apache.catalina.core.ContainerBase.startInternal(ContainerBase.java:749) ~[tomcat-embed-core-10.1.24.jar:10.1.24]
	at org.apache.catalina.core.StandardHost.startInternal(StandardHost.java:772) ~[tomcat-embed-core-10.1.24.jar:10.1.24]
	at org.apache.catalina.util.LifecycleBase.start(LifecycleBase.java:171) ~[tomcat-embed-core-10.1.24.jar:10.1.24]
	at org.apache.catalina.core.ContainerBase$StartChild.call(ContainerBase.java:1203) ~[tomcat-embed-core-10.1.24.jar:10.1.24]
	at org.apache.catalina.core.ContainerBase$StartChild.call(ContainerBase.java:1193) ~[tomcat-embed-core-10.1.24.jar:10.1.24]
	at java.base/java.util.concurrent.FutureTask.run(FutureTask.java:317) ~[na:na]
	at org.apache.tomcat.util.threads.InlineExecutorService.execute(InlineExecutorService.java:75) ~[tomcat-embed-core-10.1.24.jar:10.1.24]
	at java.base/java.util.concurrent.AbstractExecutorService.submit(AbstractExecutorService.java:145) ~[na:na]
	at org.apache.catalina.core.ContainerBase.startInternal(ContainerBase.java:749) ~[tomcat-embed-core-10.1.24.jar:10.1.24]
	at org.apache.catalina.core.StandardEngine.startInternal(StandardEngine.java:203) ~[tomcat-embed-core-10.1.24.jar:10.1.24]
	at org.apache.catalina.util.LifecycleBase.start(LifecycleBase.java:171) ~[tomcat-embed-core-10.1.24.jar:10.1.24]
	at org.apache.catalina.core.StandardService.startInternal(StandardService.java:415) ~[tomcat-embed-core-10.1.24.jar:10.1.24]
	at org.apache.catalina.util.LifecycleBase.start(LifecycleBase.java:171) ~[tomcat-embed-core-10.1.24.jar:10.1.24]
	at org.apache.catalina.core.StandardServer.startInternal(StandardServer.java:874) ~[tomcat-embed-core-10.1.24.jar:10.1.24]
	at org.apache.catalina.util.LifecycleBase.start(LifecycleBase.java:171) ~[tomcat-embed-core-10.1.24.jar:10.1.24]
	at org.apache.catalina.startup.Tomcat.start(Tomcat.java:437) ~[tomcat-embed-core-10.1.24.jar:10.1.24]
	at org.springframework.boot.web.embedded.tomcat.TomcatWebServer.initialize(TomcatWebServer.java:128) ~[spring-boot-3.3.0.jar:3.3.0]
	at org.springframework.boot.web.embedded.tomcat.TomcatWebServer.<init>(TomcatWebServer.java:107) ~[spring-boot-3.3.0.jar:3.3.0]
	at org.springframework.boot.web.embedded.tomcat.TomcatServletWebServerFactory.getTomcatWebServer(TomcatServletWebServerFactory.java:516) ~[spring-boot-3.3.0.jar:3.3.0]
	at org.springframework.boot.web.embedded.tomcat.TomcatServletWebServerFactory.getWebServer(TomcatServletWebServerFactory.java:222) ~[spring-boot-3.3.0.jar:3.3.0]
	at org.springframework.boot.web.servlet.context.ServletWebServerApplicationContext.createWebServer(ServletWebServerApplicationContext.java:188) ~[spring-boot-3.3.0.jar:3.3.0]
	at org.springframework.boot.web.servlet.context.ServletWebServerApplicationContext.onRefresh(ServletWebServerApplicationContext.java:162) ~[spring-boot-3.3.0.jar:3.3.0]
	at org.springframework.context.support.AbstractApplicationContext.refresh(AbstractApplicationContext.java:618) ~[spring-context-6.1.8.jar:6.1.8]
	at org.springframework.boot.web.servlet.context.ServletWebServerApplicationContext.refresh(ServletWebServerApplicationContext.java:146) ~[spring-boot-3.3.0.jar:3.3.0]
	at org.springframework.boot.SpringApplication.refresh(SpringApplication.java:754) ~[spring-boot-3.3.0.jar:3.3.0]
	at org.springframework.boot.SpringApplication.refreshContext(SpringApplication.java:456) ~[spring-boot-3.3.0.jar:3.3.0]
	at org.springframework.boot.SpringApplication.run(SpringApplication.java:335) ~[spring-boot-3.3.0.jar:3.3.0]
	at org.springframework.boot.SpringApplication.run(SpringApplication.java:1363) ~[spring-boot-3.3.0.jar:3.3.0]
	at org.springframework.boot.SpringApplication.run(SpringApplication.java:1352) ~[spring-boot-3.3.0.jar:3.3.0]
	at com.kce.project.SchoolServiceApplication.main(SchoolServiceApplication.java:11) ~[classes/:na]
Caused by: java.sql.SQLSyntaxErrorException: ORA-00955: name is already used by an existing object

	at oracle.jdbc.driver.T4CTTIoer11.processError(T4CTTIoer11.java:629) ~[ojdbc11-21.9.0.0.jar:21.9.0.0.0]
	at oracle.jdbc.driver.T4CTTIoer11.processError(T4CTTIoer11.java:563) ~[ojdbc11-21.9.0.0.jar:21.9.0.0.0]
	at oracle.jdbc.driver.T4C8Oall.processError(T4C8Oall.java:1230) ~[ojdbc11-21.9.0.0.jar:21.9.0.0.0]
	at oracle.jdbc.driver.T4CTTIfun.receive(T4CTTIfun.java:771) ~[ojdbc11-21.9.0.0.jar:21.9.0.0.0]
	at oracle.jdbc.driver.T4CTTIfun.doRPC(T4CTTIfun.java:298) ~[ojdbc11-21.9.0.0.jar:21.9.0.0.0]
	at oracle.jdbc.driver.T4C8Oall.doOALL(T4C8Oall.java:511) ~[ojdbc11-21.9.0.0.jar:21.9.0.0.0]
	at oracle.jdbc.driver.T4CStatement.doOall8(T4CStatement.java:122) ~[ojdbc11-21.9.0.0.jar:21.9.0.0.0]
	at oracle.jdbc.driver.T4CStatement.executeForRows(T4CStatement.java:1199) ~[ojdbc11-21.9.0.0.jar:21.9.0.0.0]
	at oracle.jdbc.driver.OracleStatement.executeSQLStatement(OracleStatement.java:1819) ~[ojdbc11-21.9.0.0.jar:21.9.0.0.0]
	at oracle.jdbc.driver.OracleStatement.doExecuteWithTimeout(OracleStatement.java:1471) ~[ojdbc11-21.9.0.0.jar:21.9.0.0.0]
	at oracle.jdbc.driver.OracleStatement.executeInternal(OracleStatement.java:2504) ~[ojdbc11-21.9.0.0.jar:21.9.0.0.0]
	at oracle.jdbc.driver.OracleStatement.execute(OracleStatement.java:2459) ~[ojdbc11-21.9.0.0.jar:21.9.0.0.0]
	at oracle.jdbc.driver.OracleStatementWrapper.execute(OracleStatementWrapper.java:327) ~[ojdbc11-21.9.0.0.jar:21.9.0.0.0]
	at com.zaxxer.hikari.pool.ProxyStatement.execute(ProxyStatement.java:94) ~[HikariCP-5.1.0.jar:na]
	at com.zaxxer.hikari.pool.HikariProxyStatement.execute(HikariProxyStatement.java) ~[HikariCP-5.1.0.jar:na]
	at org.hibernate.tool.schema.internal.exec.GenerationTargetToDatabase.accept(GenerationTargetToDatabase.java:80) ~[hibernate-core-6.5.2.Final.jar:6.5.2.Final]
	... 123 common frames omitted
Caused by: oracle.jdbc.OracleDatabaseException: ORA-00955: name is already used by an existing object

	at oracle.jdbc.driver.T4CTTIoer11.processError(T4CTTIoer11.java:636) ~[ojdbc11-21.9.0.0.jar:21.9.0.0.0]
	... 138 common frames omitted

Hibernate: create table assignments (assignment_id number(19,0) not null, created_at timestamp(6) not null, updated_at timestamp(6), assigned_date date, due_date date, instructions varchar2(500 char), status varchar2(255 char) check (status in ('PENDING','IN_PROGRESS','COMPLETED','OVERDUE')), class_id number(19,0), simulation_id number(19,0), teacher_id number(19,0), primary key (assignment_id))
2026-08-13T11:59:40.564+05:30  WARN 14516 --- [school-service] [           main] o.h.t.s.i.ExceptionHandlerLoggedImpl     : GenerationTarget encountered exception accepting command : Error executing DDL "create table assignments (assignment_id number(19,0) not null, created_at timestamp(6) not null, updated_at timestamp(6), assigned_date date, due_date date, instructions varchar2(500 char), status varchar2(255 char) check (status in ('PENDING','IN_PROGRESS','COMPLETED','OVERDUE')), class_id number(19,0), simulation_id number(19,0), teacher_id number(19,0), primary key (assignment_id))" via JDBC [ORA-00955: name is already used by an existing object
]

org.hibernate.tool.schema.spi.CommandAcceptanceException: Error executing DDL "create table assignments (assignment_id number(19,0) not null, created_at timestamp(6) not null, updated_at timestamp(6), assigned_date date, due_date date, instructions varchar2(500 char), status varchar2(255 char) check (status in ('PENDING','IN_PROGRESS','COMPLETED','OVERDUE')), class_id number(19,0), simulation_id number(19,0), teacher_id number(19,0), primary key (assignment_id))" via JDBC [ORA-00955: name is already used by an existing object
]
	at org.hibernate.tool.schema.internal.exec.GenerationTargetToDatabase.accept(GenerationTargetToDatabase.java:94) ~[hibernate-core-6.5.2.Final.jar:6.5.2.Final]
	at org.hibernate.tool.schema.internal.AbstractSchemaMigrator.applySqlString(AbstractSchemaMigrator.java:575) ~[hibernate-core-6.5.2.Final.jar:6.5.2.Final]
	at org.hibernate.tool.schema.internal.AbstractSchemaMigrator.applySqlStrings(AbstractSchemaMigrator.java:515) ~[hibernate-core-6.5.2.Final.jar:6.5.2.Final]
	at org.hibernate.tool.schema.internal.AbstractSchemaMigrator.createTable(AbstractSchemaMigrator.java:315) ~[hibernate-core-6.5.2.Final.jar:6.5.2.Final]
	at org.hibernate.tool.schema.internal.GroupedSchemaMigratorImpl.performTablesMigration(GroupedSchemaMigratorImpl.java:80) ~[hibernate-core-6.5.2.Final.jar:6.5.2.Final]
	at org.hibernate.tool.schema.internal.AbstractSchemaMigrator.performMigration(AbstractSchemaMigrator.java:232) ~[hibernate-core-6.5.2.Final.jar:6.5.2.Final]
	at org.hibernate.tool.schema.internal.AbstractSchemaMigrator.doMigration(AbstractSchemaMigrator.java:117) ~[hibernate-core-6.5.2.Final.jar:6.5.2.Final]
	at org.hibernate.tool.schema.spi.SchemaManagementToolCoordinator.performDatabaseAction(SchemaManagementToolCoordinator.java:280) ~[hibernate-core-6.5.2.Final.jar:6.5.2.Final]
	at org.hibernate.tool.schema.spi.SchemaManagementToolCoordinator.lambda$process$5(SchemaManagementToolCoordinator.java:144) ~[hibernate-core-6.5.2.Final.jar:6.5.2.Final]
	at java.base/java.util.HashMap.forEach(HashMap.java:1429) ~[na:na]
	at org.hibernate.tool.schema.spi.SchemaManagementToolCoordinator.process(SchemaManagementToolCoordinator.java:141) ~[hibernate-core-6.5.2.Final.jar:6.5.2.Final]
	at org.hibernate.boot.internal.SessionFactoryObserverForSchemaExport.sessionFactoryCreated(SessionFactoryObserverForSchemaExport.java:37) ~[hibernate-core-6.5.2.Final.jar:6.5.2.Final]
	at org.hibernate.internal.SessionFactoryObserverChain.sessionFactoryCreated(SessionFactoryObserverChain.java:35) ~[hibernate-core-6.5.2.Final.jar:6.5.2.Final]
	at org.hibernate.internal.SessionFactoryImpl.<init>(SessionFactoryImpl.java:322) ~[hibernate-core-6.5.2.Final.jar:6.5.2.Final]
	at org.hibernate.boot.internal.SessionFactoryBuilderImpl.build(SessionFactoryBuilderImpl.java:457) ~[hibernate-core-6.5.2.Final.jar:6.5.2.Final]
	at org.hibernate.jpa.boot.internal.EntityManagerFactoryBuilderImpl.build(EntityManagerFactoryBuilderImpl.java:1506) ~[hibernate-core-6.5.2.Final.jar:6.5.2.Final]
	at org.springframework.orm.jpa.vendor.SpringHibernateJpaPersistenceProvider.createContainerEntityManagerFactory(SpringHibernateJpaPersistenceProvider.java:75) ~[spring-orm-6.1.8.jar:6.1.8]
	at org.springframework.orm.jpa.LocalContainerEntityManagerFactoryBean.createNativeEntityManagerFactory(LocalContainerEntityManagerFactoryBean.java:390) ~[spring-orm-6.1.8.jar:6.1.8]
	at org.springframework.orm.jpa.AbstractEntityManagerFactoryBean.buildNativeEntityManagerFactory(AbstractEntityManagerFactoryBean.java:409) ~[spring-orm-6.1.8.jar:6.1.8]
	at org.springframework.orm.jpa.AbstractEntityManagerFactoryBean.afterPropertiesSet(AbstractEntityManagerFactoryBean.java:396) ~[spring-orm-6.1.8.jar:6.1.8]
	at org.springframework.orm.jpa.LocalContainerEntityManagerFactoryBean.afterPropertiesSet(LocalContainerEntityManagerFactoryBean.java:366) ~[spring-orm-6.1.8.jar:6.1.8]
	at org.springframework.beans.factory.support.AbstractAutowireCapableBeanFactory.invokeInitMethods(AbstractAutowireCapableBeanFactory.java:1835) ~[spring-beans-6.1.8.jar:6.1.8]
	at org.springframework.beans.factory.support.AbstractAutowireCapableBeanFactory.initializeBean(AbstractAutowireCapableBeanFactory.java:1784) ~[spring-beans-6.1.8.jar:6.1.8]
	at org.springframework.beans.factory.support.AbstractAutowireCapableBeanFactory.doCreateBean(AbstractAutowireCapableBeanFactory.java:600) ~[spring-beans-6.1.8.jar:6.1.8]
	at org.springframework.beans.factory.support.AbstractAutowireCapableBeanFactory.createBean(AbstractAutowireCapableBeanFactory.java:522) ~[spring-beans-6.1.8.jar:6.1.8]
	at org.springframework.beans.factory.support.AbstractBeanFactory.lambda$doGetBean$0(AbstractBeanFactory.java:337) ~[spring-beans-6.1.8.jar:6.1.8]
	at org.springframework.beans.factory.support.DefaultSingletonBeanRegistry.getSingleton(DefaultSingletonBeanRegistry.java:234) ~[spring-beans-6.1.8.jar:6.1.8]
	at org.springframework.beans.factory.support.AbstractBeanFactory.doGetBean(AbstractBeanFactory.java:335) ~[spring-beans-6.1.8.jar:6.1.8]
	at org.springframework.beans.factory.support.AbstractBeanFactory.getBean(AbstractBeanFactory.java:200) ~[spring-beans-6.1.8.jar:6.1.8]
	at org.springframework.beans.factory.support.BeanDefinitionValueResolver.resolveReference(BeanDefinitionValueResolver.java:365) ~[spring-beans-6.1.8.jar:6.1.8]
	at org.springframework.beans.factory.support.BeanDefinitionValueResolver.resolveValueIfNecessary(BeanDefinitionValueResolver.java:135) ~[spring-beans-6.1.8.jar:6.1.8]
	at org.springframework.beans.factory.support.ConstructorResolver.resolveConstructorArguments(ConstructorResolver.java:682) ~[spring-beans-6.1.8.jar:6.1.8]
	at org.springframework.beans.factory.support.ConstructorResolver.instantiateUsingFactoryMethod(ConstructorResolver.java:509) ~[spring-beans-6.1.8.jar:6.1.8]
	at org.springframework.beans.factory.support.AbstractAutowireCapableBeanFactory.instantiateUsingFactoryMethod(AbstractAutowireCapableBeanFactory.java:1337) ~[spring-beans-6.1.8.jar:6.1.8]
	at org.springframework.beans.factory.support.AbstractAutowireCapableBeanFactory.createBeanInstance(AbstractAutowireCapableBeanFactory.java:1167) ~[spring-beans-6.1.8.jar:6.1.8]
	at org.springframework.beans.factory.support.AbstractAutowireCapableBeanFactory.doCreateBean(AbstractAutowireCapableBeanFactory.java:562) ~[spring-beans-6.1.8.jar:6.1.8]
	at org.springframework.beans.factory.support.AbstractAutowireCapableBeanFactory.createBean(AbstractAutowireCapableBeanFactory.java:522) ~[spring-beans-6.1.8.jar:6.1.8]
	at org.springframework.beans.factory.support.AbstractBeanFactory.lambda$doGetBean$0(AbstractBeanFactory.java:337) ~[spring-beans-6.1.8.jar:6.1.8]
	at org.springframework.beans.factory.support.DefaultSingletonBeanRegistry.getSingleton(DefaultSingletonBeanRegistry.java:234) ~[spring-beans-6.1.8.jar:6.1.8]
	at org.springframework.beans.factory.support.AbstractBeanFactory.doGetBean(AbstractBeanFactory.java:335) ~[spring-beans-6.1.8.jar:6.1.8]
	at org.springframework.beans.factory.support.AbstractBeanFactory.getBean(AbstractBeanFactory.java:200) ~[spring-beans-6.1.8.jar:6.1.8]
	at org.springframework.beans.factory.support.BeanDefinitionValueResolver.resolveReference(BeanDefinitionValueResolver.java:365) ~[spring-beans-6.1.8.jar:6.1.8]
	at org.springframework.beans.factory.support.BeanDefinitionValueResolver.resolveValueIfNecessary(BeanDefinitionValueResolver.java:135) ~[spring-beans-6.1.8.jar:6.1.8]
	at org.springframework.beans.factory.support.AbstractAutowireCapableBeanFactory.applyPropertyValues(AbstractAutowireCapableBeanFactory.java:1687) ~[spring-beans-6.1.8.jar:6.1.8]
	at org.springframework.beans.factory.support.AbstractAutowireCapableBeanFactory.populateBean(AbstractAutowireCapableBeanFactory.java:1436) ~[spring-beans-6.1.8.jar:6.1.8]
	at org.springframework.beans.factory.support.AbstractAutowireCapableBeanFactory.doCreateBean(AbstractAutowireCapableBeanFactory.java:599) ~[spring-beans-6.1.8.jar:6.1.8]
	at org.springframework.beans.factory.support.AbstractAutowireCapableBeanFactory.createBean(AbstractAutowireCapableBeanFactory.java:522) ~[spring-beans-6.1.8.jar:6.1.8]
	at org.springframework.beans.factory.support.AbstractBeanFactory.lambda$doGetBean$0(AbstractBeanFactory.java:337) ~[spring-beans-6.1.8.jar:6.1.8]
	at org.springframework.beans.factory.support.DefaultSingletonBeanRegistry.getSingleton(DefaultSingletonBeanRegistry.java:234) ~[spring-beans-6.1.8.jar:6.1.8]
	at org.springframework.beans.factory.support.AbstractBeanFactory.doGetBean(AbstractBeanFactory.java:335) ~[spring-beans-6.1.8.jar:6.1.8]
	at org.springframework.beans.factory.support.AbstractBeanFactory.getBean(AbstractBeanFactory.java:200) ~[spring-beans-6.1.8.jar:6.1.8]
	at org.springframework.beans.factory.config.DependencyDescriptor.resolveCandidate(DependencyDescriptor.java:254) ~[spring-beans-6.1.8.jar:6.1.8]
	at org.springframework.beans.factory.support.DefaultListableBeanFactory.doResolveDependency(DefaultListableBeanFactory.java:1443) ~[spring-beans-6.1.8.jar:6.1.8]
	at org.springframework.beans.factory.support.DefaultListableBeanFactory.resolveDependency(DefaultListableBeanFactory.java:1353) ~[spring-beans-6.1.8.jar:6.1.8]
	at org.springframework.beans.factory.support.ConstructorResolver.resolveAutowiredArgument(ConstructorResolver.java:904) ~[spring-beans-6.1.8.jar:6.1.8]
	at org.springframework.beans.factory.support.ConstructorResolver.createArgumentArray(ConstructorResolver.java:782) ~[spring-beans-6.1.8.jar:6.1.8]
	at org.springframework.beans.factory.support.ConstructorResolver.autowireConstructor(ConstructorResolver.java:237) ~[spring-beans-6.1.8.jar:6.1.8]
	at org.springframework.beans.factory.support.AbstractAutowireCapableBeanFactory.autowireConstructor(AbstractAutowireCapableBeanFactory.java:1357) ~[spring-beans-6.1.8.jar:6.1.8]
	at org.springframework.beans.factory.support.AbstractAutowireCapableBeanFactory.createBeanInstance(AbstractAutowireCapableBeanFactory.java:1194) ~[spring-beans-6.1.8.jar:6.1.8]
	at org.springframework.beans.factory.support.AbstractAutowireCapableBeanFactory.doCreateBean(AbstractAutowireCapableBeanFactory.java:562) ~[spring-beans-6.1.8.jar:6.1.8]
	at org.springframework.beans.factory.support.AbstractAutowireCapableBeanFactory.createBean(AbstractAutowireCapableBeanFactory.java:522) ~[spring-beans-6.1.8.jar:6.1.8]
	at org.springframework.beans.factory.support.AbstractBeanFactory.lambda$doGetBean$0(AbstractBeanFactory.java:337) ~[spring-beans-6.1.8.jar:6.1.8]
	at org.springframework.beans.factory.support.DefaultSingletonBeanRegistry.getSingleton(DefaultSingletonBeanRegistry.java:234) ~[spring-beans-6.1.8.jar:6.1.8]
	at org.springframework.beans.factory.support.AbstractBeanFactory.doGetBean(AbstractBeanFactory.java:335) ~[spring-beans-6.1.8.jar:6.1.8]
	at org.springframework.beans.factory.support.AbstractBeanFactory.getBean(AbstractBeanFactory.java:200) ~[spring-beans-6.1.8.jar:6.1.8]
	at org.springframework.beans.factory.config.DependencyDescriptor.resolveCandidate(DependencyDescriptor.java:254) ~[spring-beans-6.1.8.jar:6.1.8]
	at org.springframework.beans.factory.support.DefaultListableBeanFactory.doResolveDependency(DefaultListableBeanFactory.java:1443) ~[spring-beans-6.1.8.jar:6.1.8]
	at org.springframework.beans.factory.support.DefaultListableBeanFactory.resolveDependency(DefaultListableBeanFactory.java:1353) ~[spring-beans-6.1.8.jar:6.1.8]
	at org.springframework.beans.factory.support.ConstructorResolver.resolveAutowiredArgument(ConstructorResolver.java:904) ~[spring-beans-6.1.8.jar:6.1.8]
	at org.springframework.beans.factory.support.ConstructorResolver.createArgumentArray(ConstructorResolver.java:782) ~[spring-beans-6.1.8.jar:6.1.8]
	at org.springframework.beans.factory.support.ConstructorResolver.autowireConstructor(ConstructorResolver.java:237) ~[spring-beans-6.1.8.jar:6.1.8]
	at org.springframework.beans.factory.support.AbstractAutowireCapableBeanFactory.autowireConstructor(AbstractAutowireCapableBeanFactory.java:1357) ~[spring-beans-6.1.8.jar:6.1.8]
	at org.springframework.beans.factory.support.AbstractAutowireCapableBeanFactory.createBeanInstance(AbstractAutowireCapableBeanFactory.java:1194) ~[spring-beans-6.1.8.jar:6.1.8]
	at org.springframework.beans.factory.support.AbstractAutowireCapableBeanFactory.doCreateBean(AbstractAutowireCapableBeanFactory.java:562) ~[spring-beans-6.1.8.jar:6.1.8]
	at org.springframework.beans.factory.support.AbstractAutowireCapableBeanFactory.createBean(AbstractAutowireCapableBeanFactory.java:522) ~[spring-beans-6.1.8.jar:6.1.8]
	at org.springframework.beans.factory.support.AbstractBeanFactory.lambda$doGetBean$0(AbstractBeanFactory.java:337) ~[spring-beans-6.1.8.jar:6.1.8]
	at org.springframework.beans.factory.support.DefaultSingletonBeanRegistry.getSingleton(DefaultSingletonBeanRegistry.java:234) ~[spring-beans-6.1.8.jar:6.1.8]
	at org.springframework.beans.factory.support.AbstractBeanFactory.doGetBean(AbstractBeanFactory.java:335) ~[spring-beans-6.1.8.jar:6.1.8]
	at org.springframework.beans.factory.support.AbstractBeanFactory.getBean(AbstractBeanFactory.java:205) ~[spring-beans-6.1.8.jar:6.1.8]
	at org.springframework.boot.web.servlet.ServletContextInitializerBeans.getOrderedBeansOfType(ServletContextInitializerBeans.java:211) ~[spring-boot-3.3.0.jar:3.3.0]
	at org.springframework.boot.web.servlet.ServletContextInitializerBeans.addAsRegistrationBean(ServletContextInitializerBeans.java:174) ~[spring-boot-3.3.0.jar:3.3.0]
	at org.springframework.boot.web.servlet.ServletContextInitializerBeans.addAsRegistrationBean(ServletContextInitializerBeans.java:169) ~[spring-boot-3.3.0.jar:3.3.0]
	at org.springframework.boot.web.servlet.ServletContextInitializerBeans.addAdaptableBeans(ServletContextInitializerBeans.java:154) ~[spring-boot-3.3.0.jar:3.3.0]
	at org.springframework.boot.web.servlet.ServletContextInitializerBeans.<init>(ServletContextInitializerBeans.java:87) ~[spring-boot-3.3.0.jar:3.3.0]
	at org.springframework.boot.web.servlet.context.ServletWebServerApplicationContext.getServletContextInitializerBeans(ServletWebServerApplicationContext.java:266) ~[spring-boot-3.3.0.jar:3.3.0]
	at org.springframework.boot.web.servlet.context.ServletWebServerApplicationContext.selfInitialize(ServletWebServerApplicationContext.java:240) ~[spring-boot-3.3.0.jar:3.3.0]
	at org.springframework.boot.web.embedded.tomcat.TomcatStarter.onStartup(TomcatStarter.java:52) ~[spring-boot-3.3.0.jar:3.3.0]
	at org.apache.catalina.core.StandardContext.startInternal(StandardContext.java:4414) ~[tomcat-embed-core-10.1.24.jar:10.1.24]
	at org.apache.catalina.util.LifecycleBase.start(LifecycleBase.java:171) ~[tomcat-embed-core-10.1.24.jar:10.1.24]
	at org.apache.catalina.core.ContainerBase$StartChild.call(ContainerBase.java:1203) ~[tomcat-embed-core-10.1.24.jar:10.1.24]
	at org.apache.catalina.core.ContainerBase$StartChild.call(ContainerBase.java:1193) ~[tomcat-embed-core-10.1.24.jar:10.1.24]
	at java.base/java.util.concurrent.FutureTask.run(FutureTask.java:317) ~[na:na]
	at org.apache.tomcat.util.threads.InlineExecutorService.execute(InlineExecutorService.java:75) ~[tomcat-embed-core-10.1.24.jar:10.1.24]
	at java.base/java.util.concurrent.AbstractExecutorService.submit(AbstractExecutorService.java:145) ~[na:na]
	at org.apache.catalina.core.ContainerBase.startInternal(ContainerBase.java:749) ~[tomcat-embed-core-10.1.24.jar:10.1.24]
	at org.apache.catalina.core.StandardHost.startInternal(StandardHost.java:772) ~[tomcat-embed-core-10.1.24.jar:10.1.24]
	at org.apache.catalina.util.LifecycleBase.start(LifecycleBase.java:171) ~[tomcat-embed-core-10.1.24.jar:10.1.24]
	at org.apache.catalina.core.ContainerBase$StartChild.call(ContainerBase.java:1203) ~[tomcat-embed-core-10.1.24.jar:10.1.24]
	at org.apache.catalina.core.ContainerBase$StartChild.call(ContainerBase.java:1193) ~[tomcat-embed-core-10.1.24.jar:10.1.24]
	at java.base/java.util.concurrent.FutureTask.run(FutureTask.java:317) ~[na:na]
	at org.apache.tomcat.util.threads.InlineExecutorService.execute(InlineExecutorService.java:75) ~[tomcat-embed-core-10.1.24.jar:10.1.24]
	at java.base/java.util.concurrent.AbstractExecutorService.submit(AbstractExecutorService.java:145) ~[na:na]
	at org.apache.catalina.core.ContainerBase.startInternal(ContainerBase.java:749) ~[tomcat-embed-core-10.1.24.jar:10.1.24]
	at org.apache.catalina.core.StandardEngine.startInternal(StandardEngine.java:203) ~[tomcat-embed-core-10.1.24.jar:10.1.24]
	at org.apache.catalina.util.LifecycleBase.start(LifecycleBase.java:171) ~[tomcat-embed-core-10.1.24.jar:10.1.24]
	at org.apache.catalina.core.StandardService.startInternal(StandardService.java:415) ~[tomcat-embed-core-10.1.24.jar:10.1.24]
	at org.apache.catalina.util.LifecycleBase.start(LifecycleBase.java:171) ~[tomcat-embed-core-10.1.24.jar:10.1.24]
	at org.apache.catalina.core.StandardServer.startInternal(StandardServer.java:874) ~[tomcat-embed-core-10.1.24.jar:10.1.24]
	at org.apache.catalina.util.LifecycleBase.start(LifecycleBase.java:171) ~[tomcat-embed-core-10.1.24.jar:10.1.24]
	at org.apache.catalina.startup.Tomcat.start(Tomcat.java:437) ~[tomcat-embed-core-10.1.24.jar:10.1.24]
	at org.springframework.boot.web.embedded.tomcat.TomcatWebServer.initialize(TomcatWebServer.java:128) ~[spring-boot-3.3.0.jar:3.3.0]
	at org.springframework.boot.web.embedded.tomcat.TomcatWebServer.<init>(TomcatWebServer.java:107) ~[spring-boot-3.3.0.jar:3.3.0]
	at org.springframework.boot.web.embedded.tomcat.TomcatServletWebServerFactory.getTomcatWebServer(TomcatServletWebServerFactory.java:516) ~[spring-boot-3.3.0.jar:3.3.0]
	at org.springframework.boot.web.embedded.tomcat.TomcatServletWebServerFactory.getWebServer(TomcatServletWebServerFactory.java:222) ~[spring-boot-3.3.0.jar:3.3.0]
	at org.springframework.boot.web.servlet.context.ServletWebServerApplicationContext.createWebServer(ServletWebServerApplicationContext.java:188) ~[spring-boot-3.3.0.jar:3.3.0]
	at org.springframework.boot.web.servlet.context.ServletWebServerApplicationContext.onRefresh(ServletWebServerApplicationContext.java:162) ~[spring-boot-3.3.0.jar:3.3.0]
	at org.springframework.context.support.AbstractApplicationContext.refresh(AbstractApplicationContext.java:618) ~[spring-context-6.1.8.jar:6.1.8]
	at org.springframework.boot.web.servlet.context.ServletWebServerApplicationContext.refresh(ServletWebServerApplicationContext.java:146) ~[spring-boot-3.3.0.jar:3.3.0]
	at org.springframework.boot.SpringApplication.refresh(SpringApplication.java:754) ~[spring-boot-3.3.0.jar:3.3.0]
	at org.springframework.boot.SpringApplication.refreshContext(SpringApplication.java:456) ~[spring-boot-3.3.0.jar:3.3.0]
	at org.springframework.boot.SpringApplication.run(SpringApplication.java:335) ~[spring-boot-3.3.0.jar:3.3.0]
	at org.springframework.boot.SpringApplication.run(SpringApplication.java:1363) ~[spring-boot-3.3.0.jar:3.3.0]
	at org.springframework.boot.SpringApplication.run(SpringApplication.java:1352) ~[spring-boot-3.3.0.jar:3.3.0]
	at com.kce.project.SchoolServiceApplication.main(SchoolServiceApplication.java:11) ~[classes/:na]
Caused by: java.sql.SQLSyntaxErrorException: ORA-00955: name is already used by an existing object

	at oracle.jdbc.driver.T4CTTIoer11.processError(T4CTTIoer11.java:629) ~[ojdbc11-21.9.0.0.jar:21.9.0.0.0]
	at oracle.jdbc.driver.T4CTTIoer11.processError(T4CTTIoer11.java:563) ~[ojdbc11-21.9.0.0.jar:21.9.0.0.0]
	at oracle.jdbc.driver.T4C8Oall.processError(T4C8Oall.java:1230) ~[ojdbc11-21.9.0.0.jar:21.9.0.0.0]
	at oracle.jdbc.driver.T4CTTIfun.receive(T4CTTIfun.java:771) ~[ojdbc11-21.9.0.0.jar:21.9.0.0.0]
	at oracle.jdbc.driver.T4CTTIfun.doRPC(T4CTTIfun.java:298) ~[ojdbc11-21.9.0.0.jar:21.9.0.0.0]
	at oracle.jdbc.driver.T4C8Oall.doOALL(T4C8Oall.java:511) ~[ojdbc11-21.9.0.0.jar:21.9.0.0.0]
	at oracle.jdbc.driver.T4CStatement.doOall8(T4CStatement.java:122) ~[ojdbc11-21.9.0.0.jar:21.9.0.0.0]
	at oracle.jdbc.driver.T4CStatement.executeForRows(T4CStatement.java:1199) ~[ojdbc11-21.9.0.0.jar:21.9.0.0.0]
	at oracle.jdbc.driver.OracleStatement.executeSQLStatement(OracleStatement.java:1819) ~[ojdbc11-21.9.0.0.jar:21.9.0.0.0]
	at oracle.jdbc.driver.OracleStatement.doExecuteWithTimeout(OracleStatement.java:1471) ~[ojdbc11-21.9.0.0.jar:21.9.0.0.0]
	at oracle.jdbc.driver.OracleStatement.executeInternal(OracleStatement.java:2504) ~[ojdbc11-21.9.0.0.jar:21.9.0.0.0]
	at oracle.jdbc.driver.OracleStatement.execute(OracleStatement.java:2459) ~[ojdbc11-21.9.0.0.jar:21.9.0.0.0]
	at oracle.jdbc.driver.OracleStatementWrapper.execute(OracleStatementWrapper.java:327) ~[ojdbc11-21.9.0.0.jar:21.9.0.0.0]
	at com.zaxxer.hikari.pool.ProxyStatement.execute(ProxyStatement.java:94) ~[HikariCP-5.1.0.jar:na]
	at com.zaxxer.hikari.pool.HikariProxyStatement.execute(HikariProxyStatement.java) ~[HikariCP-5.1.0.jar:na]
	at org.hibernate.tool.schema.internal.exec.GenerationTargetToDatabase.accept(GenerationTargetToDatabase.java:80) ~[hibernate-core-6.5.2.Final.jar:6.5.2.Final]
	... 123 common frames omitted
Caused by: oracle.jdbc.OracleDatabaseException: ORA-00955: name is already used by an existing object

	at oracle.jdbc.driver.T4CTTIoer11.processError(T4CTTIoer11.java:636) ~[ojdbc11-21.9.0.0.jar:21.9.0.0.0]
	... 138 common frames omitted

Hibernate: create table question_options (option_id number(19,0) not null, created_at timestamp(6) not null, updated_at timestamp(6), correct number(1,0) check (correct in (0,1)), option_text varchar2(500 char), question_id number(19,0), primary key (option_id))
2026-08-13T11:59:40.578+05:30  WARN 14516 --- [school-service] [           main] o.h.t.s.i.ExceptionHandlerLoggedImpl     : GenerationTarget encountered exception accepting command : Error executing DDL "create table question_options (option_id number(19,0) not null, created_at timestamp(6) not null, updated_at timestamp(6), correct number(1,0) check (correct in (0,1)), option_text varchar2(500 char), question_id number(19,0), primary key (option_id))" via JDBC [ORA-00955: name is already used by an existing object
]

org.hibernate.tool.schema.spi.CommandAcceptanceException: Error executing DDL "create table question_options (option_id number(19,0) not null, created_at timestamp(6) not null, updated_at timestamp(6), correct number(1,0) check (correct in (0,1)), option_text varchar2(500 char), question_id number(19,0), primary key (option_id))" via JDBC [ORA-00955: name is already used by an existing object
]
	at org.hibernate.tool.schema.internal.exec.GenerationTargetToDatabase.accept(GenerationTargetToDatabase.java:94) ~[hibernate-core-6.5.2.Final.jar:6.5.2.Final]
	at org.hibernate.tool.schema.internal.AbstractSchemaMigrator.applySqlString(AbstractSchemaMigrator.java:575) ~[hibernate-core-6.5.2.Final.jar:6.5.2.Final]
	at org.hibernate.tool.schema.internal.AbstractSchemaMigrator.applySqlStrings(AbstractSchemaMigrator.java:515) ~[hibernate-core-6.5.2.Final.jar:6.5.2.Final]
	at org.hibernate.tool.schema.internal.AbstractSchemaMigrator.createTable(AbstractSchemaMigrator.java:315) ~[hibernate-core-6.5.2.Final.jar:6.5.2.Final]
	at org.hibernate.tool.schema.internal.GroupedSchemaMigratorImpl.performTablesMigration(GroupedSchemaMigratorImpl.java:80) ~[hibernate-core-6.5.2.Final.jar:6.5.2.Final]
	at org.hibernate.tool.schema.internal.AbstractSchemaMigrator.performMigration(AbstractSchemaMigrator.java:232) ~[hibernate-core-6.5.2.Final.jar:6.5.2.Final]
	at org.hibernate.tool.schema.internal.AbstractSchemaMigrator.doMigration(AbstractSchemaMigrator.java:117) ~[hibernate-core-6.5.2.Final.jar:6.5.2.Final]
	at org.hibernate.tool.schema.spi.SchemaManagementToolCoordinator.performDatabaseAction(SchemaManagementToolCoordinator.java:280) ~[hibernate-core-6.5.2.Final.jar:6.5.2.Final]
	at org.hibernate.tool.schema.spi.SchemaManagementToolCoordinator.lambda$process$5(SchemaManagementToolCoordinator.java:144) ~[hibernate-core-6.5.2.Final.jar:6.5.2.Final]
	at java.base/java.util.HashMap.forEach(HashMap.java:1429) ~[na:na]
	at org.hibernate.tool.schema.spi.SchemaManagementToolCoordinator.process(SchemaManagementToolCoordinator.java:141) ~[hibernate-core-6.5.2.Final.jar:6.5.2.Final]
	at org.hibernate.boot.internal.SessionFactoryObserverForSchemaExport.sessionFactoryCreated(SessionFactoryObserverForSchemaExport.java:37) ~[hibernate-core-6.5.2.Final.jar:6.5.2.Final]
	at org.hibernate.internal.SessionFactoryObserverChain.sessionFactoryCreated(SessionFactoryObserverChain.java:35) ~[hibernate-core-6.5.2.Final.jar:6.5.2.Final]
	at org.hibernate.internal.SessionFactoryImpl.<init>(SessionFactoryImpl.java:322) ~[hibernate-core-6.5.2.Final.jar:6.5.2.Final]
	at org.hibernate.boot.internal.SessionFactoryBuilderImpl.build(SessionFactoryBuilderImpl.java:457) ~[hibernate-core-6.5.2.Final.jar:6.5.2.Final]
	at org.hibernate.jpa.boot.internal.EntityManagerFactoryBuilderImpl.build(EntityManagerFactoryBuilderImpl.java:1506) ~[hibernate-core-6.5.2.Final.jar:6.5.2.Final]
	at org.springframework.orm.jpa.vendor.SpringHibernateJpaPersistenceProvider.createContainerEntityManagerFactory(SpringHibernateJpaPersistenceProvider.java:75) ~[spring-orm-6.1.8.jar:6.1.8]
	at org.springframework.orm.jpa.LocalContainerEntityManagerFactoryBean.createNativeEntityManagerFactory(LocalContainerEntityManagerFactoryBean.java:390) ~[spring-orm-6.1.8.jar:6.1.8]
	at org.springframework.orm.jpa.AbstractEntityManagerFactoryBean.buildNativeEntityManagerFactory(AbstractEntityManagerFactoryBean.java:409) ~[spring-orm-6.1.8.jar:6.1.8]
	at org.springframework.orm.jpa.AbstractEntityManagerFactoryBean.afterPropertiesSet(AbstractEntityManagerFactoryBean.java:396) ~[spring-orm-6.1.8.jar:6.1.8]
	at org.springframework.orm.jpa.LocalContainerEntityManagerFactoryBean.afterPropertiesSet(LocalContainerEntityManagerFactoryBean.java:366) ~[spring-orm-6.1.8.jar:6.1.8]
	at org.springframework.beans.factory.support.AbstractAutowireCapableBeanFactory.invokeInitMethods(AbstractAutowireCapableBeanFactory.java:1835) ~[spring-beans-6.1.8.jar:6.1.8]
	at org.springframework.beans.factory.support.AbstractAutowireCapableBeanFactory.initializeBean(AbstractAutowireCapableBeanFactory.java:1784) ~[spring-beans-6.1.8.jar:6.1.8]
	at org.springframework.beans.factory.support.AbstractAutowireCapableBeanFactory.doCreateBean(AbstractAutowireCapableBeanFactory.java:600) ~[spring-beans-6.1.8.jar:6.1.8]
	at org.springframework.beans.factory.support.AbstractAutowireCapableBeanFactory.createBean(AbstractAutowireCapableBeanFactory.java:522) ~[spring-beans-6.1.8.jar:6.1.8]
	at org.springframework.beans.factory.support.AbstractBeanFactory.lambda$doGetBean$0(AbstractBeanFactory.java:337) ~[spring-beans-6.1.8.jar:6.1.8]
	at org.springframework.beans.factory.support.DefaultSingletonBeanRegistry.getSingleton(DefaultSingletonBeanRegistry.java:234) ~[spring-beans-6.1.8.jar:6.1.8]
	at org.springframework.beans.factory.support.AbstractBeanFactory.doGetBean(AbstractBeanFactory.java:335) ~[spring-beans-6.1.8.jar:6.1.8]
	at org.springframework.beans.factory.support.AbstractBeanFactory.getBean(AbstractBeanFactory.java:200) ~[spring-beans-6.1.8.jar:6.1.8]
	at org.springframework.beans.factory.support.BeanDefinitionValueResolver.resolveReference(BeanDefinitionValueResolver.java:365) ~[spring-beans-6.1.8.jar:6.1.8]
	at org.springframework.beans.factory.support.BeanDefinitionValueResolver.resolveValueIfNecessary(BeanDefinitionValueResolver.java:135) ~[spring-beans-6.1.8.jar:6.1.8]
	at org.springframework.beans.factory.support.ConstructorResolver.resolveConstructorArguments(ConstructorResolver.java:682) ~[spring-beans-6.1.8.jar:6.1.8]
	at org.springframework.beans.factory.support.ConstructorResolver.instantiateUsingFactoryMethod(ConstructorResolver.java:509) ~[spring-beans-6.1.8.jar:6.1.8]
	at org.springframework.beans.factory.support.AbstractAutowireCapableBeanFactory.instantiateUsingFactoryMethod(AbstractAutowireCapableBeanFactory.java:1337) ~[spring-beans-6.1.8.jar:6.1.8]
	at org.springframework.beans.factory.support.AbstractAutowireCapableBeanFactory.createBeanInstance(AbstractAutowireCapableBeanFactory.java:1167) ~[spring-beans-6.1.8.jar:6.1.8]
	at org.springframework.beans.factory.support.AbstractAutowireCapableBeanFactory.doCreateBean(AbstractAutowireCapableBeanFactory.java:562) ~[spring-beans-6.1.8.jar:6.1.8]
	at org.springframework.beans.factory.support.AbstractAutowireCapableBeanFactory.createBean(AbstractAutowireCapableBeanFactory.java:522) ~[spring-beans-6.1.8.jar:6.1.8]
	at org.springframework.beans.factory.support.AbstractBeanFactory.lambda$doGetBean$0(AbstractBeanFactory.java:337) ~[spring-beans-6.1.8.jar:6.1.8]
	at org.springframework.beans.factory.support.DefaultSingletonBeanRegistry.getSingleton(DefaultSingletonBeanRegistry.java:234) ~[spring-beans-6.1.8.jar:6.1.8]
	at org.springframework.beans.factory.support.AbstractBeanFactory.doGetBean(AbstractBeanFactory.java:335) ~[spring-beans-6.1.8.jar:6.1.8]
	at org.springframework.beans.factory.support.AbstractBeanFactory.getBean(AbstractBeanFactory.java:200) ~[spring-beans-6.1.8.jar:6.1.8]
	at org.springframework.beans.factory.support.BeanDefinitionValueResolver.resolveReference(BeanDefinitionValueResolver.java:365) ~[spring-beans-6.1.8.jar:6.1.8]
	at org.springframework.beans.factory.support.BeanDefinitionValueResolver.resolveValueIfNecessary(BeanDefinitionValueResolver.java:135) ~[spring-beans-6.1.8.jar:6.1.8]
	at org.springframework.beans.factory.support.AbstractAutowireCapableBeanFactory.applyPropertyValues(AbstractAutowireCapableBeanFactory.java:1687) ~[spring-beans-6.1.8.jar:6.1.8]
	at org.springframework.beans.factory.support.AbstractAutowireCapableBeanFactory.populateBean(AbstractAutowireCapableBeanFactory.java:1436) ~[spring-beans-6.1.8.jar:6.1.8]
	at org.springframework.beans.factory.support.AbstractAutowireCapableBeanFactory.doCreateBean(AbstractAutowireCapableBeanFactory.java:599) ~[spring-beans-6.1.8.jar:6.1.8]
	at org.springframework.beans.factory.support.AbstractAutowireCapableBeanFactory.createBean(AbstractAutowireCapableBeanFactory.java:522) ~[spring-beans-6.1.8.jar:6.1.8]
	at org.springframework.beans.factory.support.AbstractBeanFactory.lambda$doGetBean$0(AbstractBeanFactory.java:337) ~[spring-beans-6.1.8.jar:6.1.8]
	at org.springframework.beans.factory.support.DefaultSingletonBeanRegistry.getSingleton(DefaultSingletonBeanRegistry.java:234) ~[spring-beans-6.1.8.jar:6.1.8]
	at org.springframework.beans.factory.support.AbstractBeanFactory.doGetBean(AbstractBeanFactory.java:335) ~[spring-beans-6.1.8.jar:6.1.8]
	at org.springframework.beans.factory.support.AbstractBeanFactory.getBean(AbstractBeanFactory.java:200) ~[spring-beans-6.1.8.jar:6.1.8]
	at org.springframework.beans.factory.config.DependencyDescriptor.resolveCandidate(DependencyDescriptor.java:254) ~[spring-beans-6.1.8.jar:6.1.8]
	at org.springframework.beans.factory.support.DefaultListableBeanFactory.doResolveDependency(DefaultListableBeanFactory.java:1443) ~[spring-beans-6.1.8.jar:6.1.8]
	at org.springframework.beans.factory.support.DefaultListableBeanFactory.resolveDependency(DefaultListableBeanFactory.java:1353) ~[spring-beans-6.1.8.jar:6.1.8]
	at org.springframework.beans.factory.support.ConstructorResolver.resolveAutowiredArgument(ConstructorResolver.java:904) ~[spring-beans-6.1.8.jar:6.1.8]
	at org.springframework.beans.factory.support.ConstructorResolver.createArgumentArray(ConstructorResolver.java:782) ~[spring-beans-6.1.8.jar:6.1.8]
	at org.springframework.beans.factory.support.ConstructorResolver.autowireConstructor(ConstructorResolver.java:237) ~[spring-beans-6.1.8.jar:6.1.8]
	at org.springframework.beans.factory.support.AbstractAutowireCapableBeanFactory.autowireConstructor(AbstractAutowireCapableBeanFactory.java:1357) ~[spring-beans-6.1.8.jar:6.1.8]
	at org.springframework.beans.factory.support.AbstractAutowireCapableBeanFactory.createBeanInstance(AbstractAutowireCapableBeanFactory.java:1194) ~[spring-beans-6.1.8.jar:6.1.8]
	at org.springframework.beans.factory.support.AbstractAutowireCapableBeanFactory.doCreateBean(AbstractAutowireCapableBeanFactory.java:562) ~[spring-beans-6.1.8.jar:6.1.8]
	at org.springframework.beans.factory.support.AbstractAutowireCapableBeanFactory.createBean(AbstractAutowireCapableBeanFactory.java:522) ~[spring-beans-6.1.8.jar:6.1.8]
	at org.springframework.beans.factory.support.AbstractBeanFactory.lambda$doGetBean$0(AbstractBeanFactory.java:337) ~[spring-beans-6.1.8.jar:6.1.8]
	at org.springframework.beans.factory.support.DefaultSingletonBeanRegistry.getSingleton(DefaultSingletonBeanRegistry.java:234) ~[spring-beans-6.1.8.jar:6.1.8]
	at org.springframework.beans.factory.support.AbstractBeanFactory.doGetBean(AbstractBeanFactory.java:335) ~[spring-beans-6.1.8.jar:6.1.8]
	at org.springframework.beans.factory.support.AbstractBeanFactory.getBean(AbstractBeanFactory.java:200) ~[spring-beans-6.1.8.jar:6.1.8]
	at org.springframework.beans.factory.config.DependencyDescriptor.resolveCandidate(DependencyDescriptor.java:254) ~[spring-beans-6.1.8.jar:6.1.8]
	at org.springframework.beans.factory.support.DefaultListableBeanFactory.doResolveDependency(DefaultListableBeanFactory.java:1443) ~[spring-beans-6.1.8.jar:6.1.8]
	at org.springframework.beans.factory.support.DefaultListableBeanFactory.resolveDependency(DefaultListableBeanFactory.java:1353) ~[spring-beans-6.1.8.jar:6.1.8]
	at org.springframework.beans.factory.support.ConstructorResolver.resolveAutowiredArgument(ConstructorResolver.java:904) ~[spring-beans-6.1.8.jar:6.1.8]
	at org.springframework.beans.factory.support.ConstructorResolver.createArgumentArray(ConstructorResolver.java:782) ~[spring-beans-6.1.8.jar:6.1.8]
	at org.springframework.beans.factory.support.ConstructorResolver.autowireConstructor(ConstructorResolver.java:237) ~[spring-beans-6.1.8.jar:6.1.8]
	at org.springframework.beans.factory.support.AbstractAutowireCapableBeanFactory.autowireConstructor(AbstractAutowireCapableBeanFactory.java:1357) ~[spring-beans-6.1.8.jar:6.1.8]
	at org.springframework.beans.factory.support.AbstractAutowireCapableBeanFactory.createBeanInstance(AbstractAutowireCapableBeanFactory.java:1194) ~[spring-beans-6.1.8.jar:6.1.8]
	at org.springframework.beans.factory.support.AbstractAutowireCapableBeanFactory.doCreateBean(AbstractAutowireCapableBeanFactory.java:562) ~[spring-beans-6.1.8.jar:6.1.8]
	at org.springframework.beans.factory.support.AbstractAutowireCapableBeanFactory.createBean(AbstractAutowireCapableBeanFactory.java:522) ~[spring-beans-6.1.8.jar:6.1.8]
	at org.springframework.beans.factory.support.AbstractBeanFactory.lambda$doGetBean$0(AbstractBeanFactory.java:337) ~[spring-beans-6.1.8.jar:6.1.8]
	at org.springframework.beans.factory.support.DefaultSingletonBeanRegistry.getSingleton(DefaultSingletonBeanRegistry.java:234) ~[spring-beans-6.1.8.jar:6.1.8]
	at org.springframework.beans.factory.support.AbstractBeanFactory.doGetBean(AbstractBeanFactory.java:335) ~[spring-beans-6.1.8.jar:6.1.8]
	at org.springframework.beans.factory.support.AbstractBeanFactory.getBean(AbstractBeanFactory.java:205) ~[spring-beans-6.1.8.jar:6.1.8]
	at org.springframework.boot.web.servlet.ServletContextInitializerBeans.getOrderedBeansOfType(ServletContextInitializerBeans.java:211) ~[spring-boot-3.3.0.jar:3.3.0]
	at org.springframework.boot.web.servlet.ServletContextInitializerBeans.addAsRegistrationBean(ServletContextInitializerBeans.java:174) ~[spring-boot-3.3.0.jar:3.3.0]
	at org.springframework.boot.web.servlet.ServletContextInitializerBeans.addAsRegistrationBean(ServletContextInitializerBeans.java:169) ~[spring-boot-3.3.0.jar:3.3.0]
	at org.springframework.boot.web.servlet.ServletContextInitializerBeans.addAdaptableBeans(ServletContextInitializerBeans.java:154) ~[spring-boot-3.3.0.jar:3.3.0]
	at org.springframework.boot.web.servlet.ServletContextInitializerBeans.<init>(ServletContextInitializerBeans.java:87) ~[spring-boot-3.3.0.jar:3.3.0]
	at org.springframework.boot.web.servlet.context.ServletWebServerApplicationContext.getServletContextInitializerBeans(ServletWebServerApplicationContext.java:266) ~[spring-boot-3.3.0.jar:3.3.0]
	at org.springframework.boot.web.servlet.context.ServletWebServerApplicationContext.selfInitialize(ServletWebServerApplicationContext.java:240) ~[spring-boot-3.3.0.jar:3.3.0]
	at org.springframework.boot.web.embedded.tomcat.TomcatStarter.onStartup(TomcatStarter.java:52) ~[spring-boot-3.3.0.jar:3.3.0]
	at org.apache.catalina.core.StandardContext.startInternal(StandardContext.java:4414) ~[tomcat-embed-core-10.1.24.jar:10.1.24]
	at org.apache.catalina.util.LifecycleBase.start(LifecycleBase.java:171) ~[tomcat-embed-core-10.1.24.jar:10.1.24]
	at org.apache.catalina.core.ContainerBase$StartChild.call(ContainerBase.java:1203) ~[tomcat-embed-core-10.1.24.jar:10.1.24]
	at org.apache.catalina.core.ContainerBase$StartChild.call(ContainerBase.java:1193) ~[tomcat-embed-core-10.1.24.jar:10.1.24]
	at java.base/java.util.concurrent.FutureTask.run(FutureTask.java:317) ~[na:na]
	at org.apache.tomcat.util.threads.InlineExecutorService.execute(InlineExecutorService.java:75) ~[tomcat-embed-core-10.1.24.jar:10.1.24]
	at java.base/java.util.concurrent.AbstractExecutorService.submit(AbstractExecutorService.java:145) ~[na:na]
	at org.apache.catalina.core.ContainerBase.startInternal(ContainerBase.java:749) ~[tomcat-embed-core-10.1.24.jar:10.1.24]
	at org.apache.catalina.core.StandardHost.startInternal(StandardHost.java:772) ~[tomcat-embed-core-10.1.24.jar:10.1.24]
	at org.apache.catalina.util.LifecycleBase.start(LifecycleBase.java:171) ~[tomcat-embed-core-10.1.24.jar:10.1.24]
	at org.apache.catalina.core.ContainerBase$StartChild.call(ContainerBase.java:1203) ~[tomcat-embed-core-10.1.24.jar:10.1.24]
	at org.apache.catalina.core.ContainerBase$StartChild.call(ContainerBase.java:1193) ~[tomcat-embed-core-10.1.24.jar:10.1.24]
	at java.base/java.util.concurrent.FutureTask.run(FutureTask.java:317) ~[na:na]
	at org.apache.tomcat.util.threads.InlineExecutorService.execute(InlineExecutorService.java:75) ~[tomcat-embed-core-10.1.24.jar:10.1.24]
	at java.base/java.util.concurrent.AbstractExecutorService.submit(AbstractExecutorService.java:145) ~[na:na]
	at org.apache.catalina.core.ContainerBase.startInternal(ContainerBase.java:749) ~[tomcat-embed-core-10.1.24.jar:10.1.24]
	at org.apache.catalina.core.StandardEngine.startInternal(StandardEngine.java:203) ~[tomcat-embed-core-10.1.24.jar:10.1.24]
	at org.apache.catalina.util.LifecycleBase.start(LifecycleBase.java:171) ~[tomcat-embed-core-10.1.24.jar:10.1.24]
	at org.apache.catalina.core.StandardService.startInternal(StandardService.java:415) ~[tomcat-embed-core-10.1.24.jar:10.1.24]
	at org.apache.catalina.util.LifecycleBase.start(LifecycleBase.java:171) ~[tomcat-embed-core-10.1.24.jar:10.1.24]
	at org.apache.catalina.core.StandardServer.startInternal(StandardServer.java:874) ~[tomcat-embed-core-10.1.24.jar:10.1.24]
	at org.apache.catalina.util.LifecycleBase.start(LifecycleBase.java:171) ~[tomcat-embed-core-10.1.24.jar:10.1.24]
	at org.apache.catalina.startup.Tomcat.start(Tomcat.java:437) ~[tomcat-embed-core-10.1.24.jar:10.1.24]
	at org.springframework.boot.web.embedded.tomcat.TomcatWebServer.initialize(TomcatWebServer.java:128) ~[spring-boot-3.3.0.jar:3.3.0]
	at org.springframework.boot.web.embedded.tomcat.TomcatWebServer.<init>(TomcatWebServer.java:107) ~[spring-boot-3.3.0.jar:3.3.0]
	at org.springframework.boot.web.embedded.tomcat.TomcatServletWebServerFactory.getTomcatWebServer(TomcatServletWebServerFactory.java:516) ~[spring-boot-3.3.0.jar:3.3.0]
	at org.springframework.boot.web.embedded.tomcat.TomcatServletWebServerFactory.getWebServer(TomcatServletWebServerFactory.java:222) ~[spring-boot-3.3.0.jar:3.3.0]
	at org.springframework.boot.web.servlet.context.ServletWebServerApplicationContext.createWebServer(ServletWebServerApplicationContext.java:188) ~[spring-boot-3.3.0.jar:3.3.0]
	at org.springframework.boot.web.servlet.context.ServletWebServerApplicationContext.onRefresh(ServletWebServerApplicationContext.java:162) ~[spring-boot-3.3.0.jar:3.3.0]
	at org.springframework.context.support.AbstractApplicationContext.refresh(AbstractApplicationContext.java:618) ~[spring-context-6.1.8.jar:6.1.8]
	at org.springframework.boot.web.servlet.context.ServletWebServerApplicationContext.refresh(ServletWebServerApplicationContext.java:146) ~[spring-boot-3.3.0.jar:3.3.0]
	at org.springframework.boot.SpringApplication.refresh(SpringApplication.java:754) ~[spring-boot-3.3.0.jar:3.3.0]
	at org.springframework.boot.SpringApplication.refreshContext(SpringApplication.java:456) ~[spring-boot-3.3.0.jar:3.3.0]
	at org.springframework.boot.SpringApplication.run(SpringApplication.java:335) ~[spring-boot-3.3.0.jar:3.3.0]
	at org.springframework.boot.SpringApplication.run(SpringApplication.java:1363) ~[spring-boot-3.3.0.jar:3.3.0]
	at org.springframework.boot.SpringApplication.run(SpringApplication.java:1352) ~[spring-boot-3.3.0.jar:3.3.0]
	at com.kce.project.SchoolServiceApplication.main(SchoolServiceApplication.java:11) ~[classes/:na]
Caused by: java.sql.SQLSyntaxErrorException: ORA-00955: name is already used by an existing object

	at oracle.jdbc.driver.T4CTTIoer11.processError(T4CTTIoer11.java:629) ~[ojdbc11-21.9.0.0.jar:21.9.0.0.0]
	at oracle.jdbc.driver.T4CTTIoer11.processError(T4CTTIoer11.java:563) ~[ojdbc11-21.9.0.0.jar:21.9.0.0.0]
	at oracle.jdbc.driver.T4C8Oall.processError(T4C8Oall.java:1230) ~[ojdbc11-21.9.0.0.jar:21.9.0.0.0]
	at oracle.jdbc.driver.T4CTTIfun.receive(T4CTTIfun.java:771) ~[ojdbc11-21.9.0.0.jar:21.9.0.0.0]
	at oracle.jdbc.driver.T4CTTIfun.doRPC(T4CTTIfun.java:298) ~[ojdbc11-21.9.0.0.jar:21.9.0.0.0]
	at oracle.jdbc.driver.T4C8Oall.doOALL(T4C8Oall.java:511) ~[ojdbc11-21.9.0.0.jar:21.9.0.0.0]
	at oracle.jdbc.driver.T4CStatement.doOall8(T4CStatement.java:122) ~[ojdbc11-21.9.0.0.jar:21.9.0.0.0]
	at oracle.jdbc.driver.T4CStatement.executeForRows(T4CStatement.java:1199) ~[ojdbc11-21.9.0.0.jar:21.9.0.0.0]
	at oracle.jdbc.driver.OracleStatement.executeSQLStatement(OracleStatement.java:1819) ~[ojdbc11-21.9.0.0.jar:21.9.0.0.0]
	at oracle.jdbc.driver.OracleStatement.doExecuteWithTimeout(OracleStatement.java:1471) ~[ojdbc11-21.9.0.0.jar:21.9.0.0.0]
	at oracle.jdbc.driver.OracleStatement.executeInternal(OracleStatement.java:2504) ~[ojdbc11-21.9.0.0.jar:21.9.0.0.0]
	at oracle.jdbc.driver.OracleStatement.execute(OracleStatement.java:2459) ~[ojdbc11-21.9.0.0.jar:21.9.0.0.0]
	at oracle.jdbc.driver.OracleStatementWrapper.execute(OracleStatementWrapper.java:327) ~[ojdbc11-21.9.0.0.jar:21.9.0.0.0]
	at com.zaxxer.hikari.pool.ProxyStatement.execute(ProxyStatement.java:94) ~[HikariCP-5.1.0.jar:na]
	at com.zaxxer.hikari.pool.HikariProxyStatement.execute(HikariProxyStatement.java) ~[HikariCP-5.1.0.jar:na]
	at org.hibernate.tool.schema.internal.exec.GenerationTargetToDatabase.accept(GenerationTargetToDatabase.java:80) ~[hibernate-core-6.5.2.Final.jar:6.5.2.Final]
	... 123 common frames omitted
Caused by: oracle.jdbc.OracleDatabaseException: ORA-00955: name is already used by an existing object

	at oracle.jdbc.driver.T4CTTIoer11.processError(T4CTTIoer11.java:636) ~[ojdbc11-21.9.0.0.jar:21.9.0.0.0]
	... 138 common frames omitted

Hibernate: create table questions (question_id number(19,0) not null, created_at timestamp(6) not null, updated_at timestamp(6), question_text varchar2(1000 char), assessment_id number(19,0), primary key (question_id))
2026-08-13T11:59:40.592+05:30  WARN 14516 --- [school-service] [           main] o.h.t.s.i.ExceptionHandlerLoggedImpl     : GenerationTarget encountered exception accepting command : Error executing DDL "create table questions (question_id number(19,0) not null, created_at timestamp(6) not null, updated_at timestamp(6), question_text varchar2(1000 char), assessment_id number(19,0), primary key (question_id))" via JDBC [ORA-00955: name is already used by an existing object
]

org.hibernate.tool.schema.spi.CommandAcceptanceException: Error executing DDL "create table questions (question_id number(19,0) not null, created_at timestamp(6) not null, updated_at timestamp(6), question_text varchar2(1000 char), assessment_id number(19,0), primary key (question_id))" via JDBC [ORA-00955: name is already used by an existing object
]
	at org.hibernate.tool.schema.internal.exec.GenerationTargetToDatabase.accept(GenerationTargetToDatabase.java:94) ~[hibernate-core-6.5.2.Final.jar:6.5.2.Final]
	at org.hibernate.tool.schema.internal.AbstractSchemaMigrator.applySqlString(AbstractSchemaMigrator.java:575) ~[hibernate-core-6.5.2.Final.jar:6.5.2.Final]
	at org.hibernate.tool.schema.internal.AbstractSchemaMigrator.applySqlStrings(AbstractSchemaMigrator.java:515) ~[hibernate-core-6.5.2.Final.jar:6.5.2.Final]
	at org.hibernate.tool.schema.internal.AbstractSchemaMigrator.createTable(AbstractSchemaMigrator.java:315) ~[hibernate-core-6.5.2.Final.jar:6.5.2.Final]
	at org.hibernate.tool.schema.internal.GroupedSchemaMigratorImpl.performTablesMigration(GroupedSchemaMigratorImpl.java:80) ~[hibernate-core-6.5.2.Final.jar:6.5.2.Final]
	at org.hibernate.tool.schema.internal.AbstractSchemaMigrator.performMigration(AbstractSchemaMigrator.java:232) ~[hibernate-core-6.5.2.Final.jar:6.5.2.Final]
	at org.hibernate.tool.schema.internal.AbstractSchemaMigrator.doMigration(AbstractSchemaMigrator.java:117) ~[hibernate-core-6.5.2.Final.jar:6.5.2.Final]
	at org.hibernate.tool.schema.spi.SchemaManagementToolCoordinator.performDatabaseAction(SchemaManagementToolCoordinator.java:280) ~[hibernate-core-6.5.2.Final.jar:6.5.2.Final]
	at org.hibernate.tool.schema.spi.SchemaManagementToolCoordinator.lambda$process$5(SchemaManagementToolCoordinator.java:144) ~[hibernate-core-6.5.2.Final.jar:6.5.2.Final]
	at java.base/java.util.HashMap.forEach(HashMap.java:1429) ~[na:na]
	at org.hibernate.tool.schema.spi.SchemaManagementToolCoordinator.process(SchemaManagementToolCoordinator.java:141) ~[hibernate-core-6.5.2.Final.jar:6.5.2.Final]
	at org.hibernate.boot.internal.SessionFactoryObserverForSchemaExport.sessionFactoryCreated(SessionFactoryObserverForSchemaExport.java:37) ~[hibernate-core-6.5.2.Final.jar:6.5.2.Final]
	at org.hibernate.internal.SessionFactoryObserverChain.sessionFactoryCreated(SessionFactoryObserverChain.java:35) ~[hibernate-core-6.5.2.Final.jar:6.5.2.Final]
	at org.hibernate.internal.SessionFactoryImpl.<init>(SessionFactoryImpl.java:322) ~[hibernate-core-6.5.2.Final.jar:6.5.2.Final]
	at org.hibernate.boot.internal.SessionFactoryBuilderImpl.build(SessionFactoryBuilderImpl.java:457) ~[hibernate-core-6.5.2.Final.jar:6.5.2.Final]
	at org.hibernate.jpa.boot.internal.EntityManagerFactoryBuilderImpl.build(EntityManagerFactoryBuilderImpl.java:1506) ~[hibernate-core-6.5.2.Final.jar:6.5.2.Final]
	at org.springframework.orm.jpa.vendor.SpringHibernateJpaPersistenceProvider.createContainerEntityManagerFactory(SpringHibernateJpaPersistenceProvider.java:75) ~[spring-orm-6.1.8.jar:6.1.8]
	at org.springframework.orm.jpa.LocalContainerEntityManagerFactoryBean.createNativeEntityManagerFactory(LocalContainerEntityManagerFactoryBean.java:390) ~[spring-orm-6.1.8.jar:6.1.8]
	at org.springframework.orm.jpa.AbstractEntityManagerFactoryBean.buildNativeEntityManagerFactory(AbstractEntityManagerFactoryBean.java:409) ~[spring-orm-6.1.8.jar:6.1.8]
	at org.springframework.orm.jpa.AbstractEntityManagerFactoryBean.afterPropertiesSet(AbstractEntityManagerFactoryBean.java:396) ~[spring-orm-6.1.8.jar:6.1.8]
	at org.springframework.orm.jpa.LocalContainerEntityManagerFactoryBean.afterPropertiesSet(LocalContainerEntityManagerFactoryBean.java:366) ~[spring-orm-6.1.8.jar:6.1.8]
	at org.springframework.beans.factory.support.AbstractAutowireCapableBeanFactory.invokeInitMethods(AbstractAutowireCapableBeanFactory.java:1835) ~[spring-beans-6.1.8.jar:6.1.8]
	at org.springframework.beans.factory.support.AbstractAutowireCapableBeanFactory.initializeBean(AbstractAutowireCapableBeanFactory.java:1784) ~[spring-beans-6.1.8.jar:6.1.8]
	at org.springframework.beans.factory.support.AbstractAutowireCapableBeanFactory.doCreateBean(AbstractAutowireCapableBeanFactory.java:600) ~[spring-beans-6.1.8.jar:6.1.8]
	at org.springframework.beans.factory.support.AbstractAutowireCapableBeanFactory.createBean(AbstractAutowireCapableBeanFactory.java:522) ~[spring-beans-6.1.8.jar:6.1.8]
	at org.springframework.beans.factory.support.AbstractBeanFactory.lambda$doGetBean$0(AbstractBeanFactory.java:337) ~[spring-beans-6.1.8.jar:6.1.8]
	at org.springframework.beans.factory.support.DefaultSingletonBeanRegistry.getSingleton(DefaultSingletonBeanRegistry.java:234) ~[spring-beans-6.1.8.jar:6.1.8]
	at org.springframework.beans.factory.support.AbstractBeanFactory.doGetBean(AbstractBeanFactory.java:335) ~[spring-beans-6.1.8.jar:6.1.8]
	at org.springframework.beans.factory.support.AbstractBeanFactory.getBean(AbstractBeanFactory.java:200) ~[spring-beans-6.1.8.jar:6.1.8]
	at org.springframework.beans.factory.support.BeanDefinitionValueResolver.resolveReference(BeanDefinitionValueResolver.java:365) ~[spring-beans-6.1.8.jar:6.1.8]
	at org.springframework.beans.factory.support.BeanDefinitionValueResolver.resolveValueIfNecessary(BeanDefinitionValueResolver.java:135) ~[spring-beans-6.1.8.jar:6.1.8]
	at org.springframework.beans.factory.support.ConstructorResolver.resolveConstructorArguments(ConstructorResolver.java:682) ~[spring-beans-6.1.8.jar:6.1.8]
	at org.springframework.beans.factory.support.ConstructorResolver.instantiateUsingFactoryMethod(ConstructorResolver.java:509) ~[spring-beans-6.1.8.jar:6.1.8]
	at org.springframework.beans.factory.support.AbstractAutowireCapableBeanFactory.instantiateUsingFactoryMethod(AbstractAutowireCapableBeanFactory.java:1337) ~[spring-beans-6.1.8.jar:6.1.8]
	at org.springframework.beans.factory.support.AbstractAutowireCapableBeanFactory.createBeanInstance(AbstractAutowireCapableBeanFactory.java:1167) ~[spring-beans-6.1.8.jar:6.1.8]
	at org.springframework.beans.factory.support.AbstractAutowireCapableBeanFactory.doCreateBean(AbstractAutowireCapableBeanFactory.java:562) ~[spring-beans-6.1.8.jar:6.1.8]
	at org.springframework.beans.factory.support.AbstractAutowireCapableBeanFactory.createBean(AbstractAutowireCapableBeanFactory.java:522) ~[spring-beans-6.1.8.jar:6.1.8]
	at org.springframework.beans.factory.support.AbstractBeanFactory.lambda$doGetBean$0(AbstractBeanFactory.java:337) ~[spring-beans-6.1.8.jar:6.1.8]
	at org.springframework.beans.factory.support.DefaultSingletonBeanRegistry.getSingleton(DefaultSingletonBeanRegistry.java:234) ~[spring-beans-6.1.8.jar:6.1.8]
	at org.springframework.beans.factory.support.AbstractBeanFactory.doGetBean(AbstractBeanFactory.java:335) ~[spring-beans-6.1.8.jar:6.1.8]
	at org.springframework.beans.factory.support.AbstractBeanFactory.getBean(AbstractBeanFactory.java:200) ~[spring-beans-6.1.8.jar:6.1.8]
	at org.springframework.beans.factory.support.BeanDefinitionValueResolver.resolveReference(BeanDefinitionValueResolver.java:365) ~[spring-beans-6.1.8.jar:6.1.8]
	at org.springframework.beans.factory.support.BeanDefinitionValueResolver.resolveValueIfNecessary(BeanDefinitionValueResolver.java:135) ~[spring-beans-6.1.8.jar:6.1.8]
	at org.springframework.beans.factory.support.AbstractAutowireCapableBeanFactory.applyPropertyValues(AbstractAutowireCapableBeanFactory.java:1687) ~[spring-beans-6.1.8.jar:6.1.8]
	at org.springframework.beans.factory.support.AbstractAutowireCapableBeanFactory.populateBean(AbstractAutowireCapableBeanFactory.java:1436) ~[spring-beans-6.1.8.jar:6.1.8]
	at org.springframework.beans.factory.support.AbstractAutowireCapableBeanFactory.doCreateBean(AbstractAutowireCapableBeanFactory.java:599) ~[spring-beans-6.1.8.jar:6.1.8]
	at org.springframework.beans.factory.support.AbstractAutowireCapableBeanFactory.createBean(AbstractAutowireCapableBeanFactory.java:522) ~[spring-beans-6.1.8.jar:6.1.8]
	at org.springframework.beans.factory.support.AbstractBeanFactory.lambda$doGetBean$0(AbstractBeanFactory.java:337) ~[spring-beans-6.1.8.jar:6.1.8]
	at org.springframework.beans.factory.support.DefaultSingletonBeanRegistry.getSingleton(DefaultSingletonBeanRegistry.java:234) ~[spring-beans-6.1.8.jar:6.1.8]
	at org.springframework.beans.factory.support.AbstractBeanFactory.doGetBean(AbstractBeanFactory.java:335) ~[spring-beans-6.1.8.jar:6.1.8]
	at org.springframework.beans.factory.support.AbstractBeanFactory.getBean(AbstractBeanFactory.java:200) ~[spring-beans-6.1.8.jar:6.1.8]
	at org.springframework.beans.factory.config.DependencyDescriptor.resolveCandidate(DependencyDescriptor.java:254) ~[spring-beans-6.1.8.jar:6.1.8]
	at org.springframework.beans.factory.support.DefaultListableBeanFactory.doResolveDependency(DefaultListableBeanFactory.java:1443) ~[spring-beans-6.1.8.jar:6.1.8]
	at org.springframework.beans.factory.support.DefaultListableBeanFactory.resolveDependency(DefaultListableBeanFactory.java:1353) ~[spring-beans-6.1.8.jar:6.1.8]
	at org.springframework.beans.factory.support.ConstructorResolver.resolveAutowiredArgument(ConstructorResolver.java:904) ~[spring-beans-6.1.8.jar:6.1.8]
	at org.springframework.beans.factory.support.ConstructorResolver.createArgumentArray(ConstructorResolver.java:782) ~[spring-beans-6.1.8.jar:6.1.8]
	at org.springframework.beans.factory.support.ConstructorResolver.autowireConstructor(ConstructorResolver.java:237) ~[spring-beans-6.1.8.jar:6.1.8]
	at org.springframework.beans.factory.support.AbstractAutowireCapableBeanFactory.autowireConstructor(AbstractAutowireCapableBeanFactory.java:1357) ~[spring-beans-6.1.8.jar:6.1.8]
	at org.springframework.beans.factory.support.AbstractAutowireCapableBeanFactory.createBeanInstance(AbstractAutowireCapableBeanFactory.java:1194) ~[spring-beans-6.1.8.jar:6.1.8]
	at org.springframework.beans.factory.support.AbstractAutowireCapableBeanFactory.doCreateBean(AbstractAutowireCapableBeanFactory.java:562) ~[spring-beans-6.1.8.jar:6.1.8]
	at org.springframework.beans.factory.support.AbstractAutowireCapableBeanFactory.createBean(AbstractAutowireCapableBeanFactory.java:522) ~[spring-beans-6.1.8.jar:6.1.8]
	at org.springframework.beans.factory.support.AbstractBeanFactory.lambda$doGetBean$0(AbstractBeanFactory.java:337) ~[spring-beans-6.1.8.jar:6.1.8]
	at org.springframework.beans.factory.support.DefaultSingletonBeanRegistry.getSingleton(DefaultSingletonBeanRegistry.java:234) ~[spring-beans-6.1.8.jar:6.1.8]
	at org.springframework.beans.factory.support.AbstractBeanFactory.doGetBean(AbstractBeanFactory.java:335) ~[spring-beans-6.1.8.jar:6.1.8]
	at org.springframework.beans.factory.support.AbstractBeanFactory.getBean(AbstractBeanFactory.java:200) ~[spring-beans-6.1.8.jar:6.1.8]
	at org.springframework.beans.factory.config.DependencyDescriptor.resolveCandidate(DependencyDescriptor.java:254) ~[spring-beans-6.1.8.jar:6.1.8]
	at org.springframework.beans.factory.support.DefaultListableBeanFactory.doResolveDependency(DefaultListableBeanFactory.java:1443) ~[spring-beans-6.1.8.jar:6.1.8]
	at org.springframework.beans.factory.support.DefaultListableBeanFactory.resolveDependency(DefaultListableBeanFactory.java:1353) ~[spring-beans-6.1.8.jar:6.1.8]
	at org.springframework.beans.factory.support.ConstructorResolver.resolveAutowiredArgument(ConstructorResolver.java:904) ~[spring-beans-6.1.8.jar:6.1.8]
	at org.springframework.beans.factory.support.ConstructorResolver.createArgumentArray(ConstructorResolver.java:782) ~[spring-beans-6.1.8.jar:6.1.8]
	at org.springframework.beans.factory.support.ConstructorResolver.autowireConstructor(ConstructorResolver.java:237) ~[spring-beans-6.1.8.jar:6.1.8]
	at org.springframework.beans.factory.support.AbstractAutowireCapableBeanFactory.autowireConstructor(AbstractAutowireCapableBeanFactory.java:1357) ~[spring-beans-6.1.8.jar:6.1.8]
	at org.springframework.beans.factory.support.AbstractAutowireCapableBeanFactory.createBeanInstance(AbstractAutowireCapableBeanFactory.java:1194) ~[spring-beans-6.1.8.jar:6.1.8]
	at org.springframework.beans.factory.support.AbstractAutowireCapableBeanFactory.doCreateBean(AbstractAutowireCapableBeanFactory.java:562) ~[spring-beans-6.1.8.jar:6.1.8]
	at org.springframework.beans.factory.support.AbstractAutowireCapableBeanFactory.createBean(AbstractAutowireCapableBeanFactory.java:522) ~[spring-beans-6.1.8.jar:6.1.8]
	at org.springframework.beans.factory.support.AbstractBeanFactory.lambda$doGetBean$0(AbstractBeanFactory.java:337) ~[spring-beans-6.1.8.jar:6.1.8]
	at org.springframework.beans.factory.support.DefaultSingletonBeanRegistry.getSingleton(DefaultSingletonBeanRegistry.java:234) ~[spring-beans-6.1.8.jar:6.1.8]
	at org.springframework.beans.factory.support.AbstractBeanFactory.doGetBean(AbstractBeanFactory.java:335) ~[spring-beans-6.1.8.jar:6.1.8]
	at org.springframework.beans.factory.support.AbstractBeanFactory.getBean(AbstractBeanFactory.java:205) ~[spring-beans-6.1.8.jar:6.1.8]
	at org.springframework.boot.web.servlet.ServletContextInitializerBeans.getOrderedBeansOfType(ServletContextInitializerBeans.java:211) ~[spring-boot-3.3.0.jar:3.3.0]
	at org.springframework.boot.web.servlet.ServletContextInitializerBeans.addAsRegistrationBean(ServletContextInitializerBeans.java:174) ~[spring-boot-3.3.0.jar:3.3.0]
	at org.springframework.boot.web.servlet.ServletContextInitializerBeans.addAsRegistrationBean(ServletContextInitializerBeans.java:169) ~[spring-boot-3.3.0.jar:3.3.0]
	at org.springframework.boot.web.servlet.ServletContextInitializerBeans.addAdaptableBeans(ServletContextInitializerBeans.java:154) ~[spring-boot-3.3.0.jar:3.3.0]
	at org.springframework.boot.web.servlet.ServletContextInitializerBeans.<init>(ServletContextInitializerBeans.java:87) ~[spring-boot-3.3.0.jar:3.3.0]
	at org.springframework.boot.web.servlet.context.ServletWebServerApplicationContext.getServletContextInitializerBeans(ServletWebServerApplicationContext.java:266) ~[spring-boot-3.3.0.jar:3.3.0]
	at org.springframework.boot.web.servlet.context.ServletWebServerApplicationContext.selfInitialize(ServletWebServerApplicationContext.java:240) ~[spring-boot-3.3.0.jar:3.3.0]
	at org.springframework.boot.web.embedded.tomcat.TomcatStarter.onStartup(TomcatStarter.java:52) ~[spring-boot-3.3.0.jar:3.3.0]
	at org.apache.catalina.core.StandardContext.startInternal(StandardContext.java:4414) ~[tomcat-embed-core-10.1.24.jar:10.1.24]
	at org.apache.catalina.util.LifecycleBase.start(LifecycleBase.java:171) ~[tomcat-embed-core-10.1.24.jar:10.1.24]
	at org.apache.catalina.core.ContainerBase$StartChild.call(ContainerBase.java:1203) ~[tomcat-embed-core-10.1.24.jar:10.1.24]
	at org.apache.catalina.core.ContainerBase$StartChild.call(ContainerBase.java:1193) ~[tomcat-embed-core-10.1.24.jar:10.1.24]
	at java.base/java.util.concurrent.FutureTask.run(FutureTask.java:317) ~[na:na]
	at org.apache.tomcat.util.threads.InlineExecutorService.execute(InlineExecutorService.java:75) ~[tomcat-embed-core-10.1.24.jar:10.1.24]
	at java.base/java.util.concurrent.AbstractExecutorService.submit(AbstractExecutorService.java:145) ~[na:na]
	at org.apache.catalina.core.ContainerBase.startInternal(ContainerBase.java:749) ~[tomcat-embed-core-10.1.24.jar:10.1.24]
	at org.apache.catalina.core.StandardHost.startInternal(StandardHost.java:772) ~[tomcat-embed-core-10.1.24.jar:10.1.24]
	at org.apache.catalina.util.LifecycleBase.start(LifecycleBase.java:171) ~[tomcat-embed-core-10.1.24.jar:10.1.24]
	at org.apache.catalina.core.ContainerBase$StartChild.call(ContainerBase.java:1203) ~[tomcat-embed-core-10.1.24.jar:10.1.24]
	at org.apache.catalina.core.ContainerBase$StartChild.call(ContainerBase.java:1193) ~[tomcat-embed-core-10.1.24.jar:10.1.24]
	at java.base/java.util.concurrent.FutureTask.run(FutureTask.java:317) ~[na:na]
	at org.apache.tomcat.util.threads.InlineExecutorService.execute(InlineExecutorService.java:75) ~[tomcat-embed-core-10.1.24.jar:10.1.24]
	at java.base/java.util.concurrent.AbstractExecutorService.submit(AbstractExecutorService.java:145) ~[na:na]
	at org.apache.catalina.core.ContainerBase.startInternal(ContainerBase.java:749) ~[tomcat-embed-core-10.1.24.jar:10.1.24]
	at org.apache.catalina.core.StandardEngine.startInternal(StandardEngine.java:203) ~[tomcat-embed-core-10.1.24.jar:10.1.24]
	at org.apache.catalina.util.LifecycleBase.start(LifecycleBase.java:171) ~[tomcat-embed-core-10.1.24.jar:10.1.24]
	at org.apache.catalina.core.StandardService.startInternal(StandardService.java:415) ~[tomcat-embed-core-10.1.24.jar:10.1.24]
	at org.apache.catalina.util.LifecycleBase.start(LifecycleBase.java:171) ~[tomcat-embed-core-10.1.24.jar:10.1.24]
	at org.apache.catalina.core.StandardServer.startInternal(StandardServer.java:874) ~[tomcat-embed-core-10.1.24.jar:10.1.24]
	at org.apache.catalina.util.LifecycleBase.start(LifecycleBase.java:171) ~[tomcat-embed-core-10.1.24.jar:10.1.24]
	at org.apache.catalina.startup.Tomcat.start(Tomcat.java:437) ~[tomcat-embed-core-10.1.24.jar:10.1.24]
	at org.springframework.boot.web.embedded.tomcat.TomcatWebServer.initialize(TomcatWebServer.java:128) ~[spring-boot-3.3.0.jar:3.3.0]
	at org.springframework.boot.web.embedded.tomcat.TomcatWebServer.<init>(TomcatWebServer.java:107) ~[spring-boot-3.3.0.jar:3.3.0]
	at org.springframework.boot.web.embedded.tomcat.TomcatServletWebServerFactory.getTomcatWebServer(TomcatServletWebServerFactory.java:516) ~[spring-boot-3.3.0.jar:3.3.0]
	at org.springframework.boot.web.embedded.tomcat.TomcatServletWebServerFactory.getWebServer(TomcatServletWebServerFactory.java:222) ~[spring-boot-3.3.0.jar:3.3.0]
	at org.springframework.boot.web.servlet.context.ServletWebServerApplicationContext.createWebServer(ServletWebServerApplicationContext.java:188) ~[spring-boot-3.3.0.jar:3.3.0]
	at org.springframework.boot.web.servlet.context.ServletWebServerApplicationContext.onRefresh(ServletWebServerApplicationContext.java:162) ~[spring-boot-3.3.0.jar:3.3.0]
	at org.springframework.context.support.AbstractApplicationContext.refresh(AbstractApplicationContext.java:618) ~[spring-context-6.1.8.jar:6.1.8]
	at org.springframework.boot.web.servlet.context.ServletWebServerApplicationContext.refresh(ServletWebServerApplicationContext.java:146) ~[spring-boot-3.3.0.jar:3.3.0]
	at org.springframework.boot.SpringApplication.refresh(SpringApplication.java:754) ~[spring-boot-3.3.0.jar:3.3.0]
	at org.springframework.boot.SpringApplication.refreshContext(SpringApplication.java:456) ~[spring-boot-3.3.0.jar:3.3.0]
	at org.springframework.boot.SpringApplication.run(SpringApplication.java:335) ~[spring-boot-3.3.0.jar:3.3.0]
	at org.springframework.boot.SpringApplication.run(SpringApplication.java:1363) ~[spring-boot-3.3.0.jar:3.3.0]
	at org.springframework.boot.SpringApplication.run(SpringApplication.java:1352) ~[spring-boot-3.3.0.jar:3.3.0]
	at com.kce.project.SchoolServiceApplication.main(SchoolServiceApplication.java:11) ~[classes/:na]
Caused by: java.sql.SQLSyntaxErrorException: ORA-00955: name is already used by an existing object

	at oracle.jdbc.driver.T4CTTIoer11.processError(T4CTTIoer11.java:629) ~[ojdbc11-21.9.0.0.jar:21.9.0.0.0]
	at oracle.jdbc.driver.T4CTTIoer11.processError(T4CTTIoer11.java:563) ~[ojdbc11-21.9.0.0.jar:21.9.0.0.0]
	at oracle.jdbc.driver.T4C8Oall.processError(T4C8Oall.java:1230) ~[ojdbc11-21.9.0.0.jar:21.9.0.0.0]
	at oracle.jdbc.driver.T4CTTIfun.receive(T4CTTIfun.java:771) ~[ojdbc11-21.9.0.0.jar:21.9.0.0.0]
	at oracle.jdbc.driver.T4CTTIfun.doRPC(T4CTTIfun.java:298) ~[ojdbc11-21.9.0.0.jar:21.9.0.0.0]
	at oracle.jdbc.driver.T4C8Oall.doOALL(T4C8Oall.java:511) ~[ojdbc11-21.9.0.0.jar:21.9.0.0.0]
	at oracle.jdbc.driver.T4CStatement.doOall8(T4CStatement.java:122) ~[ojdbc11-21.9.0.0.jar:21.9.0.0.0]
	at oracle.jdbc.driver.T4CStatement.executeForRows(T4CStatement.java:1199) ~[ojdbc11-21.9.0.0.jar:21.9.0.0.0]
	at oracle.jdbc.driver.OracleStatement.executeSQLStatement(OracleStatement.java:1819) ~[ojdbc11-21.9.0.0.jar:21.9.0.0.0]
	at oracle.jdbc.driver.OracleStatement.doExecuteWithTimeout(OracleStatement.java:1471) ~[ojdbc11-21.9.0.0.jar:21.9.0.0.0]
	at oracle.jdbc.driver.OracleStatement.executeInternal(OracleStatement.java:2504) ~[ojdbc11-21.9.0.0.jar:21.9.0.0.0]
	at oracle.jdbc.driver.OracleStatement.execute(OracleStatement.java:2459) ~[ojdbc11-21.9.0.0.jar:21.9.0.0.0]
	at oracle.jdbc.driver.OracleStatementWrapper.execute(OracleStatementWrapper.java:327) ~[ojdbc11-21.9.0.0.jar:21.9.0.0.0]
	at com.zaxxer.hikari.pool.ProxyStatement.execute(ProxyStatement.java:94) ~[HikariCP-5.1.0.jar:na]
	at com.zaxxer.hikari.pool.HikariProxyStatement.execute(HikariProxyStatement.java) ~[HikariCP-5.1.0.jar:na]
	at org.hibernate.tool.schema.internal.exec.GenerationTargetToDatabase.accept(GenerationTargetToDatabase.java:80) ~[hibernate-core-6.5.2.Final.jar:6.5.2.Final]
	... 123 common frames omitted
Caused by: oracle.jdbc.OracleDatabaseException: ORA-00955: name is already used by an existing object

	at oracle.jdbc.driver.T4CTTIoer11.processError(T4CTTIoer11.java:636) ~[ojdbc11-21.9.0.0.jar:21.9.0.0.0]
	... 138 common frames omitted

Hibernate: create table simulations (simulation_id number(19,0) not null, created_at timestamp(6) not null, updated_at timestamp(6), active number(1,0) check (active in (0,1)), description varchar2(1000 char), difficulty varchar2(255 char) check (difficulty in ('BEGINNER','INTERMEDIATE','ADVANCED')), disaster_type varchar2(255 char) check (disaster_type in ('EARTHQUAKE','FIRE','FLOOD','CYCLONE','TSUNAMI','LANDSLIDE','FIRST_AID','CHEMICAL_LEAK')), duration number(10,0), thumbnail varchar2(255 char), title varchar2(255 char) not null, teacher_id number(19,0), primary key (simulation_id))
2026-08-13T11:59:40.605+05:30  WARN 14516 --- [school-service] [           main] o.h.t.s.i.ExceptionHandlerLoggedImpl     : GenerationTarget encountered exception accepting command : Error executing DDL "create table simulations (simulation_id number(19,0) not null, created_at timestamp(6) not null, updated_at timestamp(6), active number(1,0) check (active in (0,1)), description varchar2(1000 char), difficulty varchar2(255 char) check (difficulty in ('BEGINNER','INTERMEDIATE','ADVANCED')), disaster_type varchar2(255 char) check (disaster_type in ('EARTHQUAKE','FIRE','FLOOD','CYCLONE','TSUNAMI','LANDSLIDE','FIRST_AID','CHEMICAL_LEAK')), duration number(10,0), thumbnail varchar2(255 char), title varchar2(255 char) not null, teacher_id number(19,0), primary key (simulation_id))" via JDBC [ORA-00955: name is already used by an existing object
]

org.hibernate.tool.schema.spi.CommandAcceptanceException: Error executing DDL "create table simulations (simulation_id number(19,0) not null, created_at timestamp(6) not null, updated_at timestamp(6), active number(1,0) check (active in (0,1)), description varchar2(1000 char), difficulty varchar2(255 char) check (difficulty in ('BEGINNER','INTERMEDIATE','ADVANCED')), disaster_type varchar2(255 char) check (disaster_type in ('EARTHQUAKE','FIRE','FLOOD','CYCLONE','TSUNAMI','LANDSLIDE','FIRST_AID','CHEMICAL_LEAK')), duration number(10,0), thumbnail varchar2(255 char), title varchar2(255 char) not null, teacher_id number(19,0), primary key (simulation_id))" via JDBC [ORA-00955: name is already used by an existing object
]
	at org.hibernate.tool.schema.internal.exec.GenerationTargetToDatabase.accept(GenerationTargetToDatabase.java:94) ~[hibernate-core-6.5.2.Final.jar:6.5.2.Final]
	at org.hibernate.tool.schema.internal.AbstractSchemaMigrator.applySqlString(AbstractSchemaMigrator.java:575) ~[hibernate-core-6.5.2.Final.jar:6.5.2.Final]
	at org.hibernate.tool.schema.internal.AbstractSchemaMigrator.applySqlStrings(AbstractSchemaMigrator.java:515) ~[hibernate-core-6.5.2.Final.jar:6.5.2.Final]
	at org.hibernate.tool.schema.internal.AbstractSchemaMigrator.createTable(AbstractSchemaMigrator.java:315) ~[hibernate-core-6.5.2.Final.jar:6.5.2.Final]
	at org.hibernate.tool.schema.internal.GroupedSchemaMigratorImpl.performTablesMigration(GroupedSchemaMigratorImpl.java:80) ~[hibernate-core-6.5.2.Final.jar:6.5.2.Final]
	at org.hibernate.tool.schema.internal.AbstractSchemaMigrator.performMigration(AbstractSchemaMigrator.java:232) ~[hibernate-core-6.5.2.Final.jar:6.5.2.Final]
	at org.hibernate.tool.schema.internal.AbstractSchemaMigrator.doMigration(AbstractSchemaMigrator.java:117) ~[hibernate-core-6.5.2.Final.jar:6.5.2.Final]
	at org.hibernate.tool.schema.spi.SchemaManagementToolCoordinator.performDatabaseAction(SchemaManagementToolCoordinator.java:280) ~[hibernate-core-6.5.2.Final.jar:6.5.2.Final]
	at org.hibernate.tool.schema.spi.SchemaManagementToolCoordinator.lambda$process$5(SchemaManagementToolCoordinator.java:144) ~[hibernate-core-6.5.2.Final.jar:6.5.2.Final]
	at java.base/java.util.HashMap.forEach(HashMap.java:1429) ~[na:na]
	at org.hibernate.tool.schema.spi.SchemaManagementToolCoordinator.process(SchemaManagementToolCoordinator.java:141) ~[hibernate-core-6.5.2.Final.jar:6.5.2.Final]
	at org.hibernate.boot.internal.SessionFactoryObserverForSchemaExport.sessionFactoryCreated(SessionFactoryObserverForSchemaExport.java:37) ~[hibernate-core-6.5.2.Final.jar:6.5.2.Final]
	at org.hibernate.internal.SessionFactoryObserverChain.sessionFactoryCreated(SessionFactoryObserverChain.java:35) ~[hibernate-core-6.5.2.Final.jar:6.5.2.Final]
	at org.hibernate.internal.SessionFactoryImpl.<init>(SessionFactoryImpl.java:322) ~[hibernate-core-6.5.2.Final.jar:6.5.2.Final]
	at org.hibernate.boot.internal.SessionFactoryBuilderImpl.build(SessionFactoryBuilderImpl.java:457) ~[hibernate-core-6.5.2.Final.jar:6.5.2.Final]
	at org.hibernate.jpa.boot.internal.EntityManagerFactoryBuilderImpl.build(EntityManagerFactoryBuilderImpl.java:1506) ~[hibernate-core-6.5.2.Final.jar:6.5.2.Final]
	at org.springframework.orm.jpa.vendor.SpringHibernateJpaPersistenceProvider.createContainerEntityManagerFactory(SpringHibernateJpaPersistenceProvider.java:75) ~[spring-orm-6.1.8.jar:6.1.8]
	at org.springframework.orm.jpa.LocalContainerEntityManagerFactoryBean.createNativeEntityManagerFactory(LocalContainerEntityManagerFactoryBean.java:390) ~[spring-orm-6.1.8.jar:6.1.8]
	at org.springframework.orm.jpa.AbstractEntityManagerFactoryBean.buildNativeEntityManagerFactory(AbstractEntityManagerFactoryBean.java:409) ~[spring-orm-6.1.8.jar:6.1.8]
	at org.springframework.orm.jpa.AbstractEntityManagerFactoryBean.afterPropertiesSet(AbstractEntityManagerFactoryBean.java:396) ~[spring-orm-6.1.8.jar:6.1.8]
	at org.springframework.orm.jpa.LocalContainerEntityManagerFactoryBean.afterPropertiesSet(LocalContainerEntityManagerFactoryBean.java:366) ~[spring-orm-6.1.8.jar:6.1.8]
	at org.springframework.beans.factory.support.AbstractAutowireCapableBeanFactory.invokeInitMethods(AbstractAutowireCapableBeanFactory.java:1835) ~[spring-beans-6.1.8.jar:6.1.8]
	at org.springframework.beans.factory.support.AbstractAutowireCapableBeanFactory.initializeBean(AbstractAutowireCapableBeanFactory.java:1784) ~[spring-beans-6.1.8.jar:6.1.8]
	at org.springframework.beans.factory.support.AbstractAutowireCapableBeanFactory.doCreateBean(AbstractAutowireCapableBeanFactory.java:600) ~[spring-beans-6.1.8.jar:6.1.8]
	at org.springframework.beans.factory.support.AbstractAutowireCapableBeanFactory.createBean(AbstractAutowireCapableBeanFactory.java:522) ~[spring-beans-6.1.8.jar:6.1.8]
	at org.springframework.beans.factory.support.AbstractBeanFactory.lambda$doGetBean$0(AbstractBeanFactory.java:337) ~[spring-beans-6.1.8.jar:6.1.8]
	at org.springframework.beans.factory.support.DefaultSingletonBeanRegistry.getSingleton(DefaultSingletonBeanRegistry.java:234) ~[spring-beans-6.1.8.jar:6.1.8]
	at org.springframework.beans.factory.support.AbstractBeanFactory.doGetBean(AbstractBeanFactory.java:335) ~[spring-beans-6.1.8.jar:6.1.8]
	at org.springframework.beans.factory.support.AbstractBeanFactory.getBean(AbstractBeanFactory.java:200) ~[spring-beans-6.1.8.jar:6.1.8]
	at org.springframework.beans.factory.support.BeanDefinitionValueResolver.resolveReference(BeanDefinitionValueResolver.java:365) ~[spring-beans-6.1.8.jar:6.1.8]
	at org.springframework.beans.factory.support.BeanDefinitionValueResolver.resolveValueIfNecessary(BeanDefinitionValueResolver.java:135) ~[spring-beans-6.1.8.jar:6.1.8]
	at org.springframework.beans.factory.support.ConstructorResolver.resolveConstructorArguments(ConstructorResolver.java:682) ~[spring-beans-6.1.8.jar:6.1.8]
	at org.springframework.beans.factory.support.ConstructorResolver.instantiateUsingFactoryMethod(ConstructorResolver.java:509) ~[spring-beans-6.1.8.jar:6.1.8]
	at org.springframework.beans.factory.support.AbstractAutowireCapableBeanFactory.instantiateUsingFactoryMethod(AbstractAutowireCapableBeanFactory.java:1337) ~[spring-beans-6.1.8.jar:6.1.8]
	at org.springframework.beans.factory.support.AbstractAutowireCapableBeanFactory.createBeanInstance(AbstractAutowireCapableBeanFactory.java:1167) ~[spring-beans-6.1.8.jar:6.1.8]
	at org.springframework.beans.factory.support.AbstractAutowireCapableBeanFactory.doCreateBean(AbstractAutowireCapableBeanFactory.java:562) ~[spring-beans-6.1.8.jar:6.1.8]
	at org.springframework.beans.factory.support.AbstractAutowireCapableBeanFactory.createBean(AbstractAutowireCapableBeanFactory.java:522) ~[spring-beans-6.1.8.jar:6.1.8]
	at org.springframework.beans.factory.support.AbstractBeanFactory.lambda$doGetBean$0(AbstractBeanFactory.java:337) ~[spring-beans-6.1.8.jar:6.1.8]
	at org.springframework.beans.factory.support.DefaultSingletonBeanRegistry.getSingleton(DefaultSingletonBeanRegistry.java:234) ~[spring-beans-6.1.8.jar:6.1.8]
	at org.springframework.beans.factory.support.AbstractBeanFactory.doGetBean(AbstractBeanFactory.java:335) ~[spring-beans-6.1.8.jar:6.1.8]
	at org.springframework.beans.factory.support.AbstractBeanFactory.getBean(AbstractBeanFactory.java:200) ~[spring-beans-6.1.8.jar:6.1.8]
	at org.springframework.beans.factory.support.BeanDefinitionValueResolver.resolveReference(BeanDefinitionValueResolver.java:365) ~[spring-beans-6.1.8.jar:6.1.8]
	at org.springframework.beans.factory.support.BeanDefinitionValueResolver.resolveValueIfNecessary(BeanDefinitionValueResolver.java:135) ~[spring-beans-6.1.8.jar:6.1.8]
	at org.springframework.beans.factory.support.AbstractAutowireCapableBeanFactory.applyPropertyValues(AbstractAutowireCapableBeanFactory.java:1687) ~[spring-beans-6.1.8.jar:6.1.8]
	at org.springframework.beans.factory.support.AbstractAutowireCapableBeanFactory.populateBean(AbstractAutowireCapableBeanFactory.java:1436) ~[spring-beans-6.1.8.jar:6.1.8]
	at org.springframework.beans.factory.support.AbstractAutowireCapableBeanFactory.doCreateBean(AbstractAutowireCapableBeanFactory.java:599) ~[spring-beans-6.1.8.jar:6.1.8]
	at org.springframework.beans.factory.support.AbstractAutowireCapableBeanFactory.createBean(AbstractAutowireCapableBeanFactory.java:522) ~[spring-beans-6.1.8.jar:6.1.8]
	at org.springframework.beans.factory.support.AbstractBeanFactory.lambda$doGetBean$0(AbstractBeanFactory.java:337) ~[spring-beans-6.1.8.jar:6.1.8]
	at org.springframework.beans.factory.support.DefaultSingletonBeanRegistry.getSingleton(DefaultSingletonBeanRegistry.java:234) ~[spring-beans-6.1.8.jar:6.1.8]
	at org.springframework.beans.factory.support.AbstractBeanFactory.doGetBean(AbstractBeanFactory.java:335) ~[spring-beans-6.1.8.jar:6.1.8]
	at org.springframework.beans.factory.support.AbstractBeanFactory.getBean(AbstractBeanFactory.java:200) ~[spring-beans-6.1.8.jar:6.1.8]
	at org.springframework.beans.factory.config.DependencyDescriptor.resolveCandidate(DependencyDescriptor.java:254) ~[spring-beans-6.1.8.jar:6.1.8]
	at org.springframework.beans.factory.support.DefaultListableBeanFactory.doResolveDependency(DefaultListableBeanFactory.java:1443) ~[spring-beans-6.1.8.jar:6.1.8]
	at org.springframework.beans.factory.support.DefaultListableBeanFactory.resolveDependency(DefaultListableBeanFactory.java:1353) ~[spring-beans-6.1.8.jar:6.1.8]
	at org.springframework.beans.factory.support.ConstructorResolver.resolveAutowiredArgument(ConstructorResolver.java:904) ~[spring-beans-6.1.8.jar:6.1.8]
	at org.springframework.beans.factory.support.ConstructorResolver.createArgumentArray(ConstructorResolver.java:782) ~[spring-beans-6.1.8.jar:6.1.8]
	at org.springframework.beans.factory.support.ConstructorResolver.autowireConstructor(ConstructorResolver.java:237) ~[spring-beans-6.1.8.jar:6.1.8]
	at org.springframework.beans.factory.support.AbstractAutowireCapableBeanFactory.autowireConstructor(AbstractAutowireCapableBeanFactory.java:1357) ~[spring-beans-6.1.8.jar:6.1.8]
	at org.springframework.beans.factory.support.AbstractAutowireCapableBeanFactory.createBeanInstance(AbstractAutowireCapableBeanFactory.java:1194) ~[spring-beans-6.1.8.jar:6.1.8]
	at org.springframework.beans.factory.support.AbstractAutowireCapableBeanFactory.doCreateBean(AbstractAutowireCapableBeanFactory.java:562) ~[spring-beans-6.1.8.jar:6.1.8]
	at org.springframework.beans.factory.support.AbstractAutowireCapableBeanFactory.createBean(AbstractAutowireCapableBeanFactory.java:522) ~[spring-beans-6.1.8.jar:6.1.8]
	at org.springframework.beans.factory.support.AbstractBeanFactory.lambda$doGetBean$0(AbstractBeanFactory.java:337) ~[spring-beans-6.1.8.jar:6.1.8]
	at org.springframework.beans.factory.support.DefaultSingletonBeanRegistry.getSingleton(DefaultSingletonBeanRegistry.java:234) ~[spring-beans-6.1.8.jar:6.1.8]
	at org.springframework.beans.factory.support.AbstractBeanFactory.doGetBean(AbstractBeanFactory.java:335) ~[spring-beans-6.1.8.jar:6.1.8]
	at org.springframework.beans.factory.support.AbstractBeanFactory.getBean(AbstractBeanFactory.java:200) ~[spring-beans-6.1.8.jar:6.1.8]
	at org.springframework.beans.factory.config.DependencyDescriptor.resolveCandidate(DependencyDescriptor.java:254) ~[spring-beans-6.1.8.jar:6.1.8]
	at org.springframework.beans.factory.support.DefaultListableBeanFactory.doResolveDependency(DefaultListableBeanFactory.java:1443) ~[spring-beans-6.1.8.jar:6.1.8]
	at org.springframework.beans.factory.support.DefaultListableBeanFactory.resolveDependency(DefaultListableBeanFactory.java:1353) ~[spring-beans-6.1.8.jar:6.1.8]
	at org.springframework.beans.factory.support.ConstructorResolver.resolveAutowiredArgument(ConstructorResolver.java:904) ~[spring-beans-6.1.8.jar:6.1.8]
	at org.springframework.beans.factory.support.ConstructorResolver.createArgumentArray(ConstructorResolver.java:782) ~[spring-beans-6.1.8.jar:6.1.8]
	at org.springframework.beans.factory.support.ConstructorResolver.autowireConstructor(ConstructorResolver.java:237) ~[spring-beans-6.1.8.jar:6.1.8]
	at org.springframework.beans.factory.support.AbstractAutowireCapableBeanFactory.autowireConstructor(AbstractAutowireCapableBeanFactory.java:1357) ~[spring-beans-6.1.8.jar:6.1.8]
	at org.springframework.beans.factory.support.AbstractAutowireCapableBeanFactory.createBeanInstance(AbstractAutowireCapableBeanFactory.java:1194) ~[spring-beans-6.1.8.jar:6.1.8]
	at org.springframework.beans.factory.support.AbstractAutowireCapableBeanFactory.doCreateBean(AbstractAutowireCapableBeanFactory.java:562) ~[spring-beans-6.1.8.jar:6.1.8]
	at org.springframework.beans.factory.support.AbstractAutowireCapableBeanFactory.createBean(AbstractAutowireCapableBeanFactory.java:522) ~[spring-beans-6.1.8.jar:6.1.8]
	at org.springframework.beans.factory.support.AbstractBeanFactory.lambda$doGetBean$0(AbstractBeanFactory.java:337) ~[spring-beans-6.1.8.jar:6.1.8]
	at org.springframework.beans.factory.support.DefaultSingletonBeanRegistry.getSingleton(DefaultSingletonBeanRegistry.java:234) ~[spring-beans-6.1.8.jar:6.1.8]
	at org.springframework.beans.factory.support.AbstractBeanFactory.doGetBean(AbstractBeanFactory.java:335) ~[spring-beans-6.1.8.jar:6.1.8]
	at org.springframework.beans.factory.support.AbstractBeanFactory.getBean(AbstractBeanFactory.java:205) ~[spring-beans-6.1.8.jar:6.1.8]
	at org.springframework.boot.web.servlet.ServletContextInitializerBeans.getOrderedBeansOfType(ServletContextInitializerBeans.java:211) ~[spring-boot-3.3.0.jar:3.3.0]
	at org.springframework.boot.web.servlet.ServletContextInitializerBeans.addAsRegistrationBean(ServletContextInitializerBeans.java:174) ~[spring-boot-3.3.0.jar:3.3.0]
	at org.springframework.boot.web.servlet.ServletContextInitializerBeans.addAsRegistrationBean(ServletContextInitializerBeans.java:169) ~[spring-boot-3.3.0.jar:3.3.0]
	at org.springframework.boot.web.servlet.ServletContextInitializerBeans.addAdaptableBeans(ServletContextInitializerBeans.java:154) ~[spring-boot-3.3.0.jar:3.3.0]
	at org.springframework.boot.web.servlet.ServletContextInitializerBeans.<init>(ServletContextInitializerBeans.java:87) ~[spring-boot-3.3.0.jar:3.3.0]
	at org.springframework.boot.web.servlet.context.ServletWebServerApplicationContext.getServletContextInitializerBeans(ServletWebServerApplicationContext.java:266) ~[spring-boot-3.3.0.jar:3.3.0]
	at org.springframework.boot.web.servlet.context.ServletWebServerApplicationContext.selfInitialize(ServletWebServerApplicationContext.java:240) ~[spring-boot-3.3.0.jar:3.3.0]
	at org.springframework.boot.web.embedded.tomcat.TomcatStarter.onStartup(TomcatStarter.java:52) ~[spring-boot-3.3.0.jar:3.3.0]
	at org.apache.catalina.core.StandardContext.startInternal(StandardContext.java:4414) ~[tomcat-embed-core-10.1.24.jar:10.1.24]
	at org.apache.catalina.util.LifecycleBase.start(LifecycleBase.java:171) ~[tomcat-embed-core-10.1.24.jar:10.1.24]
	at org.apache.catalina.core.ContainerBase$StartChild.call(ContainerBase.java:1203) ~[tomcat-embed-core-10.1.24.jar:10.1.24]
	at org.apache.catalina.core.ContainerBase$StartChild.call(ContainerBase.java:1193) ~[tomcat-embed-core-10.1.24.jar:10.1.24]
	at java.base/java.util.concurrent.FutureTask.run(FutureTask.java:317) ~[na:na]
	at org.apache.tomcat.util.threads.InlineExecutorService.execute(InlineExecutorService.java:75) ~[tomcat-embed-core-10.1.24.jar:10.1.24]
	at java.base/java.util.concurrent.AbstractExecutorService.submit(AbstractExecutorService.java:145) ~[na:na]
	at org.apache.catalina.core.ContainerBase.startInternal(ContainerBase.java:749) ~[tomcat-embed-core-10.1.24.jar:10.1.24]
	at org.apache.catalina.core.StandardHost.startInternal(StandardHost.java:772) ~[tomcat-embed-core-10.1.24.jar:10.1.24]
	at org.apache.catalina.util.LifecycleBase.start(LifecycleBase.java:171) ~[tomcat-embed-core-10.1.24.jar:10.1.24]
	at org.apache.catalina.core.ContainerBase$StartChild.call(ContainerBase.java:1203) ~[tomcat-embed-core-10.1.24.jar:10.1.24]
	at org.apache.catalina.core.ContainerBase$StartChild.call(ContainerBase.java:1193) ~[tomcat-embed-core-10.1.24.jar:10.1.24]
	at java.base/java.util.concurrent.FutureTask.run(FutureTask.java:317) ~[na:na]
	at org.apache.tomcat.util.threads.InlineExecutorService.execute(InlineExecutorService.java:75) ~[tomcat-embed-core-10.1.24.jar:10.1.24]
	at java.base/java.util.concurrent.AbstractExecutorService.submit(AbstractExecutorService.java:145) ~[na:na]
	at org.apache.catalina.core.ContainerBase.startInternal(ContainerBase.java:749) ~[tomcat-embed-core-10.1.24.jar:10.1.24]
	at org.apache.catalina.core.StandardEngine.startInternal(StandardEngine.java:203) ~[tomcat-embed-core-10.1.24.jar:10.1.24]
	at org.apache.catalina.util.LifecycleBase.start(LifecycleBase.java:171) ~[tomcat-embed-core-10.1.24.jar:10.1.24]
	at org.apache.catalina.core.StandardService.startInternal(StandardService.java:415) ~[tomcat-embed-core-10.1.24.jar:10.1.24]
	at org.apache.catalina.util.LifecycleBase.start(LifecycleBase.java:171) ~[tomcat-embed-core-10.1.24.jar:10.1.24]
	at org.apache.catalina.core.StandardServer.startInternal(StandardServer.java:874) ~[tomcat-embed-core-10.1.24.jar:10.1.24]
	at org.apache.catalina.util.LifecycleBase.start(LifecycleBase.java:171) ~[tomcat-embed-core-10.1.24.jar:10.1.24]
	at org.apache.catalina.startup.Tomcat.start(Tomcat.java:437) ~[tomcat-embed-core-10.1.24.jar:10.1.24]
	at org.springframework.boot.web.embedded.tomcat.TomcatWebServer.initialize(TomcatWebServer.java:128) ~[spring-boot-3.3.0.jar:3.3.0]
	at org.springframework.boot.web.embedded.tomcat.TomcatWebServer.<init>(TomcatWebServer.java:107) ~[spring-boot-3.3.0.jar:3.3.0]
	at org.springframework.boot.web.embedded.tomcat.TomcatServletWebServerFactory.getTomcatWebServer(TomcatServletWebServerFactory.java:516) ~[spring-boot-3.3.0.jar:3.3.0]
	at org.springframework.boot.web.embedded.tomcat.TomcatServletWebServerFactory.getWebServer(TomcatServletWebServerFactory.java:222) ~[spring-boot-3.3.0.jar:3.3.0]
	at org.springframework.boot.web.servlet.context.ServletWebServerApplicationContext.createWebServer(ServletWebServerApplicationContext.java:188) ~[spring-boot-3.3.0.jar:3.3.0]
	at org.springframework.boot.web.servlet.context.ServletWebServerApplicationContext.onRefresh(ServletWebServerApplicationContext.java:162) ~[spring-boot-3.3.0.jar:3.3.0]
	at org.springframework.context.support.AbstractApplicationContext.refresh(AbstractApplicationContext.java:618) ~[spring-context-6.1.8.jar:6.1.8]
	at org.springframework.boot.web.servlet.context.ServletWebServerApplicationContext.refresh(ServletWebServerApplicationContext.java:146) ~[spring-boot-3.3.0.jar:3.3.0]
	at org.springframework.boot.SpringApplication.refresh(SpringApplication.java:754) ~[spring-boot-3.3.0.jar:3.3.0]
	at org.springframework.boot.SpringApplication.refreshContext(SpringApplication.java:456) ~[spring-boot-3.3.0.jar:3.3.0]
	at org.springframework.boot.SpringApplication.run(SpringApplication.java:335) ~[spring-boot-3.3.0.jar:3.3.0]
	at org.springframework.boot.SpringApplication.run(SpringApplication.java:1363) ~[spring-boot-3.3.0.jar:3.3.0]
	at org.springframework.boot.SpringApplication.run(SpringApplication.java:1352) ~[spring-boot-3.3.0.jar:3.3.0]
	at com.kce.project.SchoolServiceApplication.main(SchoolServiceApplication.java:11) ~[classes/:na]
Caused by: java.sql.SQLSyntaxErrorException: ORA-00955: name is already used by an existing object

	at oracle.jdbc.driver.T4CTTIoer11.processError(T4CTTIoer11.java:629) ~[ojdbc11-21.9.0.0.jar:21.9.0.0.0]
	at oracle.jdbc.driver.T4CTTIoer11.processError(T4CTTIoer11.java:563) ~[ojdbc11-21.9.0.0.jar:21.9.0.0.0]
	at oracle.jdbc.driver.T4C8Oall.processError(T4C8Oall.java:1230) ~[ojdbc11-21.9.0.0.jar:21.9.0.0.0]
	at oracle.jdbc.driver.T4CTTIfun.receive(T4CTTIfun.java:771) ~[ojdbc11-21.9.0.0.jar:21.9.0.0.0]
	at oracle.jdbc.driver.T4CTTIfun.doRPC(T4CTTIfun.java:298) ~[ojdbc11-21.9.0.0.jar:21.9.0.0.0]
	at oracle.jdbc.driver.T4C8Oall.doOALL(T4C8Oall.java:511) ~[ojdbc11-21.9.0.0.jar:21.9.0.0.0]
	at oracle.jdbc.driver.T4CStatement.doOall8(T4CStatement.java:122) ~[ojdbc11-21.9.0.0.jar:21.9.0.0.0]
	at oracle.jdbc.driver.T4CStatement.executeForRows(T4CStatement.java:1199) ~[ojdbc11-21.9.0.0.jar:21.9.0.0.0]
	at oracle.jdbc.driver.OracleStatement.executeSQLStatement(OracleStatement.java:1819) ~[ojdbc11-21.9.0.0.jar:21.9.0.0.0]
	at oracle.jdbc.driver.OracleStatement.doExecuteWithTimeout(OracleStatement.java:1471) ~[ojdbc11-21.9.0.0.jar:21.9.0.0.0]
	at oracle.jdbc.driver.OracleStatement.executeInternal(OracleStatement.java:2504) ~[ojdbc11-21.9.0.0.jar:21.9.0.0.0]
	at oracle.jdbc.driver.OracleStatement.execute(OracleStatement.java:2459) ~[ojdbc11-21.9.0.0.jar:21.9.0.0.0]
	at oracle.jdbc.driver.OracleStatementWrapper.execute(OracleStatementWrapper.java:327) ~[ojdbc11-21.9.0.0.jar:21.9.0.0.0]
	at com.zaxxer.hikari.pool.ProxyStatement.execute(ProxyStatement.java:94) ~[HikariCP-5.1.0.jar:na]
	at com.zaxxer.hikari.pool.HikariProxyStatement.execute(HikariProxyStatement.java) ~[HikariCP-5.1.0.jar:na]
	at org.hibernate.tool.schema.internal.exec.GenerationTargetToDatabase.accept(GenerationTargetToDatabase.java:80) ~[hibernate-core-6.5.2.Final.jar:6.5.2.Final]
	... 123 common frames omitted
Caused by: oracle.jdbc.OracleDatabaseException: ORA-00955: name is already used by an existing object

	at oracle.jdbc.driver.T4CTTIoer11.processError(T4CTTIoer11.java:636) ~[ojdbc11-21.9.0.0.jar:21.9.0.0.0]
	... 138 common frames omitted

Hibernate: create table student_progress (progress_id number(19,0) not null, created_at timestamp(6) not null, updated_at timestamp(6), completed_at timestamp(6), completion_percentage number(10,0), started_at timestamp(6), status varchar2(255 char) check (status in ('NOT_STARTED','IN_PROGRESS','COMPLETED')), assignment_id number(19,0), student_id number(19,0), primary key (progress_id))
2026-08-13T11:59:40.620+05:30  WARN 14516 --- [school-service] [           main] o.h.t.s.i.ExceptionHandlerLoggedImpl     : GenerationTarget encountered exception accepting command : Error executing DDL "create table student_progress (progress_id number(19,0) not null, created_at timestamp(6) not null, updated_at timestamp(6), completed_at timestamp(6), completion_percentage number(10,0), started_at timestamp(6), status varchar2(255 char) check (status in ('NOT_STARTED','IN_PROGRESS','COMPLETED')), assignment_id number(19,0), student_id number(19,0), primary key (progress_id))" via JDBC [ORA-00955: name is already used by an existing object
]

org.hibernate.tool.schema.spi.CommandAcceptanceException: Error executing DDL "create table student_progress (progress_id number(19,0) not null, created_at timestamp(6) not null, updated_at timestamp(6), completed_at timestamp(6), completion_percentage number(10,0), started_at timestamp(6), status varchar2(255 char) check (status in ('NOT_STARTED','IN_PROGRESS','COMPLETED')), assignment_id number(19,0), student_id number(19,0), primary key (progress_id))" via JDBC [ORA-00955: name is already used by an existing object
]
	at org.hibernate.tool.schema.internal.exec.GenerationTargetToDatabase.accept(GenerationTargetToDatabase.java:94) ~[hibernate-core-6.5.2.Final.jar:6.5.2.Final]
	at org.hibernate.tool.schema.internal.AbstractSchemaMigrator.applySqlString(AbstractSchemaMigrator.java:575) ~[hibernate-core-6.5.2.Final.jar:6.5.2.Final]
	at org.hibernate.tool.schema.internal.AbstractSchemaMigrator.applySqlStrings(AbstractSchemaMigrator.java:515) ~[hibernate-core-6.5.2.Final.jar:6.5.2.Final]
	at org.hibernate.tool.schema.internal.AbstractSchemaMigrator.createTable(AbstractSchemaMigrator.java:315) ~[hibernate-core-6.5.2.Final.jar:6.5.2.Final]
	at org.hibernate.tool.schema.internal.GroupedSchemaMigratorImpl.performTablesMigration(GroupedSchemaMigratorImpl.java:80) ~[hibernate-core-6.5.2.Final.jar:6.5.2.Final]
	at org.hibernate.tool.schema.internal.AbstractSchemaMigrator.performMigration(AbstractSchemaMigrator.java:232) ~[hibernate-core-6.5.2.Final.jar:6.5.2.Final]
	at org.hibernate.tool.schema.internal.AbstractSchemaMigrator.doMigration(AbstractSchemaMigrator.java:117) ~[hibernate-core-6.5.2.Final.jar:6.5.2.Final]
	at org.hibernate.tool.schema.spi.SchemaManagementToolCoordinator.performDatabaseAction(SchemaManagementToolCoordinator.java:280) ~[hibernate-core-6.5.2.Final.jar:6.5.2.Final]
	at org.hibernate.tool.schema.spi.SchemaManagementToolCoordinator.lambda$process$5(SchemaManagementToolCoordinator.java:144) ~[hibernate-core-6.5.2.Final.jar:6.5.2.Final]
	at java.base/java.util.HashMap.forEach(HashMap.java:1429) ~[na:na]
	at org.hibernate.tool.schema.spi.SchemaManagementToolCoordinator.process(SchemaManagementToolCoordinator.java:141) ~[hibernate-core-6.5.2.Final.jar:6.5.2.Final]
	at org.hibernate.boot.internal.SessionFactoryObserverForSchemaExport.sessionFactoryCreated(SessionFactoryObserverForSchemaExport.java:37) ~[hibernate-core-6.5.2.Final.jar:6.5.2.Final]
	at org.hibernate.internal.SessionFactoryObserverChain.sessionFactoryCreated(SessionFactoryObserverChain.java:35) ~[hibernate-core-6.5.2.Final.jar:6.5.2.Final]
	at org.hibernate.internal.SessionFactoryImpl.<init>(SessionFactoryImpl.java:322) ~[hibernate-core-6.5.2.Final.jar:6.5.2.Final]
	at org.hibernate.boot.internal.SessionFactoryBuilderImpl.build(SessionFactoryBuilderImpl.java:457) ~[hibernate-core-6.5.2.Final.jar:6.5.2.Final]
	at org.hibernate.jpa.boot.internal.EntityManagerFactoryBuilderImpl.build(EntityManagerFactoryBuilderImpl.java:1506) ~[hibernate-core-6.5.2.Final.jar:6.5.2.Final]
	at org.springframework.orm.jpa.vendor.SpringHibernateJpaPersistenceProvider.createContainerEntityManagerFactory(SpringHibernateJpaPersistenceProvider.java:75) ~[spring-orm-6.1.8.jar:6.1.8]
	at org.springframework.orm.jpa.LocalContainerEntityManagerFactoryBean.createNativeEntityManagerFactory(LocalContainerEntityManagerFactoryBean.java:390) ~[spring-orm-6.1.8.jar:6.1.8]
	at org.springframework.orm.jpa.AbstractEntityManagerFactoryBean.buildNativeEntityManagerFactory(AbstractEntityManagerFactoryBean.java:409) ~[spring-orm-6.1.8.jar:6.1.8]
	at org.springframework.orm.jpa.AbstractEntityManagerFactoryBean.afterPropertiesSet(AbstractEntityManagerFactoryBean.java:396) ~[spring-orm-6.1.8.jar:6.1.8]
	at org.springframework.orm.jpa.LocalContainerEntityManagerFactoryBean.afterPropertiesSet(LocalContainerEntityManagerFactoryBean.java:366) ~[spring-orm-6.1.8.jar:6.1.8]
	at org.springframework.beans.factory.support.AbstractAutowireCapableBeanFactory.invokeInitMethods(AbstractAutowireCapableBeanFactory.java:1835) ~[spring-beans-6.1.8.jar:6.1.8]
	at org.springframework.beans.factory.support.AbstractAutowireCapableBeanFactory.initializeBean(AbstractAutowireCapableBeanFactory.java:1784) ~[spring-beans-6.1.8.jar:6.1.8]
	at org.springframework.beans.factory.support.AbstractAutowireCapableBeanFactory.doCreateBean(AbstractAutowireCapableBeanFactory.java:600) ~[spring-beans-6.1.8.jar:6.1.8]
	at org.springframework.beans.factory.support.AbstractAutowireCapableBeanFactory.createBean(AbstractAutowireCapableBeanFactory.java:522) ~[spring-beans-6.1.8.jar:6.1.8]
	at org.springframework.beans.factory.support.AbstractBeanFactory.lambda$doGetBean$0(AbstractBeanFactory.java:337) ~[spring-beans-6.1.8.jar:6.1.8]
	at org.springframework.beans.factory.support.DefaultSingletonBeanRegistry.getSingleton(DefaultSingletonBeanRegistry.java:234) ~[spring-beans-6.1.8.jar:6.1.8]
	at org.springframework.beans.factory.support.AbstractBeanFactory.doGetBean(AbstractBeanFactory.java:335) ~[spring-beans-6.1.8.jar:6.1.8]
	at org.springframework.beans.factory.support.AbstractBeanFactory.getBean(AbstractBeanFactory.java:200) ~[spring-beans-6.1.8.jar:6.1.8]
	at org.springframework.beans.factory.support.BeanDefinitionValueResolver.resolveReference(BeanDefinitionValueResolver.java:365) ~[spring-beans-6.1.8.jar:6.1.8]
	at org.springframework.beans.factory.support.BeanDefinitionValueResolver.resolveValueIfNecessary(BeanDefinitionValueResolver.java:135) ~[spring-beans-6.1.8.jar:6.1.8]
	at org.springframework.beans.factory.support.ConstructorResolver.resolveConstructorArguments(ConstructorResolver.java:682) ~[spring-beans-6.1.8.jar:6.1.8]
	at org.springframework.beans.factory.support.ConstructorResolver.instantiateUsingFactoryMethod(ConstructorResolver.java:509) ~[spring-beans-6.1.8.jar:6.1.8]
	at org.springframework.beans.factory.support.AbstractAutowireCapableBeanFactory.instantiateUsingFactoryMethod(AbstractAutowireCapableBeanFactory.java:1337) ~[spring-beans-6.1.8.jar:6.1.8]
	at org.springframework.beans.factory.support.AbstractAutowireCapableBeanFactory.createBeanInstance(AbstractAutowireCapableBeanFactory.java:1167) ~[spring-beans-6.1.8.jar:6.1.8]
	at org.springframework.beans.factory.support.AbstractAutowireCapableBeanFactory.doCreateBean(AbstractAutowireCapableBeanFactory.java:562) ~[spring-beans-6.1.8.jar:6.1.8]
	at org.springframework.beans.factory.support.AbstractAutowireCapableBeanFactory.createBean(AbstractAutowireCapableBeanFactory.java:522) ~[spring-beans-6.1.8.jar:6.1.8]
	at org.springframework.beans.factory.support.AbstractBeanFactory.lambda$doGetBean$0(AbstractBeanFactory.java:337) ~[spring-beans-6.1.8.jar:6.1.8]
	at org.springframework.beans.factory.support.DefaultSingletonBeanRegistry.getSingleton(DefaultSingletonBeanRegistry.java:234) ~[spring-beans-6.1.8.jar:6.1.8]
	at org.springframework.beans.factory.support.AbstractBeanFactory.doGetBean(AbstractBeanFactory.java:335) ~[spring-beans-6.1.8.jar:6.1.8]
	at org.springframework.beans.factory.support.AbstractBeanFactory.getBean(AbstractBeanFactory.java:200) ~[spring-beans-6.1.8.jar:6.1.8]
	at org.springframework.beans.factory.support.BeanDefinitionValueResolver.resolveReference(BeanDefinitionValueResolver.java:365) ~[spring-beans-6.1.8.jar:6.1.8]
	at org.springframework.beans.factory.support.BeanDefinitionValueResolver.resolveValueIfNecessary(BeanDefinitionValueResolver.java:135) ~[spring-beans-6.1.8.jar:6.1.8]
	at org.springframework.beans.factory.support.AbstractAutowireCapableBeanFactory.applyPropertyValues(AbstractAutowireCapableBeanFactory.java:1687) ~[spring-beans-6.1.8.jar:6.1.8]
	at org.springframework.beans.factory.support.AbstractAutowireCapableBeanFactory.populateBean(AbstractAutowireCapableBeanFactory.java:1436) ~[spring-beans-6.1.8.jar:6.1.8]
	at org.springframework.beans.factory.support.AbstractAutowireCapableBeanFactory.doCreateBean(AbstractAutowireCapableBeanFactory.java:599) ~[spring-beans-6.1.8.jar:6.1.8]
	at org.springframework.beans.factory.support.AbstractAutowireCapableBeanFactory.createBean(AbstractAutowireCapableBeanFactory.java:522) ~[spring-beans-6.1.8.jar:6.1.8]
	at org.springframework.beans.factory.support.AbstractBeanFactory.lambda$doGetBean$0(AbstractBeanFactory.java:337) ~[spring-beans-6.1.8.jar:6.1.8]
	at org.springframework.beans.factory.support.DefaultSingletonBeanRegistry.getSingleton(DefaultSingletonBeanRegistry.java:234) ~[spring-beans-6.1.8.jar:6.1.8]
	at org.springframework.beans.factory.support.AbstractBeanFactory.doGetBean(AbstractBeanFactory.java:335) ~[spring-beans-6.1.8.jar:6.1.8]
	at org.springframework.beans.factory.support.AbstractBeanFactory.getBean(AbstractBeanFactory.java:200) ~[spring-beans-6.1.8.jar:6.1.8]
	at org.springframework.beans.factory.config.DependencyDescriptor.resolveCandidate(DependencyDescriptor.java:254) ~[spring-beans-6.1.8.jar:6.1.8]
	at org.springframework.beans.factory.support.DefaultListableBeanFactory.doResolveDependency(DefaultListableBeanFactory.java:1443) ~[spring-beans-6.1.8.jar:6.1.8]
	at org.springframework.beans.factory.support.DefaultListableBeanFactory.resolveDependency(DefaultListableBeanFactory.java:1353) ~[spring-beans-6.1.8.jar:6.1.8]
	at org.springframework.beans.factory.support.ConstructorResolver.resolveAutowiredArgument(ConstructorResolver.java:904) ~[spring-beans-6.1.8.jar:6.1.8]
	at org.springframework.beans.factory.support.ConstructorResolver.createArgumentArray(ConstructorResolver.java:782) ~[spring-beans-6.1.8.jar:6.1.8]
	at org.springframework.beans.factory.support.ConstructorResolver.autowireConstructor(ConstructorResolver.java:237) ~[spring-beans-6.1.8.jar:6.1.8]
	at org.springframework.beans.factory.support.AbstractAutowireCapableBeanFactory.autowireConstructor(AbstractAutowireCapableBeanFactory.java:1357) ~[spring-beans-6.1.8.jar:6.1.8]
	at org.springframework.beans.factory.support.AbstractAutowireCapableBeanFactory.createBeanInstance(AbstractAutowireCapableBeanFactory.java:1194) ~[spring-beans-6.1.8.jar:6.1.8]
	at org.springframework.beans.factory.support.AbstractAutowireCapableBeanFactory.doCreateBean(AbstractAutowireCapableBeanFactory.java:562) ~[spring-beans-6.1.8.jar:6.1.8]
	at org.springframework.beans.factory.support.AbstractAutowireCapableBeanFactory.createBean(AbstractAutowireCapableBeanFactory.java:522) ~[spring-beans-6.1.8.jar:6.1.8]
	at org.springframework.beans.factory.support.AbstractBeanFactory.lambda$doGetBean$0(AbstractBeanFactory.java:337) ~[spring-beans-6.1.8.jar:6.1.8]
	at org.springframework.beans.factory.support.DefaultSingletonBeanRegistry.getSingleton(DefaultSingletonBeanRegistry.java:234) ~[spring-beans-6.1.8.jar:6.1.8]
	at org.springframework.beans.factory.support.AbstractBeanFactory.doGetBean(AbstractBeanFactory.java:335) ~[spring-beans-6.1.8.jar:6.1.8]
	at org.springframework.beans.factory.support.AbstractBeanFactory.getBean(AbstractBeanFactory.java:200) ~[spring-beans-6.1.8.jar:6.1.8]
	at org.springframework.beans.factory.config.DependencyDescriptor.resolveCandidate(DependencyDescriptor.java:254) ~[spring-beans-6.1.8.jar:6.1.8]
	at org.springframework.beans.factory.support.DefaultListableBeanFactory.doResolveDependency(DefaultListableBeanFactory.java:1443) ~[spring-beans-6.1.8.jar:6.1.8]
	at org.springframework.beans.factory.support.DefaultListableBeanFactory.resolveDependency(DefaultListableBeanFactory.java:1353) ~[spring-beans-6.1.8.jar:6.1.8]
	at org.springframework.beans.factory.support.ConstructorResolver.resolveAutowiredArgument(ConstructorResolver.java:904) ~[spring-beans-6.1.8.jar:6.1.8]
	at org.springframework.beans.factory.support.ConstructorResolver.createArgumentArray(ConstructorResolver.java:782) ~[spring-beans-6.1.8.jar:6.1.8]
	at org.springframework.beans.factory.support.ConstructorResolver.autowireConstructor(ConstructorResolver.java:237) ~[spring-beans-6.1.8.jar:6.1.8]
	at org.springframework.beans.factory.support.AbstractAutowireCapableBeanFactory.autowireConstructor(AbstractAutowireCapableBeanFactory.java:1357) ~[spring-beans-6.1.8.jar:6.1.8]
	at org.springframework.beans.factory.support.AbstractAutowireCapableBeanFactory.createBeanInstance(AbstractAutowireCapableBeanFactory.java:1194) ~[spring-beans-6.1.8.jar:6.1.8]
	at org.springframework.beans.factory.support.AbstractAutowireCapableBeanFactory.doCreateBean(AbstractAutowireCapableBeanFactory.java:562) ~[spring-beans-6.1.8.jar:6.1.8]
	at org.springframework.beans.factory.support.AbstractAutowireCapableBeanFactory.createBean(AbstractAutowireCapableBeanFactory.java:522) ~[spring-beans-6.1.8.jar:6.1.8]
	at org.springframework.beans.factory.support.AbstractBeanFactory.lambda$doGetBean$0(AbstractBeanFactory.java:337) ~[spring-beans-6.1.8.jar:6.1.8]
	at org.springframework.beans.factory.support.DefaultSingletonBeanRegistry.getSingleton(DefaultSingletonBeanRegistry.java:234) ~[spring-beans-6.1.8.jar:6.1.8]
	at org.springframework.beans.factory.support.AbstractBeanFactory.doGetBean(AbstractBeanFactory.java:335) ~[spring-beans-6.1.8.jar:6.1.8]
	at org.springframework.beans.factory.support.AbstractBeanFactory.getBean(AbstractBeanFactory.java:205) ~[spring-beans-6.1.8.jar:6.1.8]
	at org.springframework.boot.web.servlet.ServletContextInitializerBeans.getOrderedBeansOfType(ServletContextInitializerBeans.java:211) ~[spring-boot-3.3.0.jar:3.3.0]
	at org.springframework.boot.web.servlet.ServletContextInitializerBeans.addAsRegistrationBean(ServletContextInitializerBeans.java:174) ~[spring-boot-3.3.0.jar:3.3.0]
	at org.springframework.boot.web.servlet.ServletContextInitializerBeans.addAsRegistrationBean(ServletContextInitializerBeans.java:169) ~[spring-boot-3.3.0.jar:3.3.0]
	at org.springframework.boot.web.servlet.ServletContextInitializerBeans.addAdaptableBeans(ServletContextInitializerBeans.java:154) ~[spring-boot-3.3.0.jar:3.3.0]
	at org.springframework.boot.web.servlet.ServletContextInitializerBeans.<init>(ServletContextInitializerBeans.java:87) ~[spring-boot-3.3.0.jar:3.3.0]
	at org.springframework.boot.web.servlet.context.ServletWebServerApplicationContext.getServletContextInitializerBeans(ServletWebServerApplicationContext.java:266) ~[spring-boot-3.3.0.jar:3.3.0]
	at org.springframework.boot.web.servlet.context.ServletWebServerApplicationContext.selfInitialize(ServletWebServerApplicationContext.java:240) ~[spring-boot-3.3.0.jar:3.3.0]
	at org.springframework.boot.web.embedded.tomcat.TomcatStarter.onStartup(TomcatStarter.java:52) ~[spring-boot-3.3.0.jar:3.3.0]
	at org.apache.catalina.core.StandardContext.startInternal(StandardContext.java:4414) ~[tomcat-embed-core-10.1.24.jar:10.1.24]
	at org.apache.catalina.util.LifecycleBase.start(LifecycleBase.java:171) ~[tomcat-embed-core-10.1.24.jar:10.1.24]
	at org.apache.catalina.core.ContainerBase$StartChild.call(ContainerBase.java:1203) ~[tomcat-embed-core-10.1.24.jar:10.1.24]
	at org.apache.catalina.core.ContainerBase$StartChild.call(ContainerBase.java:1193) ~[tomcat-embed-core-10.1.24.jar:10.1.24]
	at java.base/java.util.concurrent.FutureTask.run(FutureTask.java:317) ~[na:na]
	at org.apache.tomcat.util.threads.InlineExecutorService.execute(InlineExecutorService.java:75) ~[tomcat-embed-core-10.1.24.jar:10.1.24]
	at java.base/java.util.concurrent.AbstractExecutorService.submit(AbstractExecutorService.java:145) ~[na:na]
	at org.apache.catalina.core.ContainerBase.startInternal(ContainerBase.java:749) ~[tomcat-embed-core-10.1.24.jar:10.1.24]
	at org.apache.catalina.core.StandardHost.startInternal(StandardHost.java:772) ~[tomcat-embed-core-10.1.24.jar:10.1.24]
	at org.apache.catalina.util.LifecycleBase.start(LifecycleBase.java:171) ~[tomcat-embed-core-10.1.24.jar:10.1.24]
	at org.apache.catalina.core.ContainerBase$StartChild.call(ContainerBase.java:1203) ~[tomcat-embed-core-10.1.24.jar:10.1.24]
	at org.apache.catalina.core.ContainerBase$StartChild.call(ContainerBase.java:1193) ~[tomcat-embed-core-10.1.24.jar:10.1.24]
	at java.base/java.util.concurrent.FutureTask.run(FutureTask.java:317) ~[na:na]
	at org.apache.tomcat.util.threads.InlineExecutorService.execute(InlineExecutorService.java:75) ~[tomcat-embed-core-10.1.24.jar:10.1.24]
	at java.base/java.util.concurrent.AbstractExecutorService.submit(AbstractExecutorService.java:145) ~[na:na]
	at org.apache.catalina.core.ContainerBase.startInternal(ContainerBase.java:749) ~[tomcat-embed-core-10.1.24.jar:10.1.24]
	at org.apache.catalina.core.StandardEngine.startInternal(StandardEngine.java:203) ~[tomcat-embed-core-10.1.24.jar:10.1.24]
	at org.apache.catalina.util.LifecycleBase.start(LifecycleBase.java:171) ~[tomcat-embed-core-10.1.24.jar:10.1.24]
	at org.apache.catalina.core.StandardService.startInternal(StandardService.java:415) ~[tomcat-embed-core-10.1.24.jar:10.1.24]
	at org.apache.catalina.util.LifecycleBase.start(LifecycleBase.java:171) ~[tomcat-embed-core-10.1.24.jar:10.1.24]
	at org.apache.catalina.core.StandardServer.startInternal(StandardServer.java:874) ~[tomcat-embed-core-10.1.24.jar:10.1.24]
	at org.apache.catalina.util.LifecycleBase.start(LifecycleBase.java:171) ~[tomcat-embed-core-10.1.24.jar:10.1.24]
	at org.apache.catalina.startup.Tomcat.start(Tomcat.java:437) ~[tomcat-embed-core-10.1.24.jar:10.1.24]
	at org.springframework.boot.web.embedded.tomcat.TomcatWebServer.initialize(TomcatWebServer.java:128) ~[spring-boot-3.3.0.jar:3.3.0]
	at org.springframework.boot.web.embedded.tomcat.TomcatWebServer.<init>(TomcatWebServer.java:107) ~[spring-boot-3.3.0.jar:3.3.0]
	at org.springframework.boot.web.embedded.tomcat.TomcatServletWebServerFactory.getTomcatWebServer(TomcatServletWebServerFactory.java:516) ~[spring-boot-3.3.0.jar:3.3.0]
	at org.springframework.boot.web.embedded.tomcat.TomcatServletWebServerFactory.getWebServer(TomcatServletWebServerFactory.java:222) ~[spring-boot-3.3.0.jar:3.3.0]
	at org.springframework.boot.web.servlet.context.ServletWebServerApplicationContext.createWebServer(ServletWebServerApplicationContext.java:188) ~[spring-boot-3.3.0.jar:3.3.0]
	at org.springframework.boot.web.servlet.context.ServletWebServerApplicationContext.onRefresh(ServletWebServerApplicationContext.java:162) ~[spring-boot-3.3.0.jar:3.3.0]
	at org.springframework.context.support.AbstractApplicationContext.refresh(AbstractApplicationContext.java:618) ~[spring-context-6.1.8.jar:6.1.8]
	at org.springframework.boot.web.servlet.context.ServletWebServerApplicationContext.refresh(ServletWebServerApplicationContext.java:146) ~[spring-boot-3.3.0.jar:3.3.0]
	at org.springframework.boot.SpringApplication.refresh(SpringApplication.java:754) ~[spring-boot-3.3.0.jar:3.3.0]
	at org.springframework.boot.SpringApplication.refreshContext(SpringApplication.java:456) ~[spring-boot-3.3.0.jar:3.3.0]
	at org.springframework.boot.SpringApplication.run(SpringApplication.java:335) ~[spring-boot-3.3.0.jar:3.3.0]
	at org.springframework.boot.SpringApplication.run(SpringApplication.java:1363) ~[spring-boot-3.3.0.jar:3.3.0]
	at org.springframework.boot.SpringApplication.run(SpringApplication.java:1352) ~[spring-boot-3.3.0.jar:3.3.0]
	at com.kce.project.SchoolServiceApplication.main(SchoolServiceApplication.java:11) ~[classes/:na]
Caused by: java.sql.SQLSyntaxErrorException: ORA-00955: name is already used by an existing object

	at oracle.jdbc.driver.T4CTTIoer11.processError(T4CTTIoer11.java:629) ~[ojdbc11-21.9.0.0.jar:21.9.0.0.0]
	at oracle.jdbc.driver.T4CTTIoer11.processError(T4CTTIoer11.java:563) ~[ojdbc11-21.9.0.0.jar:21.9.0.0.0]
	at oracle.jdbc.driver.T4C8Oall.processError(T4C8Oall.java:1230) ~[ojdbc11-21.9.0.0.jar:21.9.0.0.0]
	at oracle.jdbc.driver.T4CTTIfun.receive(T4CTTIfun.java:771) ~[ojdbc11-21.9.0.0.jar:21.9.0.0.0]
	at oracle.jdbc.driver.T4CTTIfun.doRPC(T4CTTIfun.java:298) ~[ojdbc11-21.9.0.0.jar:21.9.0.0.0]
	at oracle.jdbc.driver.T4C8Oall.doOALL(T4C8Oall.java:511) ~[ojdbc11-21.9.0.0.jar:21.9.0.0.0]
	at oracle.jdbc.driver.T4CStatement.doOall8(T4CStatement.java:122) ~[ojdbc11-21.9.0.0.jar:21.9.0.0.0]
	at oracle.jdbc.driver.T4CStatement.executeForRows(T4CStatement.java:1199) ~[ojdbc11-21.9.0.0.jar:21.9.0.0.0]
	at oracle.jdbc.driver.OracleStatement.executeSQLStatement(OracleStatement.java:1819) ~[ojdbc11-21.9.0.0.jar:21.9.0.0.0]
	at oracle.jdbc.driver.OracleStatement.doExecuteWithTimeout(OracleStatement.java:1471) ~[ojdbc11-21.9.0.0.jar:21.9.0.0.0]
	at oracle.jdbc.driver.OracleStatement.executeInternal(OracleStatement.java:2504) ~[ojdbc11-21.9.0.0.jar:21.9.0.0.0]
	at oracle.jdbc.driver.OracleStatement.execute(OracleStatement.java:2459) ~[ojdbc11-21.9.0.0.jar:21.9.0.0.0]
	at oracle.jdbc.driver.OracleStatementWrapper.execute(OracleStatementWrapper.java:327) ~[ojdbc11-21.9.0.0.jar:21.9.0.0.0]
	at com.zaxxer.hikari.pool.ProxyStatement.execute(ProxyStatement.java:94) ~[HikariCP-5.1.0.jar:na]
	at com.zaxxer.hikari.pool.HikariProxyStatement.execute(HikariProxyStatement.java) ~[HikariCP-5.1.0.jar:na]
	at org.hibernate.tool.schema.internal.exec.GenerationTargetToDatabase.accept(GenerationTargetToDatabase.java:80) ~[hibernate-core-6.5.2.Final.jar:6.5.2.Final]
	... 123 common frames omitted
Caused by: oracle.jdbc.OracleDatabaseException: ORA-00955: name is already used by an existing object

	at oracle.jdbc.driver.T4CTTIoer11.processError(T4CTTIoer11.java:636) ~[ojdbc11-21.9.0.0.jar:21.9.0.0.0]
	... 138 common frames omitted

Hibernate: alter table assessments drop constraint UKm4iql7jv37pwja6nev4n60b3f
Hibernate: alter table assessments add constraint UKm4iql7jv37pwja6nev4n60b3f unique (simulation_id)
Hibernate: alter table assessment_results add constraint FKp1ml4sw7ygau1bm5hhcpo2hhu foreign key (assessment_id) references assessments
2026-08-13T11:59:40.852+05:30  WARN 14516 --- [school-service] [           main] o.h.t.s.i.ExceptionHandlerLoggedImpl     : GenerationTarget encountered exception accepting command : Error executing DDL "alter table assessment_results add constraint FKp1ml4sw7ygau1bm5hhcpo2hhu foreign key (assessment_id) references assessments" via JDBC [ORA-00942: table or view does not exist
]

org.hibernate.tool.schema.spi.CommandAcceptanceException: Error executing DDL "alter table assessment_results add constraint FKp1ml4sw7ygau1bm5hhcpo2hhu foreign key (assessment_id) references assessments" via JDBC [ORA-00942: table or view does not exist
]
	at org.hibernate.tool.schema.internal.exec.GenerationTargetToDatabase.accept(GenerationTargetToDatabase.java:94) ~[hibernate-core-6.5.2.Final.jar:6.5.2.Final]
	at org.hibernate.tool.schema.internal.AbstractSchemaMigrator.applySqlString(AbstractSchemaMigrator.java:575) ~[hibernate-core-6.5.2.Final.jar:6.5.2.Final]
	at org.hibernate.tool.schema.internal.AbstractSchemaMigrator.applySqlStrings(AbstractSchemaMigrator.java:515) ~[hibernate-core-6.5.2.Final.jar:6.5.2.Final]
	at org.hibernate.tool.schema.internal.AbstractSchemaMigrator.applyForeignKeys(AbstractSchemaMigrator.java:447) ~[hibernate-core-6.5.2.Final.jar:6.5.2.Final]
	at org.hibernate.tool.schema.internal.AbstractSchemaMigrator.performMigration(AbstractSchemaMigrator.java:268) ~[hibernate-core-6.5.2.Final.jar:6.5.2.Final]
	at org.hibernate.tool.schema.internal.AbstractSchemaMigrator.doMigration(AbstractSchemaMigrator.java:117) ~[hibernate-core-6.5.2.Final.jar:6.5.2.Final]
	at org.hibernate.tool.schema.spi.SchemaManagementToolCoordinator.performDatabaseAction(SchemaManagementToolCoordinator.java:280) ~[hibernate-core-6.5.2.Final.jar:6.5.2.Final]
	at org.hibernate.tool.schema.spi.SchemaManagementToolCoordinator.lambda$process$5(SchemaManagementToolCoordinator.java:144) ~[hibernate-core-6.5.2.Final.jar:6.5.2.Final]
	at java.base/java.util.HashMap.forEach(HashMap.java:1429) ~[na:na]
	at org.hibernate.tool.schema.spi.SchemaManagementToolCoordinator.process(SchemaManagementToolCoordinator.java:141) ~[hibernate-core-6.5.2.Final.jar:6.5.2.Final]
	at org.hibernate.boot.internal.SessionFactoryObserverForSchemaExport.sessionFactoryCreated(SessionFactoryObserverForSchemaExport.java:37) ~[hibernate-core-6.5.2.Final.jar:6.5.2.Final]
	at org.hibernate.internal.SessionFactoryObserverChain.sessionFactoryCreated(SessionFactoryObserverChain.java:35) ~[hibernate-core-6.5.2.Final.jar:6.5.2.Final]
	at org.hibernate.internal.SessionFactoryImpl.<init>(SessionFactoryImpl.java:322) ~[hibernate-core-6.5.2.Final.jar:6.5.2.Final]
	at org.hibernate.boot.internal.SessionFactoryBuilderImpl.build(SessionFactoryBuilderImpl.java:457) ~[hibernate-core-6.5.2.Final.jar:6.5.2.Final]
	at org.hibernate.jpa.boot.internal.EntityManagerFactoryBuilderImpl.build(EntityManagerFactoryBuilderImpl.java:1506) ~[hibernate-core-6.5.2.Final.jar:6.5.2.Final]
	at org.springframework.orm.jpa.vendor.SpringHibernateJpaPersistenceProvider.createContainerEntityManagerFactory(SpringHibernateJpaPersistenceProvider.java:75) ~[spring-orm-6.1.8.jar:6.1.8]
	at org.springframework.orm.jpa.LocalContainerEntityManagerFactoryBean.createNativeEntityManagerFactory(LocalContainerEntityManagerFactoryBean.java:390) ~[spring-orm-6.1.8.jar:6.1.8]
	at org.springframework.orm.jpa.AbstractEntityManagerFactoryBean.buildNativeEntityManagerFactory(AbstractEntityManagerFactoryBean.java:409) ~[spring-orm-6.1.8.jar:6.1.8]
	at org.springframework.orm.jpa.AbstractEntityManagerFactoryBean.afterPropertiesSet(AbstractEntityManagerFactoryBean.java:396) ~[spring-orm-6.1.8.jar:6.1.8]
	at org.springframework.orm.jpa.LocalContainerEntityManagerFactoryBean.afterPropertiesSet(LocalContainerEntityManagerFactoryBean.java:366) ~[spring-orm-6.1.8.jar:6.1.8]
	at org.springframework.beans.factory.support.AbstractAutowireCapableBeanFactory.invokeInitMethods(AbstractAutowireCapableBeanFactory.java:1835) ~[spring-beans-6.1.8.jar:6.1.8]
	at org.springframework.beans.factory.support.AbstractAutowireCapableBeanFactory.initializeBean(AbstractAutowireCapableBeanFactory.java:1784) ~[spring-beans-6.1.8.jar:6.1.8]
	at org.springframework.beans.factory.support.AbstractAutowireCapableBeanFactory.doCreateBean(AbstractAutowireCapableBeanFactory.java:600) ~[spring-beans-6.1.8.jar:6.1.8]
	at org.springframework.beans.factory.support.AbstractAutowireCapableBeanFactory.createBean(AbstractAutowireCapableBeanFactory.java:522) ~[spring-beans-6.1.8.jar:6.1.8]
	at org.springframework.beans.factory.support.AbstractBeanFactory.lambda$doGetBean$0(AbstractBeanFactory.java:337) ~[spring-beans-6.1.8.jar:6.1.8]
	at org.springframework.beans.factory.support.DefaultSingletonBeanRegistry.getSingleton(DefaultSingletonBeanRegistry.java:234) ~[spring-beans-6.1.8.jar:6.1.8]
	at org.springframework.beans.factory.support.AbstractBeanFactory.doGetBean(AbstractBeanFactory.java:335) ~[spring-beans-6.1.8.jar:6.1.8]
	at org.springframework.beans.factory.support.AbstractBeanFactory.getBean(AbstractBeanFactory.java:200) ~[spring-beans-6.1.8.jar:6.1.8]
	at org.springframework.beans.factory.support.BeanDefinitionValueResolver.resolveReference(BeanDefinitionValueResolver.java:365) ~[spring-beans-6.1.8.jar:6.1.8]
	at org.springframework.beans.factory.support.BeanDefinitionValueResolver.resolveValueIfNecessary(BeanDefinitionValueResolver.java:135) ~[spring-beans-6.1.8.jar:6.1.8]
	at org.springframework.beans.factory.support.ConstructorResolver.resolveConstructorArguments(ConstructorResolver.java:682) ~[spring-beans-6.1.8.jar:6.1.8]
	at org.springframework.beans.factory.support.ConstructorResolver.instantiateUsingFactoryMethod(ConstructorResolver.java:509) ~[spring-beans-6.1.8.jar:6.1.8]
	at org.springframework.beans.factory.support.AbstractAutowireCapableBeanFactory.instantiateUsingFactoryMethod(AbstractAutowireCapableBeanFactory.java:1337) ~[spring-beans-6.1.8.jar:6.1.8]
	at org.springframework.beans.factory.support.AbstractAutowireCapableBeanFactory.createBeanInstance(AbstractAutowireCapableBeanFactory.java:1167) ~[spring-beans-6.1.8.jar:6.1.8]
	at org.springframework.beans.factory.support.AbstractAutowireCapableBeanFactory.doCreateBean(AbstractAutowireCapableBeanFactory.java:562) ~[spring-beans-6.1.8.jar:6.1.8]
	at org.springframework.beans.factory.support.AbstractAutowireCapableBeanFactory.createBean(AbstractAutowireCapableBeanFactory.java:522) ~[spring-beans-6.1.8.jar:6.1.8]
	at org.springframework.beans.factory.support.AbstractBeanFactory.lambda$doGetBean$0(AbstractBeanFactory.java:337) ~[spring-beans-6.1.8.jar:6.1.8]
	at org.springframework.beans.factory.support.DefaultSingletonBeanRegistry.getSingleton(DefaultSingletonBeanRegistry.java:234) ~[spring-beans-6.1.8.jar:6.1.8]
	at org.springframework.beans.factory.support.AbstractBeanFactory.doGetBean(AbstractBeanFactory.java:335) ~[spring-beans-6.1.8.jar:6.1.8]
	at org.springframework.beans.factory.support.AbstractBeanFactory.getBean(AbstractBeanFactory.java:200) ~[spring-beans-6.1.8.jar:6.1.8]
	at org.springframework.beans.factory.support.BeanDefinitionValueResolver.resolveReference(BeanDefinitionValueResolver.java:365) ~[spring-beans-6.1.8.jar:6.1.8]
	at org.springframework.beans.factory.support.BeanDefinitionValueResolver.resolveValueIfNecessary(BeanDefinitionValueResolver.java:135) ~[spring-beans-6.1.8.jar:6.1.8]
	at org.springframework.beans.factory.support.AbstractAutowireCapableBeanFactory.applyPropertyValues(AbstractAutowireCapableBeanFactory.java:1687) ~[spring-beans-6.1.8.jar:6.1.8]
	at org.springframework.beans.factory.support.AbstractAutowireCapableBeanFactory.populateBean(AbstractAutowireCapableBeanFactory.java:1436) ~[spring-beans-6.1.8.jar:6.1.8]
	at org.springframework.beans.factory.support.AbstractAutowireCapableBeanFactory.doCreateBean(AbstractAutowireCapableBeanFactory.java:599) ~[spring-beans-6.1.8.jar:6.1.8]
	at org.springframework.beans.factory.support.AbstractAutowireCapableBeanFactory.createBean(AbstractAutowireCapableBeanFactory.java:522) ~[spring-beans-6.1.8.jar:6.1.8]
	at org.springframework.beans.factory.support.AbstractBeanFactory.lambda$doGetBean$0(AbstractBeanFactory.java:337) ~[spring-beans-6.1.8.jar:6.1.8]
	at org.springframework.beans.factory.support.DefaultSingletonBeanRegistry.getSingleton(DefaultSingletonBeanRegistry.java:234) ~[spring-beans-6.1.8.jar:6.1.8]
	at org.springframework.beans.factory.support.AbstractBeanFactory.doGetBean(AbstractBeanFactory.java:335) ~[spring-beans-6.1.8.jar:6.1.8]
	at org.springframework.beans.factory.support.AbstractBeanFactory.getBean(AbstractBeanFactory.java:200) ~[spring-beans-6.1.8.jar:6.1.8]
	at org.springframework.beans.factory.config.DependencyDescriptor.resolveCandidate(DependencyDescriptor.java:254) ~[spring-beans-6.1.8.jar:6.1.8]
	at org.springframework.beans.factory.support.DefaultListableBeanFactory.doResolveDependency(DefaultListableBeanFactory.java:1443) ~[spring-beans-6.1.8.jar:6.1.8]
	at org.springframework.beans.factory.support.DefaultListableBeanFactory.resolveDependency(DefaultListableBeanFactory.java:1353) ~[spring-beans-6.1.8.jar:6.1.8]
	at org.springframework.beans.factory.support.ConstructorResolver.resolveAutowiredArgument(ConstructorResolver.java:904) ~[spring-beans-6.1.8.jar:6.1.8]
	at org.springframework.beans.factory.support.ConstructorResolver.createArgumentArray(ConstructorResolver.java:782) ~[spring-beans-6.1.8.jar:6.1.8]
	at org.springframework.beans.factory.support.ConstructorResolver.autowireConstructor(ConstructorResolver.java:237) ~[spring-beans-6.1.8.jar:6.1.8]
	at org.springframework.beans.factory.support.AbstractAutowireCapableBeanFactory.autowireConstructor(AbstractAutowireCapableBeanFactory.java:1357) ~[spring-beans-6.1.8.jar:6.1.8]
	at org.springframework.beans.factory.support.AbstractAutowireCapableBeanFactory.createBeanInstance(AbstractAutowireCapableBeanFactory.java:1194) ~[spring-beans-6.1.8.jar:6.1.8]
	at org.springframework.beans.factory.support.AbstractAutowireCapableBeanFactory.doCreateBean(AbstractAutowireCapableBeanFactory.java:562) ~[spring-beans-6.1.8.jar:6.1.8]
	at org.springframework.beans.factory.support.AbstractAutowireCapableBeanFactory.createBean(AbstractAutowireCapableBeanFactory.java:522) ~[spring-beans-6.1.8.jar:6.1.8]
	at org.springframework.beans.factory.support.AbstractBeanFactory.lambda$doGetBean$0(AbstractBeanFactory.java:337) ~[spring-beans-6.1.8.jar:6.1.8]
	at org.springframework.beans.factory.support.DefaultSingletonBeanRegistry.getSingleton(DefaultSingletonBeanRegistry.java:234) ~[spring-beans-6.1.8.jar:6.1.8]
	at org.springframework.beans.factory.support.AbstractBeanFactory.doGetBean(AbstractBeanFactory.java:335) ~[spring-beans-6.1.8.jar:6.1.8]
	at org.springframework.beans.factory.support.AbstractBeanFactory.getBean(AbstractBeanFactory.java:200) ~[spring-beans-6.1.8.jar:6.1.8]
	at org.springframework.beans.factory.config.DependencyDescriptor.resolveCandidate(DependencyDescriptor.java:254) ~[spring-beans-6.1.8.jar:6.1.8]
	at org.springframework.beans.factory.support.DefaultListableBeanFactory.doResolveDependency(DefaultListableBeanFactory.java:1443) ~[spring-beans-6.1.8.jar:6.1.8]
	at org.springframework.beans.factory.support.DefaultListableBeanFactory.resolveDependency(DefaultListableBeanFactory.java:1353) ~[spring-beans-6.1.8.jar:6.1.8]
	at org.springframework.beans.factory.support.ConstructorResolver.resolveAutowiredArgument(ConstructorResolver.java:904) ~[spring-beans-6.1.8.jar:6.1.8]
	at org.springframework.beans.factory.support.ConstructorResolver.createArgumentArray(ConstructorResolver.java:782) ~[spring-beans-6.1.8.jar:6.1.8]
	at org.springframework.beans.factory.support.ConstructorResolver.autowireConstructor(ConstructorResolver.java:237) ~[spring-beans-6.1.8.jar:6.1.8]
	at org.springframework.beans.factory.support.AbstractAutowireCapableBeanFactory.autowireConstructor(AbstractAutowireCapableBeanFactory.java:1357) ~[spring-beans-6.1.8.jar:6.1.8]
	at org.springframework.beans.factory.support.AbstractAutowireCapableBeanFactory.createBeanInstance(AbstractAutowireCapableBeanFactory.java:1194) ~[spring-beans-6.1.8.jar:6.1.8]
	at org.springframework.beans.factory.support.AbstractAutowireCapableBeanFactory.doCreateBean(AbstractAutowireCapableBeanFactory.java:562) ~[spring-beans-6.1.8.jar:6.1.8]
	at org.springframework.beans.factory.support.AbstractAutowireCapableBeanFactory.createBean(AbstractAutowireCapableBeanFactory.java:522) ~[spring-beans-6.1.8.jar:6.1.8]
	at org.springframework.beans.factory.support.AbstractBeanFactory.lambda$doGetBean$0(AbstractBeanFactory.java:337) ~[spring-beans-6.1.8.jar:6.1.8]
	at org.springframework.beans.factory.support.DefaultSingletonBeanRegistry.getSingleton(DefaultSingletonBeanRegistry.java:234) ~[spring-beans-6.1.8.jar:6.1.8]
	at org.springframework.beans.factory.support.AbstractBeanFactory.doGetBean(AbstractBeanFactory.java:335) ~[spring-beans-6.1.8.jar:6.1.8]
	at org.springframework.beans.factory.support.AbstractBeanFactory.getBean(AbstractBeanFactory.java:205) ~[spring-beans-6.1.8.jar:6.1.8]
	at org.springframework.boot.web.servlet.ServletContextInitializerBeans.getOrderedBeansOfType(ServletContextInitializerBeans.java:211) ~[spring-boot-3.3.0.jar:3.3.0]
	at org.springframework.boot.web.servlet.ServletContextInitializerBeans.addAsRegistrationBean(ServletContextInitializerBeans.java:174) ~[spring-boot-3.3.0.jar:3.3.0]
	at org.springframework.boot.web.servlet.ServletContextInitializerBeans.addAsRegistrationBean(ServletContextInitializerBeans.java:169) ~[spring-boot-3.3.0.jar:3.3.0]
	at org.springframework.boot.web.servlet.ServletContextInitializerBeans.addAdaptableBeans(ServletContextInitializerBeans.java:154) ~[spring-boot-3.3.0.jar:3.3.0]
	at org.springframework.boot.web.servlet.ServletContextInitializerBeans.<init>(ServletContextInitializerBeans.java:87) ~[spring-boot-3.3.0.jar:3.3.0]
	at org.springframework.boot.web.servlet.context.ServletWebServerApplicationContext.getServletContextInitializerBeans(ServletWebServerApplicationContext.java:266) ~[spring-boot-3.3.0.jar:3.3.0]
	at org.springframework.boot.web.servlet.context.ServletWebServerApplicationContext.selfInitialize(ServletWebServerApplicationContext.java:240) ~[spring-boot-3.3.0.jar:3.3.0]
	at org.springframework.boot.web.embedded.tomcat.TomcatStarter.onStartup(TomcatStarter.java:52) ~[spring-boot-3.3.0.jar:3.3.0]
	at org.apache.catalina.core.StandardContext.startInternal(StandardContext.java:4414) ~[tomcat-embed-core-10.1.24.jar:10.1.24]
	at org.apache.catalina.util.LifecycleBase.start(LifecycleBase.java:171) ~[tomcat-embed-core-10.1.24.jar:10.1.24]
	at org.apache.catalina.core.ContainerBase$StartChild.call(ContainerBase.java:1203) ~[tomcat-embed-core-10.1.24.jar:10.1.24]
	at org.apache.catalina.core.ContainerBase$StartChild.call(ContainerBase.java:1193) ~[tomcat-embed-core-10.1.24.jar:10.1.24]
	at java.base/java.util.concurrent.FutureTask.run(FutureTask.java:317) ~[na:na]
	at org.apache.tomcat.util.threads.InlineExecutorService.execute(InlineExecutorService.java:75) ~[tomcat-embed-core-10.1.24.jar:10.1.24]
	at java.base/java.util.concurrent.AbstractExecutorService.submit(AbstractExecutorService.java:145) ~[na:na]
	at org.apache.catalina.core.ContainerBase.startInternal(ContainerBase.java:749) ~[tomcat-embed-core-10.1.24.jar:10.1.24]
	at org.apache.catalina.core.StandardHost.startInternal(StandardHost.java:772) ~[tomcat-embed-core-10.1.24.jar:10.1.24]
	at org.apache.catalina.util.LifecycleBase.start(LifecycleBase.java:171) ~[tomcat-embed-core-10.1.24.jar:10.1.24]
	at org.apache.catalina.core.ContainerBase$StartChild.call(ContainerBase.java:1203) ~[tomcat-embed-core-10.1.24.jar:10.1.24]
	at org.apache.catalina.core.ContainerBase$StartChild.call(ContainerBase.java:1193) ~[tomcat-embed-core-10.1.24.jar:10.1.24]
	at java.base/java.util.concurrent.FutureTask.run(FutureTask.java:317) ~[na:na]
	at org.apache.tomcat.util.threads.InlineExecutorService.execute(InlineExecutorService.java:75) ~[tomcat-embed-core-10.1.24.jar:10.1.24]
	at java.base/java.util.concurrent.AbstractExecutorService.submit(AbstractExecutorService.java:145) ~[na:na]
	at org.apache.catalina.core.ContainerBase.startInternal(ContainerBase.java:749) ~[tomcat-embed-core-10.1.24.jar:10.1.24]
	at org.apache.catalina.core.StandardEngine.startInternal(StandardEngine.java:203) ~[tomcat-embed-core-10.1.24.jar:10.1.24]
	at org.apache.catalina.util.LifecycleBase.start(LifecycleBase.java:171) ~[tomcat-embed-core-10.1.24.jar:10.1.24]
	at org.apache.catalina.core.StandardService.startInternal(StandardService.java:415) ~[tomcat-embed-core-10.1.24.jar:10.1.24]
	at org.apache.catalina.util.LifecycleBase.start(LifecycleBase.java:171) ~[tomcat-embed-core-10.1.24.jar:10.1.24]
	at org.apache.catalina.core.StandardServer.startInternal(StandardServer.java:874) ~[tomcat-embed-core-10.1.24.jar:10.1.24]
	at org.apache.catalina.util.LifecycleBase.start(LifecycleBase.java:171) ~[tomcat-embed-core-10.1.24.jar:10.1.24]
	at org.apache.catalina.startup.Tomcat.start(Tomcat.java:437) ~[tomcat-embed-core-10.1.24.jar:10.1.24]
	at org.springframework.boot.web.embedded.tomcat.TomcatWebServer.initialize(TomcatWebServer.java:128) ~[spring-boot-3.3.0.jar:3.3.0]
	at org.springframework.boot.web.embedded.tomcat.TomcatWebServer.<init>(TomcatWebServer.java:107) ~[spring-boot-3.3.0.jar:3.3.0]
	at org.springframework.boot.web.embedded.tomcat.TomcatServletWebServerFactory.getTomcatWebServer(TomcatServletWebServerFactory.java:516) ~[spring-boot-3.3.0.jar:3.3.0]
	at org.springframework.boot.web.embedded.tomcat.TomcatServletWebServerFactory.getWebServer(TomcatServletWebServerFactory.java:222) ~[spring-boot-3.3.0.jar:3.3.0]
	at org.springframework.boot.web.servlet.context.ServletWebServerApplicationContext.createWebServer(ServletWebServerApplicationContext.java:188) ~[spring-boot-3.3.0.jar:3.3.0]
	at org.springframework.boot.web.servlet.context.ServletWebServerApplicationContext.onRefresh(ServletWebServerApplicationContext.java:162) ~[spring-boot-3.3.0.jar:3.3.0]
	at org.springframework.context.support.AbstractApplicationContext.refresh(AbstractApplicationContext.java:618) ~[spring-context-6.1.8.jar:6.1.8]
	at org.springframework.boot.web.servlet.context.ServletWebServerApplicationContext.refresh(ServletWebServerApplicationContext.java:146) ~[spring-boot-3.3.0.jar:3.3.0]
	at org.springframework.boot.SpringApplication.refresh(SpringApplication.java:754) ~[spring-boot-3.3.0.jar:3.3.0]
	at org.springframework.boot.SpringApplication.refreshContext(SpringApplication.java:456) ~[spring-boot-3.3.0.jar:3.3.0]
	at org.springframework.boot.SpringApplication.run(SpringApplication.java:335) ~[spring-boot-3.3.0.jar:3.3.0]
	at org.springframework.boot.SpringApplication.run(SpringApplication.java:1363) ~[spring-boot-3.3.0.jar:3.3.0]
	at org.springframework.boot.SpringApplication.run(SpringApplication.java:1352) ~[spring-boot-3.3.0.jar:3.3.0]
	at com.kce.project.SchoolServiceApplication.main(SchoolServiceApplication.java:11) ~[classes/:na]
Caused by: java.sql.SQLSyntaxErrorException: ORA-00942: table or view does not exist

	at oracle.jdbc.driver.T4CTTIoer11.processError(T4CTTIoer11.java:629) ~[ojdbc11-21.9.0.0.jar:21.9.0.0.0]
	at oracle.jdbc.driver.T4CTTIoer11.processError(T4CTTIoer11.java:563) ~[ojdbc11-21.9.0.0.jar:21.9.0.0.0]
	at oracle.jdbc.driver.T4C8Oall.processError(T4C8Oall.java:1230) ~[ojdbc11-21.9.0.0.jar:21.9.0.0.0]
	at oracle.jdbc.driver.T4CTTIfun.receive(T4CTTIfun.java:771) ~[ojdbc11-21.9.0.0.jar:21.9.0.0.0]
	at oracle.jdbc.driver.T4CTTIfun.doRPC(T4CTTIfun.java:298) ~[ojdbc11-21.9.0.0.jar:21.9.0.0.0]
	at oracle.jdbc.driver.T4C8Oall.doOALL(T4C8Oall.java:511) ~[ojdbc11-21.9.0.0.jar:21.9.0.0.0]
	at oracle.jdbc.driver.T4CStatement.doOall8(T4CStatement.java:122) ~[ojdbc11-21.9.0.0.jar:21.9.0.0.0]
	at oracle.jdbc.driver.T4CStatement.executeForRows(T4CStatement.java:1199) ~[ojdbc11-21.9.0.0.jar:21.9.0.0.0]
	at oracle.jdbc.driver.OracleStatement.executeSQLStatement(OracleStatement.java:1819) ~[ojdbc11-21.9.0.0.jar:21.9.0.0.0]
	at oracle.jdbc.driver.OracleStatement.doExecuteWithTimeout(OracleStatement.java:1471) ~[ojdbc11-21.9.0.0.jar:21.9.0.0.0]
	at oracle.jdbc.driver.OracleStatement.executeInternal(OracleStatement.java:2504) ~[ojdbc11-21.9.0.0.jar:21.9.0.0.0]
	at oracle.jdbc.driver.OracleStatement.execute(OracleStatement.java:2459) ~[ojdbc11-21.9.0.0.jar:21.9.0.0.0]
	at oracle.jdbc.driver.OracleStatementWrapper.execute(OracleStatementWrapper.java:327) ~[ojdbc11-21.9.0.0.jar:21.9.0.0.0]
	at com.zaxxer.hikari.pool.ProxyStatement.execute(ProxyStatement.java:94) ~[HikariCP-5.1.0.jar:na]
	at com.zaxxer.hikari.pool.HikariProxyStatement.execute(HikariProxyStatement.java) ~[HikariCP-5.1.0.jar:na]
	at org.hibernate.tool.schema.internal.exec.GenerationTargetToDatabase.accept(GenerationTargetToDatabase.java:80) ~[hibernate-core-6.5.2.Final.jar:6.5.2.Final]
	... 122 common frames omitted
Caused by: oracle.jdbc.OracleDatabaseException: ORA-00942: table or view does not exist

	at oracle.jdbc.driver.T4CTTIoer11.processError(T4CTTIoer11.java:636) ~[ojdbc11-21.9.0.0.jar:21.9.0.0.0]
	... 137 common frames omitted

Hibernate: alter table assessment_results add constraint FK8odlxtqrb7krn83rmy2opkeuy foreign key (student_id) references students
2026-08-13T11:59:40.872+05:30  WARN 14516 --- [school-service] [           main] o.h.t.s.i.ExceptionHandlerLoggedImpl     : GenerationTarget encountered exception accepting command : Error executing DDL "alter table assessment_results add constraint FK8odlxtqrb7krn83rmy2opkeuy foreign key (student_id) references students" via JDBC [ORA-00942: table or view does not exist
]

org.hibernate.tool.schema.spi.CommandAcceptanceException: Error executing DDL "alter table assessment_results add constraint FK8odlxtqrb7krn83rmy2opkeuy foreign key (student_id) references students" via JDBC [ORA-00942: table or view does not exist
]
	at org.hibernate.tool.schema.internal.exec.GenerationTargetToDatabase.accept(GenerationTargetToDatabase.java:94) ~[hibernate-core-6.5.2.Final.jar:6.5.2.Final]
	at org.hibernate.tool.schema.internal.AbstractSchemaMigrator.applySqlString(AbstractSchemaMigrator.java:575) ~[hibernate-core-6.5.2.Final.jar:6.5.2.Final]
	at org.hibernate.tool.schema.internal.AbstractSchemaMigrator.applySqlStrings(AbstractSchemaMigrator.java:515) ~[hibernate-core-6.5.2.Final.jar:6.5.2.Final]
	at org.hibernate.tool.schema.internal.AbstractSchemaMigrator.applyForeignKeys(AbstractSchemaMigrator.java:447) ~[hibernate-core-6.5.2.Final.jar:6.5.2.Final]
	at org.hibernate.tool.schema.internal.AbstractSchemaMigrator.performMigration(AbstractSchemaMigrator.java:268) ~[hibernate-core-6.5.2.Final.jar:6.5.2.Final]
	at org.hibernate.tool.schema.internal.AbstractSchemaMigrator.doMigration(AbstractSchemaMigrator.java:117) ~[hibernate-core-6.5.2.Final.jar:6.5.2.Final]
	at org.hibernate.tool.schema.spi.SchemaManagementToolCoordinator.performDatabaseAction(SchemaManagementToolCoordinator.java:280) ~[hibernate-core-6.5.2.Final.jar:6.5.2.Final]
	at org.hibernate.tool.schema.spi.SchemaManagementToolCoordinator.lambda$process$5(SchemaManagementToolCoordinator.java:144) ~[hibernate-core-6.5.2.Final.jar:6.5.2.Final]
	at java.base/java.util.HashMap.forEach(HashMap.java:1429) ~[na:na]
	at org.hibernate.tool.schema.spi.SchemaManagementToolCoordinator.process(SchemaManagementToolCoordinator.java:141) ~[hibernate-core-6.5.2.Final.jar:6.5.2.Final]
	at org.hibernate.boot.internal.SessionFactoryObserverForSchemaExport.sessionFactoryCreated(SessionFactoryObserverForSchemaExport.java:37) ~[hibernate-core-6.5.2.Final.jar:6.5.2.Final]
	at org.hibernate.internal.SessionFactoryObserverChain.sessionFactoryCreated(SessionFactoryObserverChain.java:35) ~[hibernate-core-6.5.2.Final.jar:6.5.2.Final]
	at org.hibernate.internal.SessionFactoryImpl.<init>(SessionFactoryImpl.java:322) ~[hibernate-core-6.5.2.Final.jar:6.5.2.Final]
	at org.hibernate.boot.internal.SessionFactoryBuilderImpl.build(SessionFactoryBuilderImpl.java:457) ~[hibernate-core-6.5.2.Final.jar:6.5.2.Final]
	at org.hibernate.jpa.boot.internal.EntityManagerFactoryBuilderImpl.build(EntityManagerFactoryBuilderImpl.java:1506) ~[hibernate-core-6.5.2.Final.jar:6.5.2.Final]
	at org.springframework.orm.jpa.vendor.SpringHibernateJpaPersistenceProvider.createContainerEntityManagerFactory(SpringHibernateJpaPersistenceProvider.java:75) ~[spring-orm-6.1.8.jar:6.1.8]
	at org.springframework.orm.jpa.LocalContainerEntityManagerFactoryBean.createNativeEntityManagerFactory(LocalContainerEntityManagerFactoryBean.java:390) ~[spring-orm-6.1.8.jar:6.1.8]
	at org.springframework.orm.jpa.AbstractEntityManagerFactoryBean.buildNativeEntityManagerFactory(AbstractEntityManagerFactoryBean.java:409) ~[spring-orm-6.1.8.jar:6.1.8]
	at org.springframework.orm.jpa.AbstractEntityManagerFactoryBean.afterPropertiesSet(AbstractEntityManagerFactoryBean.java:396) ~[spring-orm-6.1.8.jar:6.1.8]
	at org.springframework.orm.jpa.LocalContainerEntityManagerFactoryBean.afterPropertiesSet(LocalContainerEntityManagerFactoryBean.java:366) ~[spring-orm-6.1.8.jar:6.1.8]
	at org.springframework.beans.factory.support.AbstractAutowireCapableBeanFactory.invokeInitMethods(AbstractAutowireCapableBeanFactory.java:1835) ~[spring-beans-6.1.8.jar:6.1.8]
	at org.springframework.beans.factory.support.AbstractAutowireCapableBeanFactory.initializeBean(AbstractAutowireCapableBeanFactory.java:1784) ~[spring-beans-6.1.8.jar:6.1.8]
	at org.springframework.beans.factory.support.AbstractAutowireCapableBeanFactory.doCreateBean(AbstractAutowireCapableBeanFactory.java:600) ~[spring-beans-6.1.8.jar:6.1.8]
	at org.springframework.beans.factory.support.AbstractAutowireCapableBeanFactory.createBean(AbstractAutowireCapableBeanFactory.java:522) ~[spring-beans-6.1.8.jar:6.1.8]
	at org.springframework.beans.factory.support.AbstractBeanFactory.lambda$doGetBean$0(AbstractBeanFactory.java:337) ~[spring-beans-6.1.8.jar:6.1.8]
	at org.springframework.beans.factory.support.DefaultSingletonBeanRegistry.getSingleton(DefaultSingletonBeanRegistry.java:234) ~[spring-beans-6.1.8.jar:6.1.8]
	at org.springframework.beans.factory.support.AbstractBeanFactory.doGetBean(AbstractBeanFactory.java:335) ~[spring-beans-6.1.8.jar:6.1.8]
	at org.springframework.beans.factory.support.AbstractBeanFactory.getBean(AbstractBeanFactory.java:200) ~[spring-beans-6.1.8.jar:6.1.8]
	at org.springframework.beans.factory.support.BeanDefinitionValueResolver.resolveReference(BeanDefinitionValueResolver.java:365) ~[spring-beans-6.1.8.jar:6.1.8]
	at org.springframework.beans.factory.support.BeanDefinitionValueResolver.resolveValueIfNecessary(BeanDefinitionValueResolver.java:135) ~[spring-beans-6.1.8.jar:6.1.8]
	at org.springframework.beans.factory.support.ConstructorResolver.resolveConstructorArguments(ConstructorResolver.java:682) ~[spring-beans-6.1.8.jar:6.1.8]
	at org.springframework.beans.factory.support.ConstructorResolver.instantiateUsingFactoryMethod(ConstructorResolver.java:509) ~[spring-beans-6.1.8.jar:6.1.8]
	at org.springframework.beans.factory.support.AbstractAutowireCapableBeanFactory.instantiateUsingFactoryMethod(AbstractAutowireCapableBeanFactory.java:1337) ~[spring-beans-6.1.8.jar:6.1.8]
	at org.springframework.beans.factory.support.AbstractAutowireCapableBeanFactory.createBeanInstance(AbstractAutowireCapableBeanFactory.java:1167) ~[spring-beans-6.1.8.jar:6.1.8]
	at org.springframework.beans.factory.support.AbstractAutowireCapableBeanFactory.doCreateBean(AbstractAutowireCapableBeanFactory.java:562) ~[spring-beans-6.1.8.jar:6.1.8]
	at org.springframework.beans.factory.support.AbstractAutowireCapableBeanFactory.createBean(AbstractAutowireCapableBeanFactory.java:522) ~[spring-beans-6.1.8.jar:6.1.8]
	at org.springframework.beans.factory.support.AbstractBeanFactory.lambda$doGetBean$0(AbstractBeanFactory.java:337) ~[spring-beans-6.1.8.jar:6.1.8]
	at org.springframework.beans.factory.support.DefaultSingletonBeanRegistry.getSingleton(DefaultSingletonBeanRegistry.java:234) ~[spring-beans-6.1.8.jar:6.1.8]
	at org.springframework.beans.factory.support.AbstractBeanFactory.doGetBean(AbstractBeanFactory.java:335) ~[spring-beans-6.1.8.jar:6.1.8]
	at org.springframework.beans.factory.support.AbstractBeanFactory.getBean(AbstractBeanFactory.java:200) ~[spring-beans-6.1.8.jar:6.1.8]
	at org.springframework.beans.factory.support.BeanDefinitionValueResolver.resolveReference(BeanDefinitionValueResolver.java:365) ~[spring-beans-6.1.8.jar:6.1.8]
	at org.springframework.beans.factory.support.BeanDefinitionValueResolver.resolveValueIfNecessary(BeanDefinitionValueResolver.java:135) ~[spring-beans-6.1.8.jar:6.1.8]
	at org.springframework.beans.factory.support.AbstractAutowireCapableBeanFactory.applyPropertyValues(AbstractAutowireCapableBeanFactory.java:1687) ~[spring-beans-6.1.8.jar:6.1.8]
	at org.springframework.beans.factory.support.AbstractAutowireCapableBeanFactory.populateBean(AbstractAutowireCapableBeanFactory.java:1436) ~[spring-beans-6.1.8.jar:6.1.8]
	at org.springframework.beans.factory.support.AbstractAutowireCapableBeanFactory.doCreateBean(AbstractAutowireCapableBeanFactory.java:599) ~[spring-beans-6.1.8.jar:6.1.8]
	at org.springframework.beans.factory.support.AbstractAutowireCapableBeanFactory.createBean(AbstractAutowireCapableBeanFactory.java:522) ~[spring-beans-6.1.8.jar:6.1.8]
	at org.springframework.beans.factory.support.AbstractBeanFactory.lambda$doGetBean$0(AbstractBeanFactory.java:337) ~[spring-beans-6.1.8.jar:6.1.8]
	at org.springframework.beans.factory.support.DefaultSingletonBeanRegistry.getSingleton(DefaultSingletonBeanRegistry.java:234) ~[spring-beans-6.1.8.jar:6.1.8]
	at org.springframework.beans.factory.support.AbstractBeanFactory.doGetBean(AbstractBeanFactory.java:335) ~[spring-beans-6.1.8.jar:6.1.8]
	at org.springframework.beans.factory.support.AbstractBeanFactory.getBean(AbstractBeanFactory.java:200) ~[spring-beans-6.1.8.jar:6.1.8]
	at org.springframework.beans.factory.config.DependencyDescriptor.resolveCandidate(DependencyDescriptor.java:254) ~[spring-beans-6.1.8.jar:6.1.8]
	at org.springframework.beans.factory.support.DefaultListableBeanFactory.doResolveDependency(DefaultListableBeanFactory.java:1443) ~[spring-beans-6.1.8.jar:6.1.8]
	at org.springframework.beans.factory.support.DefaultListableBeanFactory.resolveDependency(DefaultListableBeanFactory.java:1353) ~[spring-beans-6.1.8.jar:6.1.8]
	at org.springframework.beans.factory.support.ConstructorResolver.resolveAutowiredArgument(ConstructorResolver.java:904) ~[spring-beans-6.1.8.jar:6.1.8]
	at org.springframework.beans.factory.support.ConstructorResolver.createArgumentArray(ConstructorResolver.java:782) ~[spring-beans-6.1.8.jar:6.1.8]
	at org.springframework.beans.factory.support.ConstructorResolver.autowireConstructor(ConstructorResolver.java:237) ~[spring-beans-6.1.8.jar:6.1.8]
	at org.springframework.beans.factory.support.AbstractAutowireCapableBeanFactory.autowireConstructor(AbstractAutowireCapableBeanFactory.java:1357) ~[spring-beans-6.1.8.jar:6.1.8]
	at org.springframework.beans.factory.support.AbstractAutowireCapableBeanFactory.createBeanInstance(AbstractAutowireCapableBeanFactory.java:1194) ~[spring-beans-6.1.8.jar:6.1.8]
	at org.springframework.beans.factory.support.AbstractAutowireCapableBeanFactory.doCreateBean(AbstractAutowireCapableBeanFactory.java:562) ~[spring-beans-6.1.8.jar:6.1.8]
	at org.springframework.beans.factory.support.AbstractAutowireCapableBeanFactory.createBean(AbstractAutowireCapableBeanFactory.java:522) ~[spring-beans-6.1.8.jar:6.1.8]
	at org.springframework.beans.factory.support.AbstractBeanFactory.lambda$doGetBean$0(AbstractBeanFactory.java:337) ~[spring-beans-6.1.8.jar:6.1.8]
	at org.springframework.beans.factory.support.DefaultSingletonBeanRegistry.getSingleton(DefaultSingletonBeanRegistry.java:234) ~[spring-beans-6.1.8.jar:6.1.8]
	at org.springframework.beans.factory.support.AbstractBeanFactory.doGetBean(AbstractBeanFactory.java:335) ~[spring-beans-6.1.8.jar:6.1.8]
	at org.springframework.beans.factory.support.AbstractBeanFactory.getBean(AbstractBeanFactory.java:200) ~[spring-beans-6.1.8.jar:6.1.8]
	at org.springframework.beans.factory.config.DependencyDescriptor.resolveCandidate(DependencyDescriptor.java:254) ~[spring-beans-6.1.8.jar:6.1.8]
	at org.springframework.beans.factory.support.DefaultListableBeanFactory.doResolveDependency(DefaultListableBeanFactory.java:1443) ~[spring-beans-6.1.8.jar:6.1.8]
	at org.springframework.beans.factory.support.DefaultListableBeanFactory.resolveDependency(DefaultListableBeanFactory.java:1353) ~[spring-beans-6.1.8.jar:6.1.8]
	at org.springframework.beans.factory.support.ConstructorResolver.resolveAutowiredArgument(ConstructorResolver.java:904) ~[spring-beans-6.1.8.jar:6.1.8]
	at org.springframework.beans.factory.support.ConstructorResolver.createArgumentArray(ConstructorResolver.java:782) ~[spring-beans-6.1.8.jar:6.1.8]
	at org.springframework.beans.factory.support.ConstructorResolver.autowireConstructor(ConstructorResolver.java:237) ~[spring-beans-6.1.8.jar:6.1.8]
	at org.springframework.beans.factory.support.AbstractAutowireCapableBeanFactory.autowireConstructor(AbstractAutowireCapableBeanFactory.java:1357) ~[spring-beans-6.1.8.jar:6.1.8]
	at org.springframework.beans.factory.support.AbstractAutowireCapableBeanFactory.createBeanInstance(AbstractAutowireCapableBeanFactory.java:1194) ~[spring-beans-6.1.8.jar:6.1.8]
	at org.springframework.beans.factory.support.AbstractAutowireCapableBeanFactory.doCreateBean(AbstractAutowireCapableBeanFactory.java:562) ~[spring-beans-6.1.8.jar:6.1.8]
	at org.springframework.beans.factory.support.AbstractAutowireCapableBeanFactory.createBean(AbstractAutowireCapableBeanFactory.java:522) ~[spring-beans-6.1.8.jar:6.1.8]
	at org.springframework.beans.factory.support.AbstractBeanFactory.lambda$doGetBean$0(AbstractBeanFactory.java:337) ~[spring-beans-6.1.8.jar:6.1.8]
	at org.springframework.beans.factory.support.DefaultSingletonBeanRegistry.getSingleton(DefaultSingletonBeanRegistry.java:234) ~[spring-beans-6.1.8.jar:6.1.8]
	at org.springframework.beans.factory.support.AbstractBeanFactory.doGetBean(AbstractBeanFactory.java:335) ~[spring-beans-6.1.8.jar:6.1.8]
	at org.springframework.beans.factory.support.AbstractBeanFactory.getBean(AbstractBeanFactory.java:205) ~[spring-beans-6.1.8.jar:6.1.8]
	at org.springframework.boot.web.servlet.ServletContextInitializerBeans.getOrderedBeansOfType(ServletContextInitializerBeans.java:211) ~[spring-boot-3.3.0.jar:3.3.0]
	at org.springframework.boot.web.servlet.ServletContextInitializerBeans.addAsRegistrationBean(ServletContextInitializerBeans.java:174) ~[spring-boot-3.3.0.jar:3.3.0]
	at org.springframework.boot.web.servlet.ServletContextInitializerBeans.addAsRegistrationBean(ServletContextInitializerBeans.java:169) ~[spring-boot-3.3.0.jar:3.3.0]
	at org.springframework.boot.web.servlet.ServletContextInitializerBeans.addAdaptableBeans(ServletContextInitializerBeans.java:154) ~[spring-boot-3.3.0.jar:3.3.0]
	at org.springframework.boot.web.servlet.ServletContextInitializerBeans.<init>(ServletContextInitializerBeans.java:87) ~[spring-boot-3.3.0.jar:3.3.0]
	at org.springframework.boot.web.servlet.context.ServletWebServerApplicationContext.getServletContextInitializerBeans(ServletWebServerApplicationContext.java:266) ~[spring-boot-3.3.0.jar:3.3.0]
	at org.springframework.boot.web.servlet.context.ServletWebServerApplicationContext.selfInitialize(ServletWebServerApplicationContext.java:240) ~[spring-boot-3.3.0.jar:3.3.0]
	at org.springframework.boot.web.embedded.tomcat.TomcatStarter.onStartup(TomcatStarter.java:52) ~[spring-boot-3.3.0.jar:3.3.0]
	at org.apache.catalina.core.StandardContext.startInternal(StandardContext.java:4414) ~[tomcat-embed-core-10.1.24.jar:10.1.24]
	at org.apache.catalina.util.LifecycleBase.start(LifecycleBase.java:171) ~[tomcat-embed-core-10.1.24.jar:10.1.24]
	at org.apache.catalina.core.ContainerBase$StartChild.call(ContainerBase.java:1203) ~[tomcat-embed-core-10.1.24.jar:10.1.24]
	at org.apache.catalina.core.ContainerBase$StartChild.call(ContainerBase.java:1193) ~[tomcat-embed-core-10.1.24.jar:10.1.24]
	at java.base/java.util.concurrent.FutureTask.run(FutureTask.java:317) ~[na:na]
	at org.apache.tomcat.util.threads.InlineExecutorService.execute(InlineExecutorService.java:75) ~[tomcat-embed-core-10.1.24.jar:10.1.24]
	at java.base/java.util.concurrent.AbstractExecutorService.submit(AbstractExecutorService.java:145) ~[na:na]
	at org.apache.catalina.core.ContainerBase.startInternal(ContainerBase.java:749) ~[tomcat-embed-core-10.1.24.jar:10.1.24]
	at org.apache.catalina.core.StandardHost.startInternal(StandardHost.java:772) ~[tomcat-embed-core-10.1.24.jar:10.1.24]
	at org.apache.catalina.util.LifecycleBase.start(LifecycleBase.java:171) ~[tomcat-embed-core-10.1.24.jar:10.1.24]
	at org.apache.catalina.core.ContainerBase$StartChild.call(ContainerBase.java:1203) ~[tomcat-embed-core-10.1.24.jar:10.1.24]
	at org.apache.catalina.core.ContainerBase$StartChild.call(ContainerBase.java:1193) ~[tomcat-embed-core-10.1.24.jar:10.1.24]
	at java.base/java.util.concurrent.FutureTask.run(FutureTask.java:317) ~[na:na]
	at org.apache.tomcat.util.threads.InlineExecutorService.execute(InlineExecutorService.java:75) ~[tomcat-embed-core-10.1.24.jar:10.1.24]
	at java.base/java.util.concurrent.AbstractExecutorService.submit(AbstractExecutorService.java:145) ~[na:na]
	at org.apache.catalina.core.ContainerBase.startInternal(ContainerBase.java:749) ~[tomcat-embed-core-10.1.24.jar:10.1.24]
	at org.apache.catalina.core.StandardEngine.startInternal(StandardEngine.java:203) ~[tomcat-embed-core-10.1.24.jar:10.1.24]
	at org.apache.catalina.util.LifecycleBase.start(LifecycleBase.java:171) ~[tomcat-embed-core-10.1.24.jar:10.1.24]
	at org.apache.catalina.core.StandardService.startInternal(StandardService.java:415) ~[tomcat-embed-core-10.1.24.jar:10.1.24]
	at org.apache.catalina.util.LifecycleBase.start(LifecycleBase.java:171) ~[tomcat-embed-core-10.1.24.jar:10.1.24]
	at org.apache.catalina.core.StandardServer.startInternal(StandardServer.java:874) ~[tomcat-embed-core-10.1.24.jar:10.1.24]
	at org.apache.catalina.util.LifecycleBase.start(LifecycleBase.java:171) ~[tomcat-embed-core-10.1.24.jar:10.1.24]
	at org.apache.catalina.startup.Tomcat.start(Tomcat.java:437) ~[tomcat-embed-core-10.1.24.jar:10.1.24]
	at org.springframework.boot.web.embedded.tomcat.TomcatWebServer.initialize(TomcatWebServer.java:128) ~[spring-boot-3.3.0.jar:3.3.0]
	at org.springframework.boot.web.embedded.tomcat.TomcatWebServer.<init>(TomcatWebServer.java:107) ~[spring-boot-3.3.0.jar:3.3.0]
	at org.springframework.boot.web.embedded.tomcat.TomcatServletWebServerFactory.getTomcatWebServer(TomcatServletWebServerFactory.java:516) ~[spring-boot-3.3.0.jar:3.3.0]
	at org.springframework.boot.web.embedded.tomcat.TomcatServletWebServerFactory.getWebServer(TomcatServletWebServerFactory.java:222) ~[spring-boot-3.3.0.jar:3.3.0]
	at org.springframework.boot.web.servlet.context.ServletWebServerApplicationContext.createWebServer(ServletWebServerApplicationContext.java:188) ~[spring-boot-3.3.0.jar:3.3.0]
	at org.springframework.boot.web.servlet.context.ServletWebServerApplicationContext.onRefresh(ServletWebServerApplicationContext.java:162) ~[spring-boot-3.3.0.jar:3.3.0]
	at org.springframework.context.support.AbstractApplicationContext.refresh(AbstractApplicationContext.java:618) ~[spring-context-6.1.8.jar:6.1.8]
	at org.springframework.boot.web.servlet.context.ServletWebServerApplicationContext.refresh(ServletWebServerApplicationContext.java:146) ~[spring-boot-3.3.0.jar:3.3.0]
	at org.springframework.boot.SpringApplication.refresh(SpringApplication.java:754) ~[spring-boot-3.3.0.jar:3.3.0]
	at org.springframework.boot.SpringApplication.refreshContext(SpringApplication.java:456) ~[spring-boot-3.3.0.jar:3.3.0]
	at org.springframework.boot.SpringApplication.run(SpringApplication.java:335) ~[spring-boot-3.3.0.jar:3.3.0]
	at org.springframework.boot.SpringApplication.run(SpringApplication.java:1363) ~[spring-boot-3.3.0.jar:3.3.0]
	at org.springframework.boot.SpringApplication.run(SpringApplication.java:1352) ~[spring-boot-3.3.0.jar:3.3.0]
	at com.kce.project.SchoolServiceApplication.main(SchoolServiceApplication.java:11) ~[classes/:na]
Caused by: java.sql.SQLSyntaxErrorException: ORA-00942: table or view does not exist

	at oracle.jdbc.driver.T4CTTIoer11.processError(T4CTTIoer11.java:629) ~[ojdbc11-21.9.0.0.jar:21.9.0.0.0]
	at oracle.jdbc.driver.T4CTTIoer11.processError(T4CTTIoer11.java:563) ~[ojdbc11-21.9.0.0.jar:21.9.0.0.0]
	at oracle.jdbc.driver.T4C8Oall.processError(T4C8Oall.java:1230) ~[ojdbc11-21.9.0.0.jar:21.9.0.0.0]
	at oracle.jdbc.driver.T4CTTIfun.receive(T4CTTIfun.java:771) ~[ojdbc11-21.9.0.0.jar:21.9.0.0.0]
	at oracle.jdbc.driver.T4CTTIfun.doRPC(T4CTTIfun.java:298) ~[ojdbc11-21.9.0.0.jar:21.9.0.0.0]
	at oracle.jdbc.driver.T4C8Oall.doOALL(T4C8Oall.java:511) ~[ojdbc11-21.9.0.0.jar:21.9.0.0.0]
	at oracle.jdbc.driver.T4CStatement.doOall8(T4CStatement.java:122) ~[ojdbc11-21.9.0.0.jar:21.9.0.0.0]
	at oracle.jdbc.driver.T4CStatement.executeForRows(T4CStatement.java:1199) ~[ojdbc11-21.9.0.0.jar:21.9.0.0.0]
	at oracle.jdbc.driver.OracleStatement.executeSQLStatement(OracleStatement.java:1819) ~[ojdbc11-21.9.0.0.jar:21.9.0.0.0]
	at oracle.jdbc.driver.OracleStatement.doExecuteWithTimeout(OracleStatement.java:1471) ~[ojdbc11-21.9.0.0.jar:21.9.0.0.0]
	at oracle.jdbc.driver.OracleStatement.executeInternal(OracleStatement.java:2504) ~[ojdbc11-21.9.0.0.jar:21.9.0.0.0]
	at oracle.jdbc.driver.OracleStatement.execute(OracleStatement.java:2459) ~[ojdbc11-21.9.0.0.jar:21.9.0.0.0]
	at oracle.jdbc.driver.OracleStatementWrapper.execute(OracleStatementWrapper.java:327) ~[ojdbc11-21.9.0.0.jar:21.9.0.0.0]
	at com.zaxxer.hikari.pool.ProxyStatement.execute(ProxyStatement.java:94) ~[HikariCP-5.1.0.jar:na]
	at com.zaxxer.hikari.pool.HikariProxyStatement.execute(HikariProxyStatement.java) ~[HikariCP-5.1.0.jar:na]
	at org.hibernate.tool.schema.internal.exec.GenerationTargetToDatabase.accept(GenerationTargetToDatabase.java:80) ~[hibernate-core-6.5.2.Final.jar:6.5.2.Final]
	... 122 common frames omitted
Caused by: oracle.jdbc.OracleDatabaseException: ORA-00942: table or view does not exist

	at oracle.jdbc.driver.T4CTTIoer11.processError(T4CTTIoer11.java:636) ~[ojdbc11-21.9.0.0.jar:21.9.0.0.0]
	... 137 common frames omitted

Hibernate: alter table assessments add constraint FK86xlwfpwkjs6dpi2wn2phaumu foreign key (simulation_id) references simulations
2026-08-13T11:59:40.891+05:30  WARN 14516 --- [school-service] [           main] o.h.t.s.i.ExceptionHandlerLoggedImpl     : GenerationTarget encountered exception accepting command : Error executing DDL "alter table assessments add constraint FK86xlwfpwkjs6dpi2wn2phaumu foreign key (simulation_id) references simulations" via JDBC [ORA-00942: table or view does not exist
]

org.hibernate.tool.schema.spi.CommandAcceptanceException: Error executing DDL "alter table assessments add constraint FK86xlwfpwkjs6dpi2wn2phaumu foreign key (simulation_id) references simulations" via JDBC [ORA-00942: table or view does not exist
]
	at org.hibernate.tool.schema.internal.exec.GenerationTargetToDatabase.accept(GenerationTargetToDatabase.java:94) ~[hibernate-core-6.5.2.Final.jar:6.5.2.Final]
	at org.hibernate.tool.schema.internal.AbstractSchemaMigrator.applySqlString(AbstractSchemaMigrator.java:575) ~[hibernate-core-6.5.2.Final.jar:6.5.2.Final]
	at org.hibernate.tool.schema.internal.AbstractSchemaMigrator.applySqlStrings(AbstractSchemaMigrator.java:515) ~[hibernate-core-6.5.2.Final.jar:6.5.2.Final]
	at org.hibernate.tool.schema.internal.AbstractSchemaMigrator.applyForeignKeys(AbstractSchemaMigrator.java:447) ~[hibernate-core-6.5.2.Final.jar:6.5.2.Final]
	at org.hibernate.tool.schema.internal.AbstractSchemaMigrator.performMigration(AbstractSchemaMigrator.java:268) ~[hibernate-core-6.5.2.Final.jar:6.5.2.Final]
	at org.hibernate.tool.schema.internal.AbstractSchemaMigrator.doMigration(AbstractSchemaMigrator.java:117) ~[hibernate-core-6.5.2.Final.jar:6.5.2.Final]
	at org.hibernate.tool.schema.spi.SchemaManagementToolCoordinator.performDatabaseAction(SchemaManagementToolCoordinator.java:280) ~[hibernate-core-6.5.2.Final.jar:6.5.2.Final]
	at org.hibernate.tool.schema.spi.SchemaManagementToolCoordinator.lambda$process$5(SchemaManagementToolCoordinator.java:144) ~[hibernate-core-6.5.2.Final.jar:6.5.2.Final]
	at java.base/java.util.HashMap.forEach(HashMap.java:1429) ~[na:na]
	at org.hibernate.tool.schema.spi.SchemaManagementToolCoordinator.process(SchemaManagementToolCoordinator.java:141) ~[hibernate-core-6.5.2.Final.jar:6.5.2.Final]
	at org.hibernate.boot.internal.SessionFactoryObserverForSchemaExport.sessionFactoryCreated(SessionFactoryObserverForSchemaExport.java:37) ~[hibernate-core-6.5.2.Final.jar:6.5.2.Final]
	at org.hibernate.internal.SessionFactoryObserverChain.sessionFactoryCreated(SessionFactoryObserverChain.java:35) ~[hibernate-core-6.5.2.Final.jar:6.5.2.Final]
	at org.hibernate.internal.SessionFactoryImpl.<init>(SessionFactoryImpl.java:322) ~[hibernate-core-6.5.2.Final.jar:6.5.2.Final]
	at org.hibernate.boot.internal.SessionFactoryBuilderImpl.build(SessionFactoryBuilderImpl.java:457) ~[hibernate-core-6.5.2.Final.jar:6.5.2.Final]
	at org.hibernate.jpa.boot.internal.EntityManagerFactoryBuilderImpl.build(EntityManagerFactoryBuilderImpl.java:1506) ~[hibernate-core-6.5.2.Final.jar:6.5.2.Final]
	at org.springframework.orm.jpa.vendor.SpringHibernateJpaPersistenceProvider.createContainerEntityManagerFactory(SpringHibernateJpaPersistenceProvider.java:75) ~[spring-orm-6.1.8.jar:6.1.8]
	at org.springframework.orm.jpa.LocalContainerEntityManagerFactoryBean.createNativeEntityManagerFactory(LocalContainerEntityManagerFactoryBean.java:390) ~[spring-orm-6.1.8.jar:6.1.8]
	at org.springframework.orm.jpa.AbstractEntityManagerFactoryBean.buildNativeEntityManagerFactory(AbstractEntityManagerFactoryBean.java:409) ~[spring-orm-6.1.8.jar:6.1.8]
	at org.springframework.orm.jpa.AbstractEntityManagerFactoryBean.afterPropertiesSet(AbstractEntityManagerFactoryBean.java:396) ~[spring-orm-6.1.8.jar:6.1.8]
	at org.springframework.orm.jpa.LocalContainerEntityManagerFactoryBean.afterPropertiesSet(LocalContainerEntityManagerFactoryBean.java:366) ~[spring-orm-6.1.8.jar:6.1.8]
	at org.springframework.beans.factory.support.AbstractAutowireCapableBeanFactory.invokeInitMethods(AbstractAutowireCapableBeanFactory.java:1835) ~[spring-beans-6.1.8.jar:6.1.8]
	at org.springframework.beans.factory.support.AbstractAutowireCapableBeanFactory.initializeBean(AbstractAutowireCapableBeanFactory.java:1784) ~[spring-beans-6.1.8.jar:6.1.8]
	at org.springframework.beans.factory.support.AbstractAutowireCapableBeanFactory.doCreateBean(AbstractAutowireCapableBeanFactory.java:600) ~[spring-beans-6.1.8.jar:6.1.8]
	at org.springframework.beans.factory.support.AbstractAutowireCapableBeanFactory.createBean(AbstractAutowireCapableBeanFactory.java:522) ~[spring-beans-6.1.8.jar:6.1.8]
	at org.springframework.beans.factory.support.AbstractBeanFactory.lambda$doGetBean$0(AbstractBeanFactory.java:337) ~[spring-beans-6.1.8.jar:6.1.8]
	at org.springframework.beans.factory.support.DefaultSingletonBeanRegistry.getSingleton(DefaultSingletonBeanRegistry.java:234) ~[spring-beans-6.1.8.jar:6.1.8]
	at org.springframework.beans.factory.support.AbstractBeanFactory.doGetBean(AbstractBeanFactory.java:335) ~[spring-beans-6.1.8.jar:6.1.8]
	at org.springframework.beans.factory.support.AbstractBeanFactory.getBean(AbstractBeanFactory.java:200) ~[spring-beans-6.1.8.jar:6.1.8]
	at org.springframework.beans.factory.support.BeanDefinitionValueResolver.resolveReference(BeanDefinitionValueResolver.java:365) ~[spring-beans-6.1.8.jar:6.1.8]
	at org.springframework.beans.factory.support.BeanDefinitionValueResolver.resolveValueIfNecessary(BeanDefinitionValueResolver.java:135) ~[spring-beans-6.1.8.jar:6.1.8]
	at org.springframework.beans.factory.support.ConstructorResolver.resolveConstructorArguments(ConstructorResolver.java:682) ~[spring-beans-6.1.8.jar:6.1.8]
	at org.springframework.beans.factory.support.ConstructorResolver.instantiateUsingFactoryMethod(ConstructorResolver.java:509) ~[spring-beans-6.1.8.jar:6.1.8]
	at org.springframework.beans.factory.support.AbstractAutowireCapableBeanFactory.instantiateUsingFactoryMethod(AbstractAutowireCapableBeanFactory.java:1337) ~[spring-beans-6.1.8.jar:6.1.8]
	at org.springframework.beans.factory.support.AbstractAutowireCapableBeanFactory.createBeanInstance(AbstractAutowireCapableBeanFactory.java:1167) ~[spring-beans-6.1.8.jar:6.1.8]
	at org.springframework.beans.factory.support.AbstractAutowireCapableBeanFactory.doCreateBean(AbstractAutowireCapableBeanFactory.java:562) ~[spring-beans-6.1.8.jar:6.1.8]
	at org.springframework.beans.factory.support.AbstractAutowireCapableBeanFactory.createBean(AbstractAutowireCapableBeanFactory.java:522) ~[spring-beans-6.1.8.jar:6.1.8]
	at org.springframework.beans.factory.support.AbstractBeanFactory.lambda$doGetBean$0(AbstractBeanFactory.java:337) ~[spring-beans-6.1.8.jar:6.1.8]
	at org.springframework.beans.factory.support.DefaultSingletonBeanRegistry.getSingleton(DefaultSingletonBeanRegistry.java:234) ~[spring-beans-6.1.8.jar:6.1.8]
	at org.springframework.beans.factory.support.AbstractBeanFactory.doGetBean(AbstractBeanFactory.java:335) ~[spring-beans-6.1.8.jar:6.1.8]
	at org.springframework.beans.factory.support.AbstractBeanFactory.getBean(AbstractBeanFactory.java:200) ~[spring-beans-6.1.8.jar:6.1.8]
	at org.springframework.beans.factory.support.BeanDefinitionValueResolver.resolveReference(BeanDefinitionValueResolver.java:365) ~[spring-beans-6.1.8.jar:6.1.8]
	at org.springframework.beans.factory.support.BeanDefinitionValueResolver.resolveValueIfNecessary(BeanDefinitionValueResolver.java:135) ~[spring-beans-6.1.8.jar:6.1.8]
	at org.springframework.beans.factory.support.AbstractAutowireCapableBeanFactory.applyPropertyValues(AbstractAutowireCapableBeanFactory.java:1687) ~[spring-beans-6.1.8.jar:6.1.8]
	at org.springframework.beans.factory.support.AbstractAutowireCapableBeanFactory.populateBean(AbstractAutowireCapableBeanFactory.java:1436) ~[spring-beans-6.1.8.jar:6.1.8]
	at org.springframework.beans.factory.support.AbstractAutowireCapableBeanFactory.doCreateBean(AbstractAutowireCapableBeanFactory.java:599) ~[spring-beans-6.1.8.jar:6.1.8]
	at org.springframework.beans.factory.support.AbstractAutowireCapableBeanFactory.createBean(AbstractAutowireCapableBeanFactory.java:522) ~[spring-beans-6.1.8.jar:6.1.8]
	at org.springframework.beans.factory.support.AbstractBeanFactory.lambda$doGetBean$0(AbstractBeanFactory.java:337) ~[spring-beans-6.1.8.jar:6.1.8]
	at org.springframework.beans.factory.support.DefaultSingletonBeanRegistry.getSingleton(DefaultSingletonBeanRegistry.java:234) ~[spring-beans-6.1.8.jar:6.1.8]
	at org.springframework.beans.factory.support.AbstractBeanFactory.doGetBean(AbstractBeanFactory.java:335) ~[spring-beans-6.1.8.jar:6.1.8]
	at org.springframework.beans.factory.support.AbstractBeanFactory.getBean(AbstractBeanFactory.java:200) ~[spring-beans-6.1.8.jar:6.1.8]
	at org.springframework.beans.factory.config.DependencyDescriptor.resolveCandidate(DependencyDescriptor.java:254) ~[spring-beans-6.1.8.jar:6.1.8]
	at org.springframework.beans.factory.support.DefaultListableBeanFactory.doResolveDependency(DefaultListableBeanFactory.java:1443) ~[spring-beans-6.1.8.jar:6.1.8]
	at org.springframework.beans.factory.support.DefaultListableBeanFactory.resolveDependency(DefaultListableBeanFactory.java:1353) ~[spring-beans-6.1.8.jar:6.1.8]
	at org.springframework.beans.factory.support.ConstructorResolver.resolveAutowiredArgument(ConstructorResolver.java:904) ~[spring-beans-6.1.8.jar:6.1.8]
	at org.springframework.beans.factory.support.ConstructorResolver.createArgumentArray(ConstructorResolver.java:782) ~[spring-beans-6.1.8.jar:6.1.8]
	at org.springframework.beans.factory.support.ConstructorResolver.autowireConstructor(ConstructorResolver.java:237) ~[spring-beans-6.1.8.jar:6.1.8]
	at org.springframework.beans.factory.support.AbstractAutowireCapableBeanFactory.autowireConstructor(AbstractAutowireCapableBeanFactory.java:1357) ~[spring-beans-6.1.8.jar:6.1.8]
	at org.springframework.beans.factory.support.AbstractAutowireCapableBeanFactory.createBeanInstance(AbstractAutowireCapableBeanFactory.java:1194) ~[spring-beans-6.1.8.jar:6.1.8]
	at org.springframework.beans.factory.support.AbstractAutowireCapableBeanFactory.doCreateBean(AbstractAutowireCapableBeanFactory.java:562) ~[spring-beans-6.1.8.jar:6.1.8]
	at org.springframework.beans.factory.support.AbstractAutowireCapableBeanFactory.createBean(AbstractAutowireCapableBeanFactory.java:522) ~[spring-beans-6.1.8.jar:6.1.8]
	at org.springframework.beans.factory.support.AbstractBeanFactory.lambda$doGetBean$0(AbstractBeanFactory.java:337) ~[spring-beans-6.1.8.jar:6.1.8]
	at org.springframework.beans.factory.support.DefaultSingletonBeanRegistry.getSingleton(DefaultSingletonBeanRegistry.java:234) ~[spring-beans-6.1.8.jar:6.1.8]
	at org.springframework.beans.factory.support.AbstractBeanFactory.doGetBean(AbstractBeanFactory.java:335) ~[spring-beans-6.1.8.jar:6.1.8]
	at org.springframework.beans.factory.support.AbstractBeanFactory.getBean(AbstractBeanFactory.java:200) ~[spring-beans-6.1.8.jar:6.1.8]
	at org.springframework.beans.factory.config.DependencyDescriptor.resolveCandidate(DependencyDescriptor.java:254) ~[spring-beans-6.1.8.jar:6.1.8]
	at org.springframework.beans.factory.support.DefaultListableBeanFactory.doResolveDependency(DefaultListableBeanFactory.java:1443) ~[spring-beans-6.1.8.jar:6.1.8]
	at org.springframework.beans.factory.support.DefaultListableBeanFactory.resolveDependency(DefaultListableBeanFactory.java:1353) ~[spring-beans-6.1.8.jar:6.1.8]
	at org.springframework.beans.factory.support.ConstructorResolver.resolveAutowiredArgument(ConstructorResolver.java:904) ~[spring-beans-6.1.8.jar:6.1.8]
	at org.springframework.beans.factory.support.ConstructorResolver.createArgumentArray(ConstructorResolver.java:782) ~[spring-beans-6.1.8.jar:6.1.8]
	at org.springframework.beans.factory.support.ConstructorResolver.autowireConstructor(ConstructorResolver.java:237) ~[spring-beans-6.1.8.jar:6.1.8]
	at org.springframework.beans.factory.support.AbstractAutowireCapableBeanFactory.autowireConstructor(AbstractAutowireCapableBeanFactory.java:1357) ~[spring-beans-6.1.8.jar:6.1.8]
	at org.springframework.beans.factory.support.AbstractAutowireCapableBeanFactory.createBeanInstance(AbstractAutowireCapableBeanFactory.java:1194) ~[spring-beans-6.1.8.jar:6.1.8]
	at org.springframework.beans.factory.support.AbstractAutowireCapableBeanFactory.doCreateBean(AbstractAutowireCapableBeanFactory.java:562) ~[spring-beans-6.1.8.jar:6.1.8]
	at org.springframework.beans.factory.support.AbstractAutowireCapableBeanFactory.createBean(AbstractAutowireCapableBeanFactory.java:522) ~[spring-beans-6.1.8.jar:6.1.8]
	at org.springframework.beans.factory.support.AbstractBeanFactory.lambda$doGetBean$0(AbstractBeanFactory.java:337) ~[spring-beans-6.1.8.jar:6.1.8]
	at org.springframework.beans.factory.support.DefaultSingletonBeanRegistry.getSingleton(DefaultSingletonBeanRegistry.java:234) ~[spring-beans-6.1.8.jar:6.1.8]
	at org.springframework.beans.factory.support.AbstractBeanFactory.doGetBean(AbstractBeanFactory.java:335) ~[spring-beans-6.1.8.jar:6.1.8]
	at org.springframework.beans.factory.support.AbstractBeanFactory.getBean(AbstractBeanFactory.java:205) ~[spring-beans-6.1.8.jar:6.1.8]
	at org.springframework.boot.web.servlet.ServletContextInitializerBeans.getOrderedBeansOfType(ServletContextInitializerBeans.java:211) ~[spring-boot-3.3.0.jar:3.3.0]
	at org.springframework.boot.web.servlet.ServletContextInitializerBeans.addAsRegistrationBean(ServletContextInitializerBeans.java:174) ~[spring-boot-3.3.0.jar:3.3.0]
	at org.springframework.boot.web.servlet.ServletContextInitializerBeans.addAsRegistrationBean(ServletContextInitializerBeans.java:169) ~[spring-boot-3.3.0.jar:3.3.0]
	at org.springframework.boot.web.servlet.ServletContextInitializerBeans.addAdaptableBeans(ServletContextInitializerBeans.java:154) ~[spring-boot-3.3.0.jar:3.3.0]
	at org.springframework.boot.web.servlet.ServletContextInitializerBeans.<init>(ServletContextInitializerBeans.java:87) ~[spring-boot-3.3.0.jar:3.3.0]
	at org.springframework.boot.web.servlet.context.ServletWebServerApplicationContext.getServletContextInitializerBeans(ServletWebServerApplicationContext.java:266) ~[spring-boot-3.3.0.jar:3.3.0]
	at org.springframework.boot.web.servlet.context.ServletWebServerApplicationContext.selfInitialize(ServletWebServerApplicationContext.java:240) ~[spring-boot-3.3.0.jar:3.3.0]
	at org.springframework.boot.web.embedded.tomcat.TomcatStarter.onStartup(TomcatStarter.java:52) ~[spring-boot-3.3.0.jar:3.3.0]
	at org.apache.catalina.core.StandardContext.startInternal(StandardContext.java:4414) ~[tomcat-embed-core-10.1.24.jar:10.1.24]
	at org.apache.catalina.util.LifecycleBase.start(LifecycleBase.java:171) ~[tomcat-embed-core-10.1.24.jar:10.1.24]
	at org.apache.catalina.core.ContainerBase$StartChild.call(ContainerBase.java:1203) ~[tomcat-embed-core-10.1.24.jar:10.1.24]
	at org.apache.catalina.core.ContainerBase$StartChild.call(ContainerBase.java:1193) ~[tomcat-embed-core-10.1.24.jar:10.1.24]
	at java.base/java.util.concurrent.FutureTask.run(FutureTask.java:317) ~[na:na]
	at org.apache.tomcat.util.threads.InlineExecutorService.execute(InlineExecutorService.java:75) ~[tomcat-embed-core-10.1.24.jar:10.1.24]
	at java.base/java.util.concurrent.AbstractExecutorService.submit(AbstractExecutorService.java:145) ~[na:na]
	at org.apache.catalina.core.ContainerBase.startInternal(ContainerBase.java:749) ~[tomcat-embed-core-10.1.24.jar:10.1.24]
	at org.apache.catalina.core.StandardHost.startInternal(StandardHost.java:772) ~[tomcat-embed-core-10.1.24.jar:10.1.24]
	at org.apache.catalina.util.LifecycleBase.start(LifecycleBase.java:171) ~[tomcat-embed-core-10.1.24.jar:10.1.24]
	at org.apache.catalina.core.ContainerBase$StartChild.call(ContainerBase.java:1203) ~[tomcat-embed-core-10.1.24.jar:10.1.24]
	at org.apache.catalina.core.ContainerBase$StartChild.call(ContainerBase.java:1193) ~[tomcat-embed-core-10.1.24.jar:10.1.24]
	at java.base/java.util.concurrent.FutureTask.run(FutureTask.java:317) ~[na:na]
	at org.apache.tomcat.util.threads.InlineExecutorService.execute(InlineExecutorService.java:75) ~[tomcat-embed-core-10.1.24.jar:10.1.24]
	at java.base/java.util.concurrent.AbstractExecutorService.submit(AbstractExecutorService.java:145) ~[na:na]
	at org.apache.catalina.core.ContainerBase.startInternal(ContainerBase.java:749) ~[tomcat-embed-core-10.1.24.jar:10.1.24]
	at org.apache.catalina.core.StandardEngine.startInternal(StandardEngine.java:203) ~[tomcat-embed-core-10.1.24.jar:10.1.24]
	at org.apache.catalina.util.LifecycleBase.start(LifecycleBase.java:171) ~[tomcat-embed-core-10.1.24.jar:10.1.24]
	at org.apache.catalina.core.StandardService.startInternal(StandardService.java:415) ~[tomcat-embed-core-10.1.24.jar:10.1.24]
	at org.apache.catalina.util.LifecycleBase.start(LifecycleBase.java:171) ~[tomcat-embed-core-10.1.24.jar:10.1.24]
	at org.apache.catalina.core.StandardServer.startInternal(StandardServer.java:874) ~[tomcat-embed-core-10.1.24.jar:10.1.24]
	at org.apache.catalina.util.LifecycleBase.start(LifecycleBase.java:171) ~[tomcat-embed-core-10.1.24.jar:10.1.24]
	at org.apache.catalina.startup.Tomcat.start(Tomcat.java:437) ~[tomcat-embed-core-10.1.24.jar:10.1.24]
	at org.springframework.boot.web.embedded.tomcat.TomcatWebServer.initialize(TomcatWebServer.java:128) ~[spring-boot-3.3.0.jar:3.3.0]
	at org.springframework.boot.web.embedded.tomcat.TomcatWebServer.<init>(TomcatWebServer.java:107) ~[spring-boot-3.3.0.jar:3.3.0]
	at org.springframework.boot.web.embedded.tomcat.TomcatServletWebServerFactory.getTomcatWebServer(TomcatServletWebServerFactory.java:516) ~[spring-boot-3.3.0.jar:3.3.0]
	at org.springframework.boot.web.embedded.tomcat.TomcatServletWebServerFactory.getWebServer(TomcatServletWebServerFactory.java:222) ~[spring-boot-3.3.0.jar:3.3.0]
	at org.springframework.boot.web.servlet.context.ServletWebServerApplicationContext.createWebServer(ServletWebServerApplicationContext.java:188) ~[spring-boot-3.3.0.jar:3.3.0]
	at org.springframework.boot.web.servlet.context.ServletWebServerApplicationContext.onRefresh(ServletWebServerApplicationContext.java:162) ~[spring-boot-3.3.0.jar:3.3.0]
	at org.springframework.context.support.AbstractApplicationContext.refresh(AbstractApplicationContext.java:618) ~[spring-context-6.1.8.jar:6.1.8]
	at org.springframework.boot.web.servlet.context.ServletWebServerApplicationContext.refresh(ServletWebServerApplicationContext.java:146) ~[spring-boot-3.3.0.jar:3.3.0]
	at org.springframework.boot.SpringApplication.refresh(SpringApplication.java:754) ~[spring-boot-3.3.0.jar:3.3.0]
	at org.springframework.boot.SpringApplication.refreshContext(SpringApplication.java:456) ~[spring-boot-3.3.0.jar:3.3.0]
	at org.springframework.boot.SpringApplication.run(SpringApplication.java:335) ~[spring-boot-3.3.0.jar:3.3.0]
	at org.springframework.boot.SpringApplication.run(SpringApplication.java:1363) ~[spring-boot-3.3.0.jar:3.3.0]
	at org.springframework.boot.SpringApplication.run(SpringApplication.java:1352) ~[spring-boot-3.3.0.jar:3.3.0]
	at com.kce.project.SchoolServiceApplication.main(SchoolServiceApplication.java:11) ~[classes/:na]
Caused by: java.sql.SQLSyntaxErrorException: ORA-00942: table or view does not exist

	at oracle.jdbc.driver.T4CTTIoer11.processError(T4CTTIoer11.java:629) ~[ojdbc11-21.9.0.0.jar:21.9.0.0.0]
	at oracle.jdbc.driver.T4CTTIoer11.processError(T4CTTIoer11.java:563) ~[ojdbc11-21.9.0.0.jar:21.9.0.0.0]
	at oracle.jdbc.driver.T4C8Oall.processError(T4C8Oall.java:1230) ~[ojdbc11-21.9.0.0.jar:21.9.0.0.0]
	at oracle.jdbc.driver.T4CTTIfun.receive(T4CTTIfun.java:771) ~[ojdbc11-21.9.0.0.jar:21.9.0.0.0]
	at oracle.jdbc.driver.T4CTTIfun.doRPC(T4CTTIfun.java:298) ~[ojdbc11-21.9.0.0.jar:21.9.0.0.0]
	at oracle.jdbc.driver.T4C8Oall.doOALL(T4C8Oall.java:511) ~[ojdbc11-21.9.0.0.jar:21.9.0.0.0]
	at oracle.jdbc.driver.T4CStatement.doOall8(T4CStatement.java:122) ~[ojdbc11-21.9.0.0.jar:21.9.0.0.0]
	at oracle.jdbc.driver.T4CStatement.executeForRows(T4CStatement.java:1199) ~[ojdbc11-21.9.0.0.jar:21.9.0.0.0]
	at oracle.jdbc.driver.OracleStatement.executeSQLStatement(OracleStatement.java:1819) ~[ojdbc11-21.9.0.0.jar:21.9.0.0.0]
	at oracle.jdbc.driver.OracleStatement.doExecuteWithTimeout(OracleStatement.java:1471) ~[ojdbc11-21.9.0.0.jar:21.9.0.0.0]
	at oracle.jdbc.driver.OracleStatement.executeInternal(OracleStatement.java:2504) ~[ojdbc11-21.9.0.0.jar:21.9.0.0.0]
	at oracle.jdbc.driver.OracleStatement.execute(OracleStatement.java:2459) ~[ojdbc11-21.9.0.0.jar:21.9.0.0.0]
	at oracle.jdbc.driver.OracleStatementWrapper.execute(OracleStatementWrapper.java:327) ~[ojdbc11-21.9.0.0.jar:21.9.0.0.0]
	at com.zaxxer.hikari.pool.ProxyStatement.execute(ProxyStatement.java:94) ~[HikariCP-5.1.0.jar:na]
	at com.zaxxer.hikari.pool.HikariProxyStatement.execute(HikariProxyStatement.java) ~[HikariCP-5.1.0.jar:na]
	at org.hibernate.tool.schema.internal.exec.GenerationTargetToDatabase.accept(GenerationTargetToDatabase.java:80) ~[hibernate-core-6.5.2.Final.jar:6.5.2.Final]
	... 122 common frames omitted
Caused by: oracle.jdbc.OracleDatabaseException: ORA-00942: table or view does not exist

	at oracle.jdbc.driver.T4CTTIoer11.processError(T4CTTIoer11.java:636) ~[ojdbc11-21.9.0.0.jar:21.9.0.0.0]
	... 137 common frames omitted

Hibernate: alter table assignments add constraint FKmtgb2gxevcfdl5ifq1g71qidv foreign key (class_id) references school_classes
2026-08-13T11:59:40.909+05:30  WARN 14516 --- [school-service] [           main] o.h.t.s.i.ExceptionHandlerLoggedImpl     : GenerationTarget encountered exception accepting command : Error executing DDL "alter table assignments add constraint FKmtgb2gxevcfdl5ifq1g71qidv foreign key (class_id) references school_classes" via JDBC [ORA-00942: table or view does not exist
]

org.hibernate.tool.schema.spi.CommandAcceptanceException: Error executing DDL "alter table assignments add constraint FKmtgb2gxevcfdl5ifq1g71qidv foreign key (class_id) references school_classes" via JDBC [ORA-00942: table or view does not exist
]
	at org.hibernate.tool.schema.internal.exec.GenerationTargetToDatabase.accept(GenerationTargetToDatabase.java:94) ~[hibernate-core-6.5.2.Final.jar:6.5.2.Final]
	at org.hibernate.tool.schema.internal.AbstractSchemaMigrator.applySqlString(AbstractSchemaMigrator.java:575) ~[hibernate-core-6.5.2.Final.jar:6.5.2.Final]
	at org.hibernate.tool.schema.internal.AbstractSchemaMigrator.applySqlStrings(AbstractSchemaMigrator.java:515) ~[hibernate-core-6.5.2.Final.jar:6.5.2.Final]
	at org.hibernate.tool.schema.internal.AbstractSchemaMigrator.applyForeignKeys(AbstractSchemaMigrator.java:447) ~[hibernate-core-6.5.2.Final.jar:6.5.2.Final]
	at org.hibernate.tool.schema.internal.AbstractSchemaMigrator.performMigration(AbstractSchemaMigrator.java:268) ~[hibernate-core-6.5.2.Final.jar:6.5.2.Final]
	at org.hibernate.tool.schema.internal.AbstractSchemaMigrator.doMigration(AbstractSchemaMigrator.java:117) ~[hibernate-core-6.5.2.Final.jar:6.5.2.Final]
	at org.hibernate.tool.schema.spi.SchemaManagementToolCoordinator.performDatabaseAction(SchemaManagementToolCoordinator.java:280) ~[hibernate-core-6.5.2.Final.jar:6.5.2.Final]
	at org.hibernate.tool.schema.spi.SchemaManagementToolCoordinator.lambda$process$5(SchemaManagementToolCoordinator.java:144) ~[hibernate-core-6.5.2.Final.jar:6.5.2.Final]
	at java.base/java.util.HashMap.forEach(HashMap.java:1429) ~[na:na]
	at org.hibernate.tool.schema.spi.SchemaManagementToolCoordinator.process(SchemaManagementToolCoordinator.java:141) ~[hibernate-core-6.5.2.Final.jar:6.5.2.Final]
	at org.hibernate.boot.internal.SessionFactoryObserverForSchemaExport.sessionFactoryCreated(SessionFactoryObserverForSchemaExport.java:37) ~[hibernate-core-6.5.2.Final.jar:6.5.2.Final]
	at org.hibernate.internal.SessionFactoryObserverChain.sessionFactoryCreated(SessionFactoryObserverChain.java:35) ~[hibernate-core-6.5.2.Final.jar:6.5.2.Final]
	at org.hibernate.internal.SessionFactoryImpl.<init>(SessionFactoryImpl.java:322) ~[hibernate-core-6.5.2.Final.jar:6.5.2.Final]
	at org.hibernate.boot.internal.SessionFactoryBuilderImpl.build(SessionFactoryBuilderImpl.java:457) ~[hibernate-core-6.5.2.Final.jar:6.5.2.Final]
	at org.hibernate.jpa.boot.internal.EntityManagerFactoryBuilderImpl.build(EntityManagerFactoryBuilderImpl.java:1506) ~[hibernate-core-6.5.2.Final.jar:6.5.2.Final]
	at org.springframework.orm.jpa.vendor.SpringHibernateJpaPersistenceProvider.createContainerEntityManagerFactory(SpringHibernateJpaPersistenceProvider.java:75) ~[spring-orm-6.1.8.jar:6.1.8]
	at org.springframework.orm.jpa.LocalContainerEntityManagerFactoryBean.createNativeEntityManagerFactory(LocalContainerEntityManagerFactoryBean.java:390) ~[spring-orm-6.1.8.jar:6.1.8]
	at org.springframework.orm.jpa.AbstractEntityManagerFactoryBean.buildNativeEntityManagerFactory(AbstractEntityManagerFactoryBean.java:409) ~[spring-orm-6.1.8.jar:6.1.8]
	at org.springframework.orm.jpa.AbstractEntityManagerFactoryBean.afterPropertiesSet(AbstractEntityManagerFactoryBean.java:396) ~[spring-orm-6.1.8.jar:6.1.8]
	at org.springframework.orm.jpa.LocalContainerEntityManagerFactoryBean.afterPropertiesSet(LocalContainerEntityManagerFactoryBean.java:366) ~[spring-orm-6.1.8.jar:6.1.8]
	at org.springframework.beans.factory.support.AbstractAutowireCapableBeanFactory.invokeInitMethods(AbstractAutowireCapableBeanFactory.java:1835) ~[spring-beans-6.1.8.jar:6.1.8]
	at org.springframework.beans.factory.support.AbstractAutowireCapableBeanFactory.initializeBean(AbstractAutowireCapableBeanFactory.java:1784) ~[spring-beans-6.1.8.jar:6.1.8]
	at org.springframework.beans.factory.support.AbstractAutowireCapableBeanFactory.doCreateBean(AbstractAutowireCapableBeanFactory.java:600) ~[spring-beans-6.1.8.jar:6.1.8]
	at org.springframework.beans.factory.support.AbstractAutowireCapableBeanFactory.createBean(AbstractAutowireCapableBeanFactory.java:522) ~[spring-beans-6.1.8.jar:6.1.8]
	at org.springframework.beans.factory.support.AbstractBeanFactory.lambda$doGetBean$0(AbstractBeanFactory.java:337) ~[spring-beans-6.1.8.jar:6.1.8]
	at org.springframework.beans.factory.support.DefaultSingletonBeanRegistry.getSingleton(DefaultSingletonBeanRegistry.java:234) ~[spring-beans-6.1.8.jar:6.1.8]
	at org.springframework.beans.factory.support.AbstractBeanFactory.doGetBean(AbstractBeanFactory.java:335) ~[spring-beans-6.1.8.jar:6.1.8]
	at org.springframework.beans.factory.support.AbstractBeanFactory.getBean(AbstractBeanFactory.java:200) ~[spring-beans-6.1.8.jar:6.1.8]
	at org.springframework.beans.factory.support.BeanDefinitionValueResolver.resolveReference(BeanDefinitionValueResolver.java:365) ~[spring-beans-6.1.8.jar:6.1.8]
	at org.springframework.beans.factory.support.BeanDefinitionValueResolver.resolveValueIfNecessary(BeanDefinitionValueResolver.java:135) ~[spring-beans-6.1.8.jar:6.1.8]
	at org.springframework.beans.factory.support.ConstructorResolver.resolveConstructorArguments(ConstructorResolver.java:682) ~[spring-beans-6.1.8.jar:6.1.8]
	at org.springframework.beans.factory.support.ConstructorResolver.instantiateUsingFactoryMethod(ConstructorResolver.java:509) ~[spring-beans-6.1.8.jar:6.1.8]
	at org.springframework.beans.factory.support.AbstractAutowireCapableBeanFactory.instantiateUsingFactoryMethod(AbstractAutowireCapableBeanFactory.java:1337) ~[spring-beans-6.1.8.jar:6.1.8]
	at org.springframework.beans.factory.support.AbstractAutowireCapableBeanFactory.createBeanInstance(AbstractAutowireCapableBeanFactory.java:1167) ~[spring-beans-6.1.8.jar:6.1.8]
	at org.springframework.beans.factory.support.AbstractAutowireCapableBeanFactory.doCreateBean(AbstractAutowireCapableBeanFactory.java:562) ~[spring-beans-6.1.8.jar:6.1.8]
	at org.springframework.beans.factory.support.AbstractAutowireCapableBeanFactory.createBean(AbstractAutowireCapableBeanFactory.java:522) ~[spring-beans-6.1.8.jar:6.1.8]
	at org.springframework.beans.factory.support.AbstractBeanFactory.lambda$doGetBean$0(AbstractBeanFactory.java:337) ~[spring-beans-6.1.8.jar:6.1.8]
	at org.springframework.beans.factory.support.DefaultSingletonBeanRegistry.getSingleton(DefaultSingletonBeanRegistry.java:234) ~[spring-beans-6.1.8.jar:6.1.8]
	at org.springframework.beans.factory.support.AbstractBeanFactory.doGetBean(AbstractBeanFactory.java:335) ~[spring-beans-6.1.8.jar:6.1.8]
	at org.springframework.beans.factory.support.AbstractBeanFactory.getBean(AbstractBeanFactory.java:200) ~[spring-beans-6.1.8.jar:6.1.8]
	at org.springframework.beans.factory.support.BeanDefinitionValueResolver.resolveReference(BeanDefinitionValueResolver.java:365) ~[spring-beans-6.1.8.jar:6.1.8]
	at org.springframework.beans.factory.support.BeanDefinitionValueResolver.resolveValueIfNecessary(BeanDefinitionValueResolver.java:135) ~[spring-beans-6.1.8.jar:6.1.8]
	at org.springframework.beans.factory.support.AbstractAutowireCapableBeanFactory.applyPropertyValues(AbstractAutowireCapableBeanFactory.java:1687) ~[spring-beans-6.1.8.jar:6.1.8]
	at org.springframework.beans.factory.support.AbstractAutowireCapableBeanFactory.populateBean(AbstractAutowireCapableBeanFactory.java:1436) ~[spring-beans-6.1.8.jar:6.1.8]
	at org.springframework.beans.factory.support.AbstractAutowireCapableBeanFactory.doCreateBean(AbstractAutowireCapableBeanFactory.java:599) ~[spring-beans-6.1.8.jar:6.1.8]
	at org.springframework.beans.factory.support.AbstractAutowireCapableBeanFactory.createBean(AbstractAutowireCapableBeanFactory.java:522) ~[spring-beans-6.1.8.jar:6.1.8]
	at org.springframework.beans.factory.support.AbstractBeanFactory.lambda$doGetBean$0(AbstractBeanFactory.java:337) ~[spring-beans-6.1.8.jar:6.1.8]
	at org.springframework.beans.factory.support.DefaultSingletonBeanRegistry.getSingleton(DefaultSingletonBeanRegistry.java:234) ~[spring-beans-6.1.8.jar:6.1.8]
	at org.springframework.beans.factory.support.AbstractBeanFactory.doGetBean(AbstractBeanFactory.java:335) ~[spring-beans-6.1.8.jar:6.1.8]
	at org.springframework.beans.factory.support.AbstractBeanFactory.getBean(AbstractBeanFactory.java:200) ~[spring-beans-6.1.8.jar:6.1.8]
	at org.springframework.beans.factory.config.DependencyDescriptor.resolveCandidate(DependencyDescriptor.java:254) ~[spring-beans-6.1.8.jar:6.1.8]
	at org.springframework.beans.factory.support.DefaultListableBeanFactory.doResolveDependency(DefaultListableBeanFactory.java:1443) ~[spring-beans-6.1.8.jar:6.1.8]
	at org.springframework.beans.factory.support.DefaultListableBeanFactory.resolveDependency(DefaultListableBeanFactory.java:1353) ~[spring-beans-6.1.8.jar:6.1.8]
	at org.springframework.beans.factory.support.ConstructorResolver.resolveAutowiredArgument(ConstructorResolver.java:904) ~[spring-beans-6.1.8.jar:6.1.8]
	at org.springframework.beans.factory.support.ConstructorResolver.createArgumentArray(ConstructorResolver.java:782) ~[spring-beans-6.1.8.jar:6.1.8]
	at org.springframework.beans.factory.support.ConstructorResolver.autowireConstructor(ConstructorResolver.java:237) ~[spring-beans-6.1.8.jar:6.1.8]
	at org.springframework.beans.factory.support.AbstractAutowireCapableBeanFactory.autowireConstructor(AbstractAutowireCapableBeanFactory.java:1357) ~[spring-beans-6.1.8.jar:6.1.8]
	at org.springframework.beans.factory.support.AbstractAutowireCapableBeanFactory.createBeanInstance(AbstractAutowireCapableBeanFactory.java:1194) ~[spring-beans-6.1.8.jar:6.1.8]
	at org.springframework.beans.factory.support.AbstractAutowireCapableBeanFactory.doCreateBean(AbstractAutowireCapableBeanFactory.java:562) ~[spring-beans-6.1.8.jar:6.1.8]
	at org.springframework.beans.factory.support.AbstractAutowireCapableBeanFactory.createBean(AbstractAutowireCapableBeanFactory.java:522) ~[spring-beans-6.1.8.jar:6.1.8]
	at org.springframework.beans.factory.support.AbstractBeanFactory.lambda$doGetBean$0(AbstractBeanFactory.java:337) ~[spring-beans-6.1.8.jar:6.1.8]
	at org.springframework.beans.factory.support.DefaultSingletonBeanRegistry.getSingleton(DefaultSingletonBeanRegistry.java:234) ~[spring-beans-6.1.8.jar:6.1.8]
	at org.springframework.beans.factory.support.AbstractBeanFactory.doGetBean(AbstractBeanFactory.java:335) ~[spring-beans-6.1.8.jar:6.1.8]
	at org.springframework.beans.factory.support.AbstractBeanFactory.getBean(AbstractBeanFactory.java:200) ~[spring-beans-6.1.8.jar:6.1.8]
	at org.springframework.beans.factory.config.DependencyDescriptor.resolveCandidate(DependencyDescriptor.java:254) ~[spring-beans-6.1.8.jar:6.1.8]
	at org.springframework.beans.factory.support.DefaultListableBeanFactory.doResolveDependency(DefaultListableBeanFactory.java:1443) ~[spring-beans-6.1.8.jar:6.1.8]
	at org.springframework.beans.factory.support.DefaultListableBeanFactory.resolveDependency(DefaultListableBeanFactory.java:1353) ~[spring-beans-6.1.8.jar:6.1.8]
	at org.springframework.beans.factory.support.ConstructorResolver.resolveAutowiredArgument(ConstructorResolver.java:904) ~[spring-beans-6.1.8.jar:6.1.8]
	at org.springframework.beans.factory.support.ConstructorResolver.createArgumentArray(ConstructorResolver.java:782) ~[spring-beans-6.1.8.jar:6.1.8]
	at org.springframework.beans.factory.support.ConstructorResolver.autowireConstructor(ConstructorResolver.java:237) ~[spring-beans-6.1.8.jar:6.1.8]
	at org.springframework.beans.factory.support.AbstractAutowireCapableBeanFactory.autowireConstructor(AbstractAutowireCapableBeanFactory.java:1357) ~[spring-beans-6.1.8.jar:6.1.8]
	at org.springframework.beans.factory.support.AbstractAutowireCapableBeanFactory.createBeanInstance(AbstractAutowireCapableBeanFactory.java:1194) ~[spring-beans-6.1.8.jar:6.1.8]
	at org.springframework.beans.factory.support.AbstractAutowireCapableBeanFactory.doCreateBean(AbstractAutowireCapableBeanFactory.java:562) ~[spring-beans-6.1.8.jar:6.1.8]
	at org.springframework.beans.factory.support.AbstractAutowireCapableBeanFactory.createBean(AbstractAutowireCapableBeanFactory.java:522) ~[spring-beans-6.1.8.jar:6.1.8]
	at org.springframework.beans.factory.support.AbstractBeanFactory.lambda$doGetBean$0(AbstractBeanFactory.java:337) ~[spring-beans-6.1.8.jar:6.1.8]
	at org.springframework.beans.factory.support.DefaultSingletonBeanRegistry.getSingleton(DefaultSingletonBeanRegistry.java:234) ~[spring-beans-6.1.8.jar:6.1.8]
	at org.springframework.beans.factory.support.AbstractBeanFactory.doGetBean(AbstractBeanFactory.java:335) ~[spring-beans-6.1.8.jar:6.1.8]
	at org.springframework.beans.factory.support.AbstractBeanFactory.getBean(AbstractBeanFactory.java:205) ~[spring-beans-6.1.8.jar:6.1.8]
	at org.springframework.boot.web.servlet.ServletContextInitializerBeans.getOrderedBeansOfType(ServletContextInitializerBeans.java:211) ~[spring-boot-3.3.0.jar:3.3.0]
	at org.springframework.boot.web.servlet.ServletContextInitializerBeans.addAsRegistrationBean(ServletContextInitializerBeans.java:174) ~[spring-boot-3.3.0.jar:3.3.0]
	at org.springframework.boot.web.servlet.ServletContextInitializerBeans.addAsRegistrationBean(ServletContextInitializerBeans.java:169) ~[spring-boot-3.3.0.jar:3.3.0]
	at org.springframework.boot.web.servlet.ServletContextInitializerBeans.addAdaptableBeans(ServletContextInitializerBeans.java:154) ~[spring-boot-3.3.0.jar:3.3.0]
	at org.springframework.boot.web.servlet.ServletContextInitializerBeans.<init>(ServletContextInitializerBeans.java:87) ~[spring-boot-3.3.0.jar:3.3.0]
	at org.springframework.boot.web.servlet.context.ServletWebServerApplicationContext.getServletContextInitializerBeans(ServletWebServerApplicationContext.java:266) ~[spring-boot-3.3.0.jar:3.3.0]
	at org.springframework.boot.web.servlet.context.ServletWebServerApplicationContext.selfInitialize(ServletWebServerApplicationContext.java:240) ~[spring-boot-3.3.0.jar:3.3.0]
	at org.springframework.boot.web.embedded.tomcat.TomcatStarter.onStartup(TomcatStarter.java:52) ~[spring-boot-3.3.0.jar:3.3.0]
	at org.apache.catalina.core.StandardContext.startInternal(StandardContext.java:4414) ~[tomcat-embed-core-10.1.24.jar:10.1.24]
	at org.apache.catalina.util.LifecycleBase.start(LifecycleBase.java:171) ~[tomcat-embed-core-10.1.24.jar:10.1.24]
	at org.apache.catalina.core.ContainerBase$StartChild.call(ContainerBase.java:1203) ~[tomcat-embed-core-10.1.24.jar:10.1.24]
	at org.apache.catalina.core.ContainerBase$StartChild.call(ContainerBase.java:1193) ~[tomcat-embed-core-10.1.24.jar:10.1.24]
	at java.base/java.util.concurrent.FutureTask.run(FutureTask.java:317) ~[na:na]
	at org.apache.tomcat.util.threads.InlineExecutorService.execute(InlineExecutorService.java:75) ~[tomcat-embed-core-10.1.24.jar:10.1.24]
	at java.base/java.util.concurrent.AbstractExecutorService.submit(AbstractExecutorService.java:145) ~[na:na]
	at org.apache.catalina.core.ContainerBase.startInternal(ContainerBase.java:749) ~[tomcat-embed-core-10.1.24.jar:10.1.24]
	at org.apache.catalina.core.StandardHost.startInternal(StandardHost.java:772) ~[tomcat-embed-core-10.1.24.jar:10.1.24]
	at org.apache.catalina.util.LifecycleBase.start(LifecycleBase.java:171) ~[tomcat-embed-core-10.1.24.jar:10.1.24]
	at org.apache.catalina.core.ContainerBase$StartChild.call(ContainerBase.java:1203) ~[tomcat-embed-core-10.1.24.jar:10.1.24]
	at org.apache.catalina.core.ContainerBase$StartChild.call(ContainerBase.java:1193) ~[tomcat-embed-core-10.1.24.jar:10.1.24]
	at java.base/java.util.concurrent.FutureTask.run(FutureTask.java:317) ~[na:na]
	at org.apache.tomcat.util.threads.InlineExecutorService.execute(InlineExecutorService.java:75) ~[tomcat-embed-core-10.1.24.jar:10.1.24]
	at java.base/java.util.concurrent.AbstractExecutorService.submit(AbstractExecutorService.java:145) ~[na:na]
	at org.apache.catalina.core.ContainerBase.startInternal(ContainerBase.java:749) ~[tomcat-embed-core-10.1.24.jar:10.1.24]
	at org.apache.catalina.core.StandardEngine.startInternal(StandardEngine.java:203) ~[tomcat-embed-core-10.1.24.jar:10.1.24]
	at org.apache.catalina.util.LifecycleBase.start(LifecycleBase.java:171) ~[tomcat-embed-core-10.1.24.jar:10.1.24]
	at org.apache.catalina.core.StandardService.startInternal(StandardService.java:415) ~[tomcat-embed-core-10.1.24.jar:10.1.24]
	at org.apache.catalina.util.LifecycleBase.start(LifecycleBase.java:171) ~[tomcat-embed-core-10.1.24.jar:10.1.24]
	at org.apache.catalina.core.StandardServer.startInternal(StandardServer.java:874) ~[tomcat-embed-core-10.1.24.jar:10.1.24]
	at org.apache.catalina.util.LifecycleBase.start(LifecycleBase.java:171) ~[tomcat-embed-core-10.1.24.jar:10.1.24]
	at org.apache.catalina.startup.Tomcat.start(Tomcat.java:437) ~[tomcat-embed-core-10.1.24.jar:10.1.24]
	at org.springframework.boot.web.embedded.tomcat.TomcatWebServer.initialize(TomcatWebServer.java:128) ~[spring-boot-3.3.0.jar:3.3.0]
	at org.springframework.boot.web.embedded.tomcat.TomcatWebServer.<init>(TomcatWebServer.java:107) ~[spring-boot-3.3.0.jar:3.3.0]
	at org.springframework.boot.web.embedded.tomcat.TomcatServletWebServerFactory.getTomcatWebServer(TomcatServletWebServerFactory.java:516) ~[spring-boot-3.3.0.jar:3.3.0]
	at org.springframework.boot.web.embedded.tomcat.TomcatServletWebServerFactory.getWebServer(TomcatServletWebServerFactory.java:222) ~[spring-boot-3.3.0.jar:3.3.0]
	at org.springframework.boot.web.servlet.context.ServletWebServerApplicationContext.createWebServer(ServletWebServerApplicationContext.java:188) ~[spring-boot-3.3.0.jar:3.3.0]
	at org.springframework.boot.web.servlet.context.ServletWebServerApplicationContext.onRefresh(ServletWebServerApplicationContext.java:162) ~[spring-boot-3.3.0.jar:3.3.0]
	at org.springframework.context.support.AbstractApplicationContext.refresh(AbstractApplicationContext.java:618) ~[spring-context-6.1.8.jar:6.1.8]
	at org.springframework.boot.web.servlet.context.ServletWebServerApplicationContext.refresh(ServletWebServerApplicationContext.java:146) ~[spring-boot-3.3.0.jar:3.3.0]
	at org.springframework.boot.SpringApplication.refresh(SpringApplication.java:754) ~[spring-boot-3.3.0.jar:3.3.0]
	at org.springframework.boot.SpringApplication.refreshContext(SpringApplication.java:456) ~[spring-boot-3.3.0.jar:3.3.0]
	at org.springframework.boot.SpringApplication.run(SpringApplication.java:335) ~[spring-boot-3.3.0.jar:3.3.0]
	at org.springframework.boot.SpringApplication.run(SpringApplication.java:1363) ~[spring-boot-3.3.0.jar:3.3.0]
	at org.springframework.boot.SpringApplication.run(SpringApplication.java:1352) ~[spring-boot-3.3.0.jar:3.3.0]
	at com.kce.project.SchoolServiceApplication.main(SchoolServiceApplication.java:11) ~[classes/:na]
Caused by: java.sql.SQLSyntaxErrorException: ORA-00942: table or view does not exist

	at oracle.jdbc.driver.T4CTTIoer11.processError(T4CTTIoer11.java:629) ~[ojdbc11-21.9.0.0.jar:21.9.0.0.0]
	at oracle.jdbc.driver.T4CTTIoer11.processError(T4CTTIoer11.java:563) ~[ojdbc11-21.9.0.0.jar:21.9.0.0.0]
	at oracle.jdbc.driver.T4C8Oall.processError(T4C8Oall.java:1230) ~[ojdbc11-21.9.0.0.jar:21.9.0.0.0]
	at oracle.jdbc.driver.T4CTTIfun.receive(T4CTTIfun.java:771) ~[ojdbc11-21.9.0.0.jar:21.9.0.0.0]
	at oracle.jdbc.driver.T4CTTIfun.doRPC(T4CTTIfun.java:298) ~[ojdbc11-21.9.0.0.jar:21.9.0.0.0]
	at oracle.jdbc.driver.T4C8Oall.doOALL(T4C8Oall.java:511) ~[ojdbc11-21.9.0.0.jar:21.9.0.0.0]
	at oracle.jdbc.driver.T4CStatement.doOall8(T4CStatement.java:122) ~[ojdbc11-21.9.0.0.jar:21.9.0.0.0]
	at oracle.jdbc.driver.T4CStatement.executeForRows(T4CStatement.java:1199) ~[ojdbc11-21.9.0.0.jar:21.9.0.0.0]
	at oracle.jdbc.driver.OracleStatement.executeSQLStatement(OracleStatement.java:1819) ~[ojdbc11-21.9.0.0.jar:21.9.0.0.0]
	at oracle.jdbc.driver.OracleStatement.doExecuteWithTimeout(OracleStatement.java:1471) ~[ojdbc11-21.9.0.0.jar:21.9.0.0.0]
	at oracle.jdbc.driver.OracleStatement.executeInternal(OracleStatement.java:2504) ~[ojdbc11-21.9.0.0.jar:21.9.0.0.0]
	at oracle.jdbc.driver.OracleStatement.execute(OracleStatement.java:2459) ~[ojdbc11-21.9.0.0.jar:21.9.0.0.0]
	at oracle.jdbc.driver.OracleStatementWrapper.execute(OracleStatementWrapper.java:327) ~[ojdbc11-21.9.0.0.jar:21.9.0.0.0]
	at com.zaxxer.hikari.pool.ProxyStatement.execute(ProxyStatement.java:94) ~[HikariCP-5.1.0.jar:na]
	at com.zaxxer.hikari.pool.HikariProxyStatement.execute(HikariProxyStatement.java) ~[HikariCP-5.1.0.jar:na]
	at org.hibernate.tool.schema.internal.exec.GenerationTargetToDatabase.accept(GenerationTargetToDatabase.java:80) ~[hibernate-core-6.5.2.Final.jar:6.5.2.Final]
	... 122 common frames omitted
Caused by: oracle.jdbc.OracleDatabaseException: ORA-00942: table or view does not exist

	at oracle.jdbc.driver.T4CTTIoer11.processError(T4CTTIoer11.java:636) ~[ojdbc11-21.9.0.0.jar:21.9.0.0.0]
	... 137 common frames omitted

Hibernate: alter table assignments add constraint FKkhe8o668j72rueopdvlq67mh3 foreign key (simulation_id) references simulations
2026-08-13T11:59:40.925+05:30  WARN 14516 --- [school-service] [           main] o.h.t.s.i.ExceptionHandlerLoggedImpl     : GenerationTarget encountered exception accepting command : Error executing DDL "alter table assignments add constraint FKkhe8o668j72rueopdvlq67mh3 foreign key (simulation_id) references simulations" via JDBC [ORA-00942: table or view does not exist
]

org.hibernate.tool.schema.spi.CommandAcceptanceException: Error executing DDL "alter table assignments add constraint FKkhe8o668j72rueopdvlq67mh3 foreign key (simulation_id) references simulations" via JDBC [ORA-00942: table or view does not exist
]
	at org.hibernate.tool.schema.internal.exec.GenerationTargetToDatabase.accept(GenerationTargetToDatabase.java:94) ~[hibernate-core-6.5.2.Final.jar:6.5.2.Final]
	at org.hibernate.tool.schema.internal.AbstractSchemaMigrator.applySqlString(AbstractSchemaMigrator.java:575) ~[hibernate-core-6.5.2.Final.jar:6.5.2.Final]
	at org.hibernate.tool.schema.internal.AbstractSchemaMigrator.applySqlStrings(AbstractSchemaMigrator.java:515) ~[hibernate-core-6.5.2.Final.jar:6.5.2.Final]
	at org.hibernate.tool.schema.internal.AbstractSchemaMigrator.applyForeignKeys(AbstractSchemaMigrator.java:447) ~[hibernate-core-6.5.2.Final.jar:6.5.2.Final]
	at org.hibernate.tool.schema.internal.AbstractSchemaMigrator.performMigration(AbstractSchemaMigrator.java:268) ~[hibernate-core-6.5.2.Final.jar:6.5.2.Final]
	at org.hibernate.tool.schema.internal.AbstractSchemaMigrator.doMigration(AbstractSchemaMigrator.java:117) ~[hibernate-core-6.5.2.Final.jar:6.5.2.Final]
	at org.hibernate.tool.schema.spi.SchemaManagementToolCoordinator.performDatabaseAction(SchemaManagementToolCoordinator.java:280) ~[hibernate-core-6.5.2.Final.jar:6.5.2.Final]
	at org.hibernate.tool.schema.spi.SchemaManagementToolCoordinator.lambda$process$5(SchemaManagementToolCoordinator.java:144) ~[hibernate-core-6.5.2.Final.jar:6.5.2.Final]
	at java.base/java.util.HashMap.forEach(HashMap.java:1429) ~[na:na]
	at org.hibernate.tool.schema.spi.SchemaManagementToolCoordinator.process(SchemaManagementToolCoordinator.java:141) ~[hibernate-core-6.5.2.Final.jar:6.5.2.Final]
	at org.hibernate.boot.internal.SessionFactoryObserverForSchemaExport.sessionFactoryCreated(SessionFactoryObserverForSchemaExport.java:37) ~[hibernate-core-6.5.2.Final.jar:6.5.2.Final]
	at org.hibernate.internal.SessionFactoryObserverChain.sessionFactoryCreated(SessionFactoryObserverChain.java:35) ~[hibernate-core-6.5.2.Final.jar:6.5.2.Final]
	at org.hibernate.internal.SessionFactoryImpl.<init>(SessionFactoryImpl.java:322) ~[hibernate-core-6.5.2.Final.jar:6.5.2.Final]
	at org.hibernate.boot.internal.SessionFactoryBuilderImpl.build(SessionFactoryBuilderImpl.java:457) ~[hibernate-core-6.5.2.Final.jar:6.5.2.Final]
	at org.hibernate.jpa.boot.internal.EntityManagerFactoryBuilderImpl.build(EntityManagerFactoryBuilderImpl.java:1506) ~[hibernate-core-6.5.2.Final.jar:6.5.2.Final]
	at org.springframework.orm.jpa.vendor.SpringHibernateJpaPersistenceProvider.createContainerEntityManagerFactory(SpringHibernateJpaPersistenceProvider.java:75) ~[spring-orm-6.1.8.jar:6.1.8]
	at org.springframework.orm.jpa.LocalContainerEntityManagerFactoryBean.createNativeEntityManagerFactory(LocalContainerEntityManagerFactoryBean.java:390) ~[spring-orm-6.1.8.jar:6.1.8]
	at org.springframework.orm.jpa.AbstractEntityManagerFactoryBean.buildNativeEntityManagerFactory(AbstractEntityManagerFactoryBean.java:409) ~[spring-orm-6.1.8.jar:6.1.8]
	at org.springframework.orm.jpa.AbstractEntityManagerFactoryBean.afterPropertiesSet(AbstractEntityManagerFactoryBean.java:396) ~[spring-orm-6.1.8.jar:6.1.8]
	at org.springframework.orm.jpa.LocalContainerEntityManagerFactoryBean.afterPropertiesSet(LocalContainerEntityManagerFactoryBean.java:366) ~[spring-orm-6.1.8.jar:6.1.8]
	at org.springframework.beans.factory.support.AbstractAutowireCapableBeanFactory.invokeInitMethods(AbstractAutowireCapableBeanFactory.java:1835) ~[spring-beans-6.1.8.jar:6.1.8]
	at org.springframework.beans.factory.support.AbstractAutowireCapableBeanFactory.initializeBean(AbstractAutowireCapableBeanFactory.java:1784) ~[spring-beans-6.1.8.jar:6.1.8]
	at org.springframework.beans.factory.support.AbstractAutowireCapableBeanFactory.doCreateBean(AbstractAutowireCapableBeanFactory.java:600) ~[spring-beans-6.1.8.jar:6.1.8]
	at org.springframework.beans.factory.support.AbstractAutowireCapableBeanFactory.createBean(AbstractAutowireCapableBeanFactory.java:522) ~[spring-beans-6.1.8.jar:6.1.8]
	at org.springframework.beans.factory.support.AbstractBeanFactory.lambda$doGetBean$0(AbstractBeanFactory.java:337) ~[spring-beans-6.1.8.jar:6.1.8]
	at org.springframework.beans.factory.support.DefaultSingletonBeanRegistry.getSingleton(DefaultSingletonBeanRegistry.java:234) ~[spring-beans-6.1.8.jar:6.1.8]
	at org.springframework.beans.factory.support.AbstractBeanFactory.doGetBean(AbstractBeanFactory.java:335) ~[spring-beans-6.1.8.jar:6.1.8]
	at org.springframework.beans.factory.support.AbstractBeanFactory.getBean(AbstractBeanFactory.java:200) ~[spring-beans-6.1.8.jar:6.1.8]
	at org.springframework.beans.factory.support.BeanDefinitionValueResolver.resolveReference(BeanDefinitionValueResolver.java:365) ~[spring-beans-6.1.8.jar:6.1.8]
	at org.springframework.beans.factory.support.BeanDefinitionValueResolver.resolveValueIfNecessary(BeanDefinitionValueResolver.java:135) ~[spring-beans-6.1.8.jar:6.1.8]
	at org.springframework.beans.factory.support.ConstructorResolver.resolveConstructorArguments(ConstructorResolver.java:682) ~[spring-beans-6.1.8.jar:6.1.8]
	at org.springframework.beans.factory.support.ConstructorResolver.instantiateUsingFactoryMethod(ConstructorResolver.java:509) ~[spring-beans-6.1.8.jar:6.1.8]
	at org.springframework.beans.factory.support.AbstractAutowireCapableBeanFactory.instantiateUsingFactoryMethod(AbstractAutowireCapableBeanFactory.java:1337) ~[spring-beans-6.1.8.jar:6.1.8]
	at org.springframework.beans.factory.support.AbstractAutowireCapableBeanFactory.createBeanInstance(AbstractAutowireCapableBeanFactory.java:1167) ~[spring-beans-6.1.8.jar:6.1.8]
	at org.springframework.beans.factory.support.AbstractAutowireCapableBeanFactory.doCreateBean(AbstractAutowireCapableBeanFactory.java:562) ~[spring-beans-6.1.8.jar:6.1.8]
	at org.springframework.beans.factory.support.AbstractAutowireCapableBeanFactory.createBean(AbstractAutowireCapableBeanFactory.java:522) ~[spring-beans-6.1.8.jar:6.1.8]
	at org.springframework.beans.factory.support.AbstractBeanFactory.lambda$doGetBean$0(AbstractBeanFactory.java:337) ~[spring-beans-6.1.8.jar:6.1.8]
	at org.springframework.beans.factory.support.DefaultSingletonBeanRegistry.getSingleton(DefaultSingletonBeanRegistry.java:234) ~[spring-beans-6.1.8.jar:6.1.8]
	at org.springframework.beans.factory.support.AbstractBeanFactory.doGetBean(AbstractBeanFactory.java:335) ~[spring-beans-6.1.8.jar:6.1.8]
	at org.springframework.beans.factory.support.AbstractBeanFactory.getBean(AbstractBeanFactory.java:200) ~[spring-beans-6.1.8.jar:6.1.8]
	at org.springframework.beans.factory.support.BeanDefinitionValueResolver.resolveReference(BeanDefinitionValueResolver.java:365) ~[spring-beans-6.1.8.jar:6.1.8]
	at org.springframework.beans.factory.support.BeanDefinitionValueResolver.resolveValueIfNecessary(BeanDefinitionValueResolver.java:135) ~[spring-beans-6.1.8.jar:6.1.8]
	at org.springframework.beans.factory.support.AbstractAutowireCapableBeanFactory.applyPropertyValues(AbstractAutowireCapableBeanFactory.java:1687) ~[spring-beans-6.1.8.jar:6.1.8]
	at org.springframework.beans.factory.support.AbstractAutowireCapableBeanFactory.populateBean(AbstractAutowireCapableBeanFactory.java:1436) ~[spring-beans-6.1.8.jar:6.1.8]
	at org.springframework.beans.factory.support.AbstractAutowireCapableBeanFactory.doCreateBean(AbstractAutowireCapableBeanFactory.java:599) ~[spring-beans-6.1.8.jar:6.1.8]
	at org.springframework.beans.factory.support.AbstractAutowireCapableBeanFactory.createBean(AbstractAutowireCapableBeanFactory.java:522) ~[spring-beans-6.1.8.jar:6.1.8]
	at org.springframework.beans.factory.support.AbstractBeanFactory.lambda$doGetBean$0(AbstractBeanFactory.java:337) ~[spring-beans-6.1.8.jar:6.1.8]
	at org.springframework.beans.factory.support.DefaultSingletonBeanRegistry.getSingleton(DefaultSingletonBeanRegistry.java:234) ~[spring-beans-6.1.8.jar:6.1.8]
	at org.springframework.beans.factory.support.AbstractBeanFactory.doGetBean(AbstractBeanFactory.java:335) ~[spring-beans-6.1.8.jar:6.1.8]
	at org.springframework.beans.factory.support.AbstractBeanFactory.getBean(AbstractBeanFactory.java:200) ~[spring-beans-6.1.8.jar:6.1.8]
	at org.springframework.beans.factory.config.DependencyDescriptor.resolveCandidate(DependencyDescriptor.java:254) ~[spring-beans-6.1.8.jar:6.1.8]
	at org.springframework.beans.factory.support.DefaultListableBeanFactory.doResolveDependency(DefaultListableBeanFactory.java:1443) ~[spring-beans-6.1.8.jar:6.1.8]
	at org.springframework.beans.factory.support.DefaultListableBeanFactory.resolveDependency(DefaultListableBeanFactory.java:1353) ~[spring-beans-6.1.8.jar:6.1.8]
	at org.springframework.beans.factory.support.ConstructorResolver.resolveAutowiredArgument(ConstructorResolver.java:904) ~[spring-beans-6.1.8.jar:6.1.8]
	at org.springframework.beans.factory.support.ConstructorResolver.createArgumentArray(ConstructorResolver.java:782) ~[spring-beans-6.1.8.jar:6.1.8]
	at org.springframework.beans.factory.support.ConstructorResolver.autowireConstructor(ConstructorResolver.java:237) ~[spring-beans-6.1.8.jar:6.1.8]
	at org.springframework.beans.factory.support.AbstractAutowireCapableBeanFactory.autowireConstructor(AbstractAutowireCapableBeanFactory.java:1357) ~[spring-beans-6.1.8.jar:6.1.8]
	at org.springframework.beans.factory.support.AbstractAutowireCapableBeanFactory.createBeanInstance(AbstractAutowireCapableBeanFactory.java:1194) ~[spring-beans-6.1.8.jar:6.1.8]
	at org.springframework.beans.factory.support.AbstractAutowireCapableBeanFactory.doCreateBean(AbstractAutowireCapableBeanFactory.java:562) ~[spring-beans-6.1.8.jar:6.1.8]
	at org.springframework.beans.factory.support.AbstractAutowireCapableBeanFactory.createBean(AbstractAutowireCapableBeanFactory.java:522) ~[spring-beans-6.1.8.jar:6.1.8]
	at org.springframework.beans.factory.support.AbstractBeanFactory.lambda$doGetBean$0(AbstractBeanFactory.java:337) ~[spring-beans-6.1.8.jar:6.1.8]
	at org.springframework.beans.factory.support.DefaultSingletonBeanRegistry.getSingleton(DefaultSingletonBeanRegistry.java:234) ~[spring-beans-6.1.8.jar:6.1.8]
	at org.springframework.beans.factory.support.AbstractBeanFactory.doGetBean(AbstractBeanFactory.java:335) ~[spring-beans-6.1.8.jar:6.1.8]
	at org.springframework.beans.factory.support.AbstractBeanFactory.getBean(AbstractBeanFactory.java:200) ~[spring-beans-6.1.8.jar:6.1.8]
	at org.springframework.beans.factory.config.DependencyDescriptor.resolveCandidate(DependencyDescriptor.java:254) ~[spring-beans-6.1.8.jar:6.1.8]
	at org.springframework.beans.factory.support.DefaultListableBeanFactory.doResolveDependency(DefaultListableBeanFactory.java:1443) ~[spring-beans-6.1.8.jar:6.1.8]
	at org.springframework.beans.factory.support.DefaultListableBeanFactory.resolveDependency(DefaultListableBeanFactory.java:1353) ~[spring-beans-6.1.8.jar:6.1.8]
	at org.springframework.beans.factory.support.ConstructorResolver.resolveAutowiredArgument(ConstructorResolver.java:904) ~[spring-beans-6.1.8.jar:6.1.8]
	at org.springframework.beans.factory.support.ConstructorResolver.createArgumentArray(ConstructorResolver.java:782) ~[spring-beans-6.1.8.jar:6.1.8]
	at org.springframework.beans.factory.support.ConstructorResolver.autowireConstructor(ConstructorResolver.java:237) ~[spring-beans-6.1.8.jar:6.1.8]
	at org.springframework.beans.factory.support.AbstractAutowireCapableBeanFactory.autowireConstructor(AbstractAutowireCapableBeanFactory.java:1357) ~[spring-beans-6.1.8.jar:6.1.8]
	at org.springframework.beans.factory.support.AbstractAutowireCapableBeanFactory.createBeanInstance(AbstractAutowireCapableBeanFactory.java:1194) ~[spring-beans-6.1.8.jar:6.1.8]
	at org.springframework.beans.factory.support.AbstractAutowireCapableBeanFactory.doCreateBean(AbstractAutowireCapableBeanFactory.java:562) ~[spring-beans-6.1.8.jar:6.1.8]
	at org.springframework.beans.factory.support.AbstractAutowireCapableBeanFactory.createBean(AbstractAutowireCapableBeanFactory.java:522) ~[spring-beans-6.1.8.jar:6.1.8]
	at org.springframework.beans.factory.support.AbstractBeanFactory.lambda$doGetBean$0(AbstractBeanFactory.java:337) ~[spring-beans-6.1.8.jar:6.1.8]
	at org.springframework.beans.factory.support.DefaultSingletonBeanRegistry.getSingleton(DefaultSingletonBeanRegistry.java:234) ~[spring-beans-6.1.8.jar:6.1.8]
	at org.springframework.beans.factory.support.AbstractBeanFactory.doGetBean(AbstractBeanFactory.java:335) ~[spring-beans-6.1.8.jar:6.1.8]
	at org.springframework.beans.factory.support.AbstractBeanFactory.getBean(AbstractBeanFactory.java:205) ~[spring-beans-6.1.8.jar:6.1.8]
	at org.springframework.boot.web.servlet.ServletContextInitializerBeans.getOrderedBeansOfType(ServletContextInitializerBeans.java:211) ~[spring-boot-3.3.0.jar:3.3.0]
	at org.springframework.boot.web.servlet.ServletContextInitializerBeans.addAsRegistrationBean(ServletContextInitializerBeans.java:174) ~[spring-boot-3.3.0.jar:3.3.0]
	at org.springframework.boot.web.servlet.ServletContextInitializerBeans.addAsRegistrationBean(ServletContextInitializerBeans.java:169) ~[spring-boot-3.3.0.jar:3.3.0]
	at org.springframework.boot.web.servlet.ServletContextInitializerBeans.addAdaptableBeans(ServletContextInitializerBeans.java:154) ~[spring-boot-3.3.0.jar:3.3.0]
	at org.springframework.boot.web.servlet.ServletContextInitializerBeans.<init>(ServletContextInitializerBeans.java:87) ~[spring-boot-3.3.0.jar:3.3.0]
	at org.springframework.boot.web.servlet.context.ServletWebServerApplicationContext.getServletContextInitializerBeans(ServletWebServerApplicationContext.java:266) ~[spring-boot-3.3.0.jar:3.3.0]
	at org.springframework.boot.web.servlet.context.ServletWebServerApplicationContext.selfInitialize(ServletWebServerApplicationContext.java:240) ~[spring-boot-3.3.0.jar:3.3.0]
	at org.springframework.boot.web.embedded.tomcat.TomcatStarter.onStartup(TomcatStarter.java:52) ~[spring-boot-3.3.0.jar:3.3.0]
	at org.apache.catalina.core.StandardContext.startInternal(StandardContext.java:4414) ~[tomcat-embed-core-10.1.24.jar:10.1.24]
	at org.apache.catalina.util.LifecycleBase.start(LifecycleBase.java:171) ~[tomcat-embed-core-10.1.24.jar:10.1.24]
	at org.apache.catalina.core.ContainerBase$StartChild.call(ContainerBase.java:1203) ~[tomcat-embed-core-10.1.24.jar:10.1.24]
	at org.apache.catalina.core.ContainerBase$StartChild.call(ContainerBase.java:1193) ~[tomcat-embed-core-10.1.24.jar:10.1.24]
	at java.base/java.util.concurrent.FutureTask.run(FutureTask.java:317) ~[na:na]
	at org.apache.tomcat.util.threads.InlineExecutorService.execute(InlineExecutorService.java:75) ~[tomcat-embed-core-10.1.24.jar:10.1.24]
	at java.base/java.util.concurrent.AbstractExecutorService.submit(AbstractExecutorService.java:145) ~[na:na]
	at org.apache.catalina.core.ContainerBase.startInternal(ContainerBase.java:749) ~[tomcat-embed-core-10.1.24.jar:10.1.24]
	at org.apache.catalina.core.StandardHost.startInternal(StandardHost.java:772) ~[tomcat-embed-core-10.1.24.jar:10.1.24]
	at org.apache.catalina.util.LifecycleBase.start(LifecycleBase.java:171) ~[tomcat-embed-core-10.1.24.jar:10.1.24]
	at org.apache.catalina.core.ContainerBase$StartChild.call(ContainerBase.java:1203) ~[tomcat-embed-core-10.1.24.jar:10.1.24]
	at org.apache.catalina.core.ContainerBase$StartChild.call(ContainerBase.java:1193) ~[tomcat-embed-core-10.1.24.jar:10.1.24]
	at java.base/java.util.concurrent.FutureTask.run(FutureTask.java:317) ~[na:na]
	at org.apache.tomcat.util.threads.InlineExecutorService.execute(InlineExecutorService.java:75) ~[tomcat-embed-core-10.1.24.jar:10.1.24]
	at java.base/java.util.concurrent.AbstractExecutorService.submit(AbstractExecutorService.java:145) ~[na:na]
	at org.apache.catalina.core.ContainerBase.startInternal(ContainerBase.java:749) ~[tomcat-embed-core-10.1.24.jar:10.1.24]
	at org.apache.catalina.core.StandardEngine.startInternal(StandardEngine.java:203) ~[tomcat-embed-core-10.1.24.jar:10.1.24]
	at org.apache.catalina.util.LifecycleBase.start(LifecycleBase.java:171) ~[tomcat-embed-core-10.1.24.jar:10.1.24]
	at org.apache.catalina.core.StandardService.startInternal(StandardService.java:415) ~[tomcat-embed-core-10.1.24.jar:10.1.24]
	at org.apache.catalina.util.LifecycleBase.start(LifecycleBase.java:171) ~[tomcat-embed-core-10.1.24.jar:10.1.24]
	at org.apache.catalina.core.StandardServer.startInternal(StandardServer.java:874) ~[tomcat-embed-core-10.1.24.jar:10.1.24]
	at org.apache.catalina.util.LifecycleBase.start(LifecycleBase.java:171) ~[tomcat-embed-core-10.1.24.jar:10.1.24]
	at org.apache.catalina.startup.Tomcat.start(Tomcat.java:437) ~[tomcat-embed-core-10.1.24.jar:10.1.24]
	at org.springframework.boot.web.embedded.tomcat.TomcatWebServer.initialize(TomcatWebServer.java:128) ~[spring-boot-3.3.0.jar:3.3.0]
	at org.springframework.boot.web.embedded.tomcat.TomcatWebServer.<init>(TomcatWebServer.java:107) ~[spring-boot-3.3.0.jar:3.3.0]
	at org.springframework.boot.web.embedded.tomcat.TomcatServletWebServerFactory.getTomcatWebServer(TomcatServletWebServerFactory.java:516) ~[spring-boot-3.3.0.jar:3.3.0]
	at org.springframework.boot.web.embedded.tomcat.TomcatServletWebServerFactory.getWebServer(TomcatServletWebServerFactory.java:222) ~[spring-boot-3.3.0.jar:3.3.0]
	at org.springframework.boot.web.servlet.context.ServletWebServerApplicationContext.createWebServer(ServletWebServerApplicationContext.java:188) ~[spring-boot-3.3.0.jar:3.3.0]
	at org.springframework.boot.web.servlet.context.ServletWebServerApplicationContext.onRefresh(ServletWebServerApplicationContext.java:162) ~[spring-boot-3.3.0.jar:3.3.0]
	at org.springframework.context.support.AbstractApplicationContext.refresh(AbstractApplicationContext.java:618) ~[spring-context-6.1.8.jar:6.1.8]
	at org.springframework.boot.web.servlet.context.ServletWebServerApplicationContext.refresh(ServletWebServerApplicationContext.java:146) ~[spring-boot-3.3.0.jar:3.3.0]
	at org.springframework.boot.SpringApplication.refresh(SpringApplication.java:754) ~[spring-boot-3.3.0.jar:3.3.0]
	at org.springframework.boot.SpringApplication.refreshContext(SpringApplication.java:456) ~[spring-boot-3.3.0.jar:3.3.0]
	at org.springframework.boot.SpringApplication.run(SpringApplication.java:335) ~[spring-boot-3.3.0.jar:3.3.0]
	at org.springframework.boot.SpringApplication.run(SpringApplication.java:1363) ~[spring-boot-3.3.0.jar:3.3.0]
	at org.springframework.boot.SpringApplication.run(SpringApplication.java:1352) ~[spring-boot-3.3.0.jar:3.3.0]
	at com.kce.project.SchoolServiceApplication.main(SchoolServiceApplication.java:11) ~[classes/:na]
Caused by: java.sql.SQLSyntaxErrorException: ORA-00942: table or view does not exist

	at oracle.jdbc.driver.T4CTTIoer11.processError(T4CTTIoer11.java:629) ~[ojdbc11-21.9.0.0.jar:21.9.0.0.0]
	at oracle.jdbc.driver.T4CTTIoer11.processError(T4CTTIoer11.java:563) ~[ojdbc11-21.9.0.0.jar:21.9.0.0.0]
	at oracle.jdbc.driver.T4C8Oall.processError(T4C8Oall.java:1230) ~[ojdbc11-21.9.0.0.jar:21.9.0.0.0]
	at oracle.jdbc.driver.T4CTTIfun.receive(T4CTTIfun.java:771) ~[ojdbc11-21.9.0.0.jar:21.9.0.0.0]
	at oracle.jdbc.driver.T4CTTIfun.doRPC(T4CTTIfun.java:298) ~[ojdbc11-21.9.0.0.jar:21.9.0.0.0]
	at oracle.jdbc.driver.T4C8Oall.doOALL(T4C8Oall.java:511) ~[ojdbc11-21.9.0.0.jar:21.9.0.0.0]
	at oracle.jdbc.driver.T4CStatement.doOall8(T4CStatement.java:122) ~[ojdbc11-21.9.0.0.jar:21.9.0.0.0]
	at oracle.jdbc.driver.T4CStatement.executeForRows(T4CStatement.java:1199) ~[ojdbc11-21.9.0.0.jar:21.9.0.0.0]
	at oracle.jdbc.driver.OracleStatement.executeSQLStatement(OracleStatement.java:1819) ~[ojdbc11-21.9.0.0.jar:21.9.0.0.0]
	at oracle.jdbc.driver.OracleStatement.doExecuteWithTimeout(OracleStatement.java:1471) ~[ojdbc11-21.9.0.0.jar:21.9.0.0.0]
	at oracle.jdbc.driver.OracleStatement.executeInternal(OracleStatement.java:2504) ~[ojdbc11-21.9.0.0.jar:21.9.0.0.0]
	at oracle.jdbc.driver.OracleStatement.execute(OracleStatement.java:2459) ~[ojdbc11-21.9.0.0.jar:21.9.0.0.0]
	at oracle.jdbc.driver.OracleStatementWrapper.execute(OracleStatementWrapper.java:327) ~[ojdbc11-21.9.0.0.jar:21.9.0.0.0]
	at com.zaxxer.hikari.pool.ProxyStatement.execute(ProxyStatement.java:94) ~[HikariCP-5.1.0.jar:na]
	at com.zaxxer.hikari.pool.HikariProxyStatement.execute(HikariProxyStatement.java) ~[HikariCP-5.1.0.jar:na]
	at org.hibernate.tool.schema.internal.exec.GenerationTargetToDatabase.accept(GenerationTargetToDatabase.java:80) ~[hibernate-core-6.5.2.Final.jar:6.5.2.Final]
	... 122 common frames omitted
Caused by: oracle.jdbc.OracleDatabaseException: ORA-00942: table or view does not exist

	at oracle.jdbc.driver.T4CTTIoer11.processError(T4CTTIoer11.java:636) ~[ojdbc11-21.9.0.0.jar:21.9.0.0.0]
	... 137 common frames omitted

Hibernate: alter table assignments add constraint FKthsv5nybgtij6aybrhfb6n6of foreign key (teacher_id) references teachers
2026-08-13T11:59:40.944+05:30  WARN 14516 --- [school-service] [           main] o.h.t.s.i.ExceptionHandlerLoggedImpl     : GenerationTarget encountered exception accepting command : Error executing DDL "alter table assignments add constraint FKthsv5nybgtij6aybrhfb6n6of foreign key (teacher_id) references teachers" via JDBC [ORA-00942: table or view does not exist
]

org.hibernate.tool.schema.spi.CommandAcceptanceException: Error executing DDL "alter table assignments add constraint FKthsv5nybgtij6aybrhfb6n6of foreign key (teacher_id) references teachers" via JDBC [ORA-00942: table or view does not exist
]
	at org.hibernate.tool.schema.internal.exec.GenerationTargetToDatabase.accept(GenerationTargetToDatabase.java:94) ~[hibernate-core-6.5.2.Final.jar:6.5.2.Final]
	at org.hibernate.tool.schema.internal.AbstractSchemaMigrator.applySqlString(AbstractSchemaMigrator.java:575) ~[hibernate-core-6.5.2.Final.jar:6.5.2.Final]
	at org.hibernate.tool.schema.internal.AbstractSchemaMigrator.applySqlStrings(AbstractSchemaMigrator.java:515) ~[hibernate-core-6.5.2.Final.jar:6.5.2.Final]
	at org.hibernate.tool.schema.internal.AbstractSchemaMigrator.applyForeignKeys(AbstractSchemaMigrator.java:447) ~[hibernate-core-6.5.2.Final.jar:6.5.2.Final]
	at org.hibernate.tool.schema.internal.AbstractSchemaMigrator.performMigration(AbstractSchemaMigrator.java:268) ~[hibernate-core-6.5.2.Final.jar:6.5.2.Final]
	at org.hibernate.tool.schema.internal.AbstractSchemaMigrator.doMigration(AbstractSchemaMigrator.java:117) ~[hibernate-core-6.5.2.Final.jar:6.5.2.Final]
	at org.hibernate.tool.schema.spi.SchemaManagementToolCoordinator.performDatabaseAction(SchemaManagementToolCoordinator.java:280) ~[hibernate-core-6.5.2.Final.jar:6.5.2.Final]
	at org.hibernate.tool.schema.spi.SchemaManagementToolCoordinator.lambda$process$5(SchemaManagementToolCoordinator.java:144) ~[hibernate-core-6.5.2.Final.jar:6.5.2.Final]
	at java.base/java.util.HashMap.forEach(HashMap.java:1429) ~[na:na]
	at org.hibernate.tool.schema.spi.SchemaManagementToolCoordinator.process(SchemaManagementToolCoordinator.java:141) ~[hibernate-core-6.5.2.Final.jar:6.5.2.Final]
	at org.hibernate.boot.internal.SessionFactoryObserverForSchemaExport.sessionFactoryCreated(SessionFactoryObserverForSchemaExport.java:37) ~[hibernate-core-6.5.2.Final.jar:6.5.2.Final]
	at org.hibernate.internal.SessionFactoryObserverChain.sessionFactoryCreated(SessionFactoryObserverChain.java:35) ~[hibernate-core-6.5.2.Final.jar:6.5.2.Final]
	at org.hibernate.internal.SessionFactoryImpl.<init>(SessionFactoryImpl.java:322) ~[hibernate-core-6.5.2.Final.jar:6.5.2.Final]
	at org.hibernate.boot.internal.SessionFactoryBuilderImpl.build(SessionFactoryBuilderImpl.java:457) ~[hibernate-core-6.5.2.Final.jar:6.5.2.Final]
	at org.hibernate.jpa.boot.internal.EntityManagerFactoryBuilderImpl.build(EntityManagerFactoryBuilderImpl.java:1506) ~[hibernate-core-6.5.2.Final.jar:6.5.2.Final]
	at org.springframework.orm.jpa.vendor.SpringHibernateJpaPersistenceProvider.createContainerEntityManagerFactory(SpringHibernateJpaPersistenceProvider.java:75) ~[spring-orm-6.1.8.jar:6.1.8]
	at org.springframework.orm.jpa.LocalContainerEntityManagerFactoryBean.createNativeEntityManagerFactory(LocalContainerEntityManagerFactoryBean.java:390) ~[spring-orm-6.1.8.jar:6.1.8]
	at org.springframework.orm.jpa.AbstractEntityManagerFactoryBean.buildNativeEntityManagerFactory(AbstractEntityManagerFactoryBean.java:409) ~[spring-orm-6.1.8.jar:6.1.8]
	at org.springframework.orm.jpa.AbstractEntityManagerFactoryBean.afterPropertiesSet(AbstractEntityManagerFactoryBean.java:396) ~[spring-orm-6.1.8.jar:6.1.8]
	at org.springframework.orm.jpa.LocalContainerEntityManagerFactoryBean.afterPropertiesSet(LocalContainerEntityManagerFactoryBean.java:366) ~[spring-orm-6.1.8.jar:6.1.8]
	at org.springframework.beans.factory.support.AbstractAutowireCapableBeanFactory.invokeInitMethods(AbstractAutowireCapableBeanFactory.java:1835) ~[spring-beans-6.1.8.jar:6.1.8]
	at org.springframework.beans.factory.support.AbstractAutowireCapableBeanFactory.initializeBean(AbstractAutowireCapableBeanFactory.java:1784) ~[spring-beans-6.1.8.jar:6.1.8]
	at org.springframework.beans.factory.support.AbstractAutowireCapableBeanFactory.doCreateBean(AbstractAutowireCapableBeanFactory.java:600) ~[spring-beans-6.1.8.jar:6.1.8]
	at org.springframework.beans.factory.support.AbstractAutowireCapableBeanFactory.createBean(AbstractAutowireCapableBeanFactory.java:522) ~[spring-beans-6.1.8.jar:6.1.8]
	at org.springframework.beans.factory.support.AbstractBeanFactory.lambda$doGetBean$0(AbstractBeanFactory.java:337) ~[spring-beans-6.1.8.jar:6.1.8]
	at org.springframework.beans.factory.support.DefaultSingletonBeanRegistry.getSingleton(DefaultSingletonBeanRegistry.java:234) ~[spring-beans-6.1.8.jar:6.1.8]
	at org.springframework.beans.factory.support.AbstractBeanFactory.doGetBean(AbstractBeanFactory.java:335) ~[spring-beans-6.1.8.jar:6.1.8]
	at org.springframework.beans.factory.support.AbstractBeanFactory.getBean(AbstractBeanFactory.java:200) ~[spring-beans-6.1.8.jar:6.1.8]
	at org.springframework.beans.factory.support.BeanDefinitionValueResolver.resolveReference(BeanDefinitionValueResolver.java:365) ~[spring-beans-6.1.8.jar:6.1.8]
	at org.springframework.beans.factory.support.BeanDefinitionValueResolver.resolveValueIfNecessary(BeanDefinitionValueResolver.java:135) ~[spring-beans-6.1.8.jar:6.1.8]
	at org.springframework.beans.factory.support.ConstructorResolver.resolveConstructorArguments(ConstructorResolver.java:682) ~[spring-beans-6.1.8.jar:6.1.8]
	at org.springframework.beans.factory.support.ConstructorResolver.instantiateUsingFactoryMethod(ConstructorResolver.java:509) ~[spring-beans-6.1.8.jar:6.1.8]
	at org.springframework.beans.factory.support.AbstractAutowireCapableBeanFactory.instantiateUsingFactoryMethod(AbstractAutowireCapableBeanFactory.java:1337) ~[spring-beans-6.1.8.jar:6.1.8]
	at org.springframework.beans.factory.support.AbstractAutowireCapableBeanFactory.createBeanInstance(AbstractAutowireCapableBeanFactory.java:1167) ~[spring-beans-6.1.8.jar:6.1.8]
	at org.springframework.beans.factory.support.AbstractAutowireCapableBeanFactory.doCreateBean(AbstractAutowireCapableBeanFactory.java:562) ~[spring-beans-6.1.8.jar:6.1.8]
	at org.springframework.beans.factory.support.AbstractAutowireCapableBeanFactory.createBean(AbstractAutowireCapableBeanFactory.java:522) ~[spring-beans-6.1.8.jar:6.1.8]
	at org.springframework.beans.factory.support.AbstractBeanFactory.lambda$doGetBean$0(AbstractBeanFactory.java:337) ~[spring-beans-6.1.8.jar:6.1.8]
	at org.springframework.beans.factory.support.DefaultSingletonBeanRegistry.getSingleton(DefaultSingletonBeanRegistry.java:234) ~[spring-beans-6.1.8.jar:6.1.8]
	at org.springframework.beans.factory.support.AbstractBeanFactory.doGetBean(AbstractBeanFactory.java:335) ~[spring-beans-6.1.8.jar:6.1.8]
	at org.springframework.beans.factory.support.AbstractBeanFactory.getBean(AbstractBeanFactory.java:200) ~[spring-beans-6.1.8.jar:6.1.8]
	at org.springframework.beans.factory.support.BeanDefinitionValueResolver.resolveReference(BeanDefinitionValueResolver.java:365) ~[spring-beans-6.1.8.jar:6.1.8]
	at org.springframework.beans.factory.support.BeanDefinitionValueResolver.resolveValueIfNecessary(BeanDefinitionValueResolver.java:135) ~[spring-beans-6.1.8.jar:6.1.8]
	at org.springframework.beans.factory.support.AbstractAutowireCapableBeanFactory.applyPropertyValues(AbstractAutowireCapableBeanFactory.java:1687) ~[spring-beans-6.1.8.jar:6.1.8]
	at org.springframework.beans.factory.support.AbstractAutowireCapableBeanFactory.populateBean(AbstractAutowireCapableBeanFactory.java:1436) ~[spring-beans-6.1.8.jar:6.1.8]
	at org.springframework.beans.factory.support.AbstractAutowireCapableBeanFactory.doCreateBean(AbstractAutowireCapableBeanFactory.java:599) ~[spring-beans-6.1.8.jar:6.1.8]
	at org.springframework.beans.factory.support.AbstractAutowireCapableBeanFactory.createBean(AbstractAutowireCapableBeanFactory.java:522) ~[spring-beans-6.1.8.jar:6.1.8]
	at org.springframework.beans.factory.support.AbstractBeanFactory.lambda$doGetBean$0(AbstractBeanFactory.java:337) ~[spring-beans-6.1.8.jar:6.1.8]
	at org.springframework.beans.factory.support.DefaultSingletonBeanRegistry.getSingleton(DefaultSingletonBeanRegistry.java:234) ~[spring-beans-6.1.8.jar:6.1.8]
	at org.springframework.beans.factory.support.AbstractBeanFactory.doGetBean(AbstractBeanFactory.java:335) ~[spring-beans-6.1.8.jar:6.1.8]
	at org.springframework.beans.factory.support.AbstractBeanFactory.getBean(AbstractBeanFactory.java:200) ~[spring-beans-6.1.8.jar:6.1.8]
	at org.springframework.beans.factory.config.DependencyDescriptor.resolveCandidate(DependencyDescriptor.java:254) ~[spring-beans-6.1.8.jar:6.1.8]
	at org.springframework.beans.factory.support.DefaultListableBeanFactory.doResolveDependency(DefaultListableBeanFactory.java:1443) ~[spring-beans-6.1.8.jar:6.1.8]
	at org.springframework.beans.factory.support.DefaultListableBeanFactory.resolveDependency(DefaultListableBeanFactory.java:1353) ~[spring-beans-6.1.8.jar:6.1.8]
	at org.springframework.beans.factory.support.ConstructorResolver.resolveAutowiredArgument(ConstructorResolver.java:904) ~[spring-beans-6.1.8.jar:6.1.8]
	at org.springframework.beans.factory.support.ConstructorResolver.createArgumentArray(ConstructorResolver.java:782) ~[spring-beans-6.1.8.jar:6.1.8]
	at org.springframework.beans.factory.support.ConstructorResolver.autowireConstructor(ConstructorResolver.java:237) ~[spring-beans-6.1.8.jar:6.1.8]
	at org.springframework.beans.factory.support.AbstractAutowireCapableBeanFactory.autowireConstructor(AbstractAutowireCapableBeanFactory.java:1357) ~[spring-beans-6.1.8.jar:6.1.8]
	at org.springframework.beans.factory.support.AbstractAutowireCapableBeanFactory.createBeanInstance(AbstractAutowireCapableBeanFactory.java:1194) ~[spring-beans-6.1.8.jar:6.1.8]
	at org.springframework.beans.factory.support.AbstractAutowireCapableBeanFactory.doCreateBean(AbstractAutowireCapableBeanFactory.java:562) ~[spring-beans-6.1.8.jar:6.1.8]
	at org.springframework.beans.factory.support.AbstractAutowireCapableBeanFactory.createBean(AbstractAutowireCapableBeanFactory.java:522) ~[spring-beans-6.1.8.jar:6.1.8]
	at org.springframework.beans.factory.support.AbstractBeanFactory.lambda$doGetBean$0(AbstractBeanFactory.java:337) ~[spring-beans-6.1.8.jar:6.1.8]
	at org.springframework.beans.factory.support.DefaultSingletonBeanRegistry.getSingleton(DefaultSingletonBeanRegistry.java:234) ~[spring-beans-6.1.8.jar:6.1.8]
	at org.springframework.beans.factory.support.AbstractBeanFactory.doGetBean(AbstractBeanFactory.java:335) ~[spring-beans-6.1.8.jar:6.1.8]
	at org.springframework.beans.factory.support.AbstractBeanFactory.getBean(AbstractBeanFactory.java:200) ~[spring-beans-6.1.8.jar:6.1.8]
	at org.springframework.beans.factory.config.DependencyDescriptor.resolveCandidate(DependencyDescriptor.java:254) ~[spring-beans-6.1.8.jar:6.1.8]
	at org.springframework.beans.factory.support.DefaultListableBeanFactory.doResolveDependency(DefaultListableBeanFactory.java:1443) ~[spring-beans-6.1.8.jar:6.1.8]
	at org.springframework.beans.factory.support.DefaultListableBeanFactory.resolveDependency(DefaultListableBeanFactory.java:1353) ~[spring-beans-6.1.8.jar:6.1.8]
	at org.springframework.beans.factory.support.ConstructorResolver.resolveAutowiredArgument(ConstructorResolver.java:904) ~[spring-beans-6.1.8.jar:6.1.8]
	at org.springframework.beans.factory.support.ConstructorResolver.createArgumentArray(ConstructorResolver.java:782) ~[spring-beans-6.1.8.jar:6.1.8]
	at org.springframework.beans.factory.support.ConstructorResolver.autowireConstructor(ConstructorResolver.java:237) ~[spring-beans-6.1.8.jar:6.1.8]
	at org.springframework.beans.factory.support.AbstractAutowireCapableBeanFactory.autowireConstructor(AbstractAutowireCapableBeanFactory.java:1357) ~[spring-beans-6.1.8.jar:6.1.8]
	at org.springframework.beans.factory.support.AbstractAutowireCapableBeanFactory.createBeanInstance(AbstractAutowireCapableBeanFactory.java:1194) ~[spring-beans-6.1.8.jar:6.1.8]
	at org.springframework.beans.factory.support.AbstractAutowireCapableBeanFactory.doCreateBean(AbstractAutowireCapableBeanFactory.java:562) ~[spring-beans-6.1.8.jar:6.1.8]
	at org.springframework.beans.factory.support.AbstractAutowireCapableBeanFactory.createBean(AbstractAutowireCapableBeanFactory.java:522) ~[spring-beans-6.1.8.jar:6.1.8]
	at org.springframework.beans.factory.support.AbstractBeanFactory.lambda$doGetBean$0(AbstractBeanFactory.java:337) ~[spring-beans-6.1.8.jar:6.1.8]
	at org.springframework.beans.factory.support.DefaultSingletonBeanRegistry.getSingleton(DefaultSingletonBeanRegistry.java:234) ~[spring-beans-6.1.8.jar:6.1.8]
	at org.springframework.beans.factory.support.AbstractBeanFactory.doGetBean(AbstractBeanFactory.java:335) ~[spring-beans-6.1.8.jar:6.1.8]
	at org.springframework.beans.factory.support.AbstractBeanFactory.getBean(AbstractBeanFactory.java:205) ~[spring-beans-6.1.8.jar:6.1.8]
	at org.springframework.boot.web.servlet.ServletContextInitializerBeans.getOrderedBeansOfType(ServletContextInitializerBeans.java:211) ~[spring-boot-3.3.0.jar:3.3.0]
	at org.springframework.boot.web.servlet.ServletContextInitializerBeans.addAsRegistrationBean(ServletContextInitializerBeans.java:174) ~[spring-boot-3.3.0.jar:3.3.0]
	at org.springframework.boot.web.servlet.ServletContextInitializerBeans.addAsRegistrationBean(ServletContextInitializerBeans.java:169) ~[spring-boot-3.3.0.jar:3.3.0]
	at org.springframework.boot.web.servlet.ServletContextInitializerBeans.addAdaptableBeans(ServletContextInitializerBeans.java:154) ~[spring-boot-3.3.0.jar:3.3.0]
	at org.springframework.boot.web.servlet.ServletContextInitializerBeans.<init>(ServletContextInitializerBeans.java:87) ~[spring-boot-3.3.0.jar:3.3.0]
	at org.springframework.boot.web.servlet.context.ServletWebServerApplicationContext.getServletContextInitializerBeans(ServletWebServerApplicationContext.java:266) ~[spring-boot-3.3.0.jar:3.3.0]
	at org.springframework.boot.web.servlet.context.ServletWebServerApplicationContext.selfInitialize(ServletWebServerApplicationContext.java:240) ~[spring-boot-3.3.0.jar:3.3.0]
	at org.springframework.boot.web.embedded.tomcat.TomcatStarter.onStartup(TomcatStarter.java:52) ~[spring-boot-3.3.0.jar:3.3.0]
	at org.apache.catalina.core.StandardContext.startInternal(StandardContext.java:4414) ~[tomcat-embed-core-10.1.24.jar:10.1.24]
	at org.apache.catalina.util.LifecycleBase.start(LifecycleBase.java:171) ~[tomcat-embed-core-10.1.24.jar:10.1.24]
	at org.apache.catalina.core.ContainerBase$StartChild.call(ContainerBase.java:1203) ~[tomcat-embed-core-10.1.24.jar:10.1.24]
	at org.apache.catalina.core.ContainerBase$StartChild.call(ContainerBase.java:1193) ~[tomcat-embed-core-10.1.24.jar:10.1.24]
	at java.base/java.util.concurrent.FutureTask.run(FutureTask.java:317) ~[na:na]
	at org.apache.tomcat.util.threads.InlineExecutorService.execute(InlineExecutorService.java:75) ~[tomcat-embed-core-10.1.24.jar:10.1.24]
	at java.base/java.util.concurrent.AbstractExecutorService.submit(AbstractExecutorService.java:145) ~[na:na]
	at org.apache.catalina.core.ContainerBase.startInternal(ContainerBase.java:749) ~[tomcat-embed-core-10.1.24.jar:10.1.24]
	at org.apache.catalina.core.StandardHost.startInternal(StandardHost.java:772) ~[tomcat-embed-core-10.1.24.jar:10.1.24]
	at org.apache.catalina.util.LifecycleBase.start(LifecycleBase.java:171) ~[tomcat-embed-core-10.1.24.jar:10.1.24]
	at org.apache.catalina.core.ContainerBase$StartChild.call(ContainerBase.java:1203) ~[tomcat-embed-core-10.1.24.jar:10.1.24]
	at org.apache.catalina.core.ContainerBase$StartChild.call(ContainerBase.java:1193) ~[tomcat-embed-core-10.1.24.jar:10.1.24]
	at java.base/java.util.concurrent.FutureTask.run(FutureTask.java:317) ~[na:na]
	at org.apache.tomcat.util.threads.InlineExecutorService.execute(InlineExecutorService.java:75) ~[tomcat-embed-core-10.1.24.jar:10.1.24]
	at java.base/java.util.concurrent.AbstractExecutorService.submit(AbstractExecutorService.java:145) ~[na:na]
	at org.apache.catalina.core.ContainerBase.startInternal(ContainerBase.java:749) ~[tomcat-embed-core-10.1.24.jar:10.1.24]
	at org.apache.catalina.core.StandardEngine.startInternal(StandardEngine.java:203) ~[tomcat-embed-core-10.1.24.jar:10.1.24]
	at org.apache.catalina.util.LifecycleBase.start(LifecycleBase.java:171) ~[tomcat-embed-core-10.1.24.jar:10.1.24]
	at org.apache.catalina.core.StandardService.startInternal(StandardService.java:415) ~[tomcat-embed-core-10.1.24.jar:10.1.24]
	at org.apache.catalina.util.LifecycleBase.start(LifecycleBase.java:171) ~[tomcat-embed-core-10.1.24.jar:10.1.24]
	at org.apache.catalina.core.StandardServer.startInternal(StandardServer.java:874) ~[tomcat-embed-core-10.1.24.jar:10.1.24]
	at org.apache.catalina.util.LifecycleBase.start(LifecycleBase.java:171) ~[tomcat-embed-core-10.1.24.jar:10.1.24]
	at org.apache.catalina.startup.Tomcat.start(Tomcat.java:437) ~[tomcat-embed-core-10.1.24.jar:10.1.24]
	at org.springframework.boot.web.embedded.tomcat.TomcatWebServer.initialize(TomcatWebServer.java:128) ~[spring-boot-3.3.0.jar:3.3.0]
	at org.springframework.boot.web.embedded.tomcat.TomcatWebServer.<init>(TomcatWebServer.java:107) ~[spring-boot-3.3.0.jar:3.3.0]
	at org.springframework.boot.web.embedded.tomcat.TomcatServletWebServerFactory.getTomcatWebServer(TomcatServletWebServerFactory.java:516) ~[spring-boot-3.3.0.jar:3.3.0]
	at org.springframework.boot.web.embedded.tomcat.TomcatServletWebServerFactory.getWebServer(TomcatServletWebServerFactory.java:222) ~[spring-boot-3.3.0.jar:3.3.0]
	at org.springframework.boot.web.servlet.context.ServletWebServerApplicationContext.createWebServer(ServletWebServerApplicationContext.java:188) ~[spring-boot-3.3.0.jar:3.3.0]
	at org.springframework.boot.web.servlet.context.ServletWebServerApplicationContext.onRefresh(ServletWebServerApplicationContext.java:162) ~[spring-boot-3.3.0.jar:3.3.0]
	at org.springframework.context.support.AbstractApplicationContext.refresh(AbstractApplicationContext.java:618) ~[spring-context-6.1.8.jar:6.1.8]
	at org.springframework.boot.web.servlet.context.ServletWebServerApplicationContext.refresh(ServletWebServerApplicationContext.java:146) ~[spring-boot-3.3.0.jar:3.3.0]
	at org.springframework.boot.SpringApplication.refresh(SpringApplication.java:754) ~[spring-boot-3.3.0.jar:3.3.0]
	at org.springframework.boot.SpringApplication.refreshContext(SpringApplication.java:456) ~[spring-boot-3.3.0.jar:3.3.0]
	at org.springframework.boot.SpringApplication.run(SpringApplication.java:335) ~[spring-boot-3.3.0.jar:3.3.0]
	at org.springframework.boot.SpringApplication.run(SpringApplication.java:1363) ~[spring-boot-3.3.0.jar:3.3.0]
	at org.springframework.boot.SpringApplication.run(SpringApplication.java:1352) ~[spring-boot-3.3.0.jar:3.3.0]
	at com.kce.project.SchoolServiceApplication.main(SchoolServiceApplication.java:11) ~[classes/:na]
Caused by: java.sql.SQLSyntaxErrorException: ORA-00942: table or view does not exist

	at oracle.jdbc.driver.T4CTTIoer11.processError(T4CTTIoer11.java:629) ~[ojdbc11-21.9.0.0.jar:21.9.0.0.0]
	at oracle.jdbc.driver.T4CTTIoer11.processError(T4CTTIoer11.java:563) ~[ojdbc11-21.9.0.0.jar:21.9.0.0.0]
	at oracle.jdbc.driver.T4C8Oall.processError(T4C8Oall.java:1230) ~[ojdbc11-21.9.0.0.jar:21.9.0.0.0]
	at oracle.jdbc.driver.T4CTTIfun.receive(T4CTTIfun.java:771) ~[ojdbc11-21.9.0.0.jar:21.9.0.0.0]
	at oracle.jdbc.driver.T4CTTIfun.doRPC(T4CTTIfun.java:298) ~[ojdbc11-21.9.0.0.jar:21.9.0.0.0]
	at oracle.jdbc.driver.T4C8Oall.doOALL(T4C8Oall.java:511) ~[ojdbc11-21.9.0.0.jar:21.9.0.0.0]
	at oracle.jdbc.driver.T4CStatement.doOall8(T4CStatement.java:122) ~[ojdbc11-21.9.0.0.jar:21.9.0.0.0]
	at oracle.jdbc.driver.T4CStatement.executeForRows(T4CStatement.java:1199) ~[ojdbc11-21.9.0.0.jar:21.9.0.0.0]
	at oracle.jdbc.driver.OracleStatement.executeSQLStatement(OracleStatement.java:1819) ~[ojdbc11-21.9.0.0.jar:21.9.0.0.0]
	at oracle.jdbc.driver.OracleStatement.doExecuteWithTimeout(OracleStatement.java:1471) ~[ojdbc11-21.9.0.0.jar:21.9.0.0.0]
	at oracle.jdbc.driver.OracleStatement.executeInternal(OracleStatement.java:2504) ~[ojdbc11-21.9.0.0.jar:21.9.0.0.0]
	at oracle.jdbc.driver.OracleStatement.execute(OracleStatement.java:2459) ~[ojdbc11-21.9.0.0.jar:21.9.0.0.0]
	at oracle.jdbc.driver.OracleStatementWrapper.execute(OracleStatementWrapper.java:327) ~[ojdbc11-21.9.0.0.jar:21.9.0.0.0]
	at com.zaxxer.hikari.pool.ProxyStatement.execute(ProxyStatement.java:94) ~[HikariCP-5.1.0.jar:na]
	at com.zaxxer.hikari.pool.HikariProxyStatement.execute(HikariProxyStatement.java) ~[HikariCP-5.1.0.jar:na]
	at org.hibernate.tool.schema.internal.exec.GenerationTargetToDatabase.accept(GenerationTargetToDatabase.java:80) ~[hibernate-core-6.5.2.Final.jar:6.5.2.Final]
	... 122 common frames omitted
Caused by: oracle.jdbc.OracleDatabaseException: ORA-00942: table or view does not exist

	at oracle.jdbc.driver.T4CTTIoer11.processError(T4CTTIoer11.java:636) ~[ojdbc11-21.9.0.0.jar:21.9.0.0.0]
	... 137 common frames omitted

Hibernate: alter table question_options add constraint FKsb9v00wdrgc9qojtjkv7e1gkp foreign key (question_id) references questions
2026-08-13T11:59:41.601+05:30  WARN 14516 --- [school-service] [           main] o.h.t.s.i.ExceptionHandlerLoggedImpl     : GenerationTarget encountered exception accepting command : Error executing DDL "alter table question_options add constraint FKsb9v00wdrgc9qojtjkv7e1gkp foreign key (question_id) references questions" via JDBC [ORA-00942: table or view does not exist
]

org.hibernate.tool.schema.spi.CommandAcceptanceException: Error executing DDL "alter table question_options add constraint FKsb9v00wdrgc9qojtjkv7e1gkp foreign key (question_id) references questions" via JDBC [ORA-00942: table or view does not exist
]
	at org.hibernate.tool.schema.internal.exec.GenerationTargetToDatabase.accept(GenerationTargetToDatabase.java:94) ~[hibernate-core-6.5.2.Final.jar:6.5.2.Final]
	at org.hibernate.tool.schema.internal.AbstractSchemaMigrator.applySqlString(AbstractSchemaMigrator.java:575) ~[hibernate-core-6.5.2.Final.jar:6.5.2.Final]
	at org.hibernate.tool.schema.internal.AbstractSchemaMigrator.applySqlStrings(AbstractSchemaMigrator.java:515) ~[hibernate-core-6.5.2.Final.jar:6.5.2.Final]
	at org.hibernate.tool.schema.internal.AbstractSchemaMigrator.applyForeignKeys(AbstractSchemaMigrator.java:447) ~[hibernate-core-6.5.2.Final.jar:6.5.2.Final]
	at org.hibernate.tool.schema.internal.AbstractSchemaMigrator.performMigration(AbstractSchemaMigrator.java:268) ~[hibernate-core-6.5.2.Final.jar:6.5.2.Final]
	at org.hibernate.tool.schema.internal.AbstractSchemaMigrator.doMigration(AbstractSchemaMigrator.java:117) ~[hibernate-core-6.5.2.Final.jar:6.5.2.Final]
	at org.hibernate.tool.schema.spi.SchemaManagementToolCoordinator.performDatabaseAction(SchemaManagementToolCoordinator.java:280) ~[hibernate-core-6.5.2.Final.jar:6.5.2.Final]
	at org.hibernate.tool.schema.spi.SchemaManagementToolCoordinator.lambda$process$5(SchemaManagementToolCoordinator.java:144) ~[hibernate-core-6.5.2.Final.jar:6.5.2.Final]
	at java.base/java.util.HashMap.forEach(HashMap.java:1429) ~[na:na]
	at org.hibernate.tool.schema.spi.SchemaManagementToolCoordinator.process(SchemaManagementToolCoordinator.java:141) ~[hibernate-core-6.5.2.Final.jar:6.5.2.Final]
	at org.hibernate.boot.internal.SessionFactoryObserverForSchemaExport.sessionFactoryCreated(SessionFactoryObserverForSchemaExport.java:37) ~[hibernate-core-6.5.2.Final.jar:6.5.2.Final]
	at org.hibernate.internal.SessionFactoryObserverChain.sessionFactoryCreated(SessionFactoryObserverChain.java:35) ~[hibernate-core-6.5.2.Final.jar:6.5.2.Final]
	at org.hibernate.internal.SessionFactoryImpl.<init>(SessionFactoryImpl.java:322) ~[hibernate-core-6.5.2.Final.jar:6.5.2.Final]
	at org.hibernate.boot.internal.SessionFactoryBuilderImpl.build(SessionFactoryBuilderImpl.java:457) ~[hibernate-core-6.5.2.Final.jar:6.5.2.Final]
	at org.hibernate.jpa.boot.internal.EntityManagerFactoryBuilderImpl.build(EntityManagerFactoryBuilderImpl.java:1506) ~[hibernate-core-6.5.2.Final.jar:6.5.2.Final]
	at org.springframework.orm.jpa.vendor.SpringHibernateJpaPersistenceProvider.createContainerEntityManagerFactory(SpringHibernateJpaPersistenceProvider.java:75) ~[spring-orm-6.1.8.jar:6.1.8]
	at org.springframework.orm.jpa.LocalContainerEntityManagerFactoryBean.createNativeEntityManagerFactory(LocalContainerEntityManagerFactoryBean.java:390) ~[spring-orm-6.1.8.jar:6.1.8]
	at org.springframework.orm.jpa.AbstractEntityManagerFactoryBean.buildNativeEntityManagerFactory(AbstractEntityManagerFactoryBean.java:409) ~[spring-orm-6.1.8.jar:6.1.8]
	at org.springframework.orm.jpa.AbstractEntityManagerFactoryBean.afterPropertiesSet(AbstractEntityManagerFactoryBean.java:396) ~[spring-orm-6.1.8.jar:6.1.8]
	at org.springframework.orm.jpa.LocalContainerEntityManagerFactoryBean.afterPropertiesSet(LocalContainerEntityManagerFactoryBean.java:366) ~[spring-orm-6.1.8.jar:6.1.8]
	at org.springframework.beans.factory.support.AbstractAutowireCapableBeanFactory.invokeInitMethods(AbstractAutowireCapableBeanFactory.java:1835) ~[spring-beans-6.1.8.jar:6.1.8]
	at org.springframework.beans.factory.support.AbstractAutowireCapableBeanFactory.initializeBean(AbstractAutowireCapableBeanFactory.java:1784) ~[spring-beans-6.1.8.jar:6.1.8]
	at org.springframework.beans.factory.support.AbstractAutowireCapableBeanFactory.doCreateBean(AbstractAutowireCapableBeanFactory.java:600) ~[spring-beans-6.1.8.jar:6.1.8]
	at org.springframework.beans.factory.support.AbstractAutowireCapableBeanFactory.createBean(AbstractAutowireCapableBeanFactory.java:522) ~[spring-beans-6.1.8.jar:6.1.8]
	at org.springframework.beans.factory.support.AbstractBeanFactory.lambda$doGetBean$0(AbstractBeanFactory.java:337) ~[spring-beans-6.1.8.jar:6.1.8]
	at org.springframework.beans.factory.support.DefaultSingletonBeanRegistry.getSingleton(DefaultSingletonBeanRegistry.java:234) ~[spring-beans-6.1.8.jar:6.1.8]
	at org.springframework.beans.factory.support.AbstractBeanFactory.doGetBean(AbstractBeanFactory.java:335) ~[spring-beans-6.1.8.jar:6.1.8]
	at org.springframework.beans.factory.support.AbstractBeanFactory.getBean(AbstractBeanFactory.java:200) ~[spring-beans-6.1.8.jar:6.1.8]
	at org.springframework.beans.factory.support.BeanDefinitionValueResolver.resolveReference(BeanDefinitionValueResolver.java:365) ~[spring-beans-6.1.8.jar:6.1.8]
	at org.springframework.beans.factory.support.BeanDefinitionValueResolver.resolveValueIfNecessary(BeanDefinitionValueResolver.java:135) ~[spring-beans-6.1.8.jar:6.1.8]
	at org.springframework.beans.factory.support.ConstructorResolver.resolveConstructorArguments(ConstructorResolver.java:682) ~[spring-beans-6.1.8.jar:6.1.8]
	at org.springframework.beans.factory.support.ConstructorResolver.instantiateUsingFactoryMethod(ConstructorResolver.java:509) ~[spring-beans-6.1.8.jar:6.1.8]
	at org.springframework.beans.factory.support.AbstractAutowireCapableBeanFactory.instantiateUsingFactoryMethod(AbstractAutowireCapableBeanFactory.java:1337) ~[spring-beans-6.1.8.jar:6.1.8]
	at org.springframework.beans.factory.support.AbstractAutowireCapableBeanFactory.createBeanInstance(AbstractAutowireCapableBeanFactory.java:1167) ~[spring-beans-6.1.8.jar:6.1.8]
	at org.springframework.beans.factory.support.AbstractAutowireCapableBeanFactory.doCreateBean(AbstractAutowireCapableBeanFactory.java:562) ~[spring-beans-6.1.8.jar:6.1.8]
	at org.springframework.beans.factory.support.AbstractAutowireCapableBeanFactory.createBean(AbstractAutowireCapableBeanFactory.java:522) ~[spring-beans-6.1.8.jar:6.1.8]
	at org.springframework.beans.factory.support.AbstractBeanFactory.lambda$doGetBean$0(AbstractBeanFactory.java:337) ~[spring-beans-6.1.8.jar:6.1.8]
	at org.springframework.beans.factory.support.DefaultSingletonBeanRegistry.getSingleton(DefaultSingletonBeanRegistry.java:234) ~[spring-beans-6.1.8.jar:6.1.8]
	at org.springframework.beans.factory.support.AbstractBeanFactory.doGetBean(AbstractBeanFactory.java:335) ~[spring-beans-6.1.8.jar:6.1.8]
	at org.springframework.beans.factory.support.AbstractBeanFactory.getBean(AbstractBeanFactory.java:200) ~[spring-beans-6.1.8.jar:6.1.8]
	at org.springframework.beans.factory.support.BeanDefinitionValueResolver.resolveReference(BeanDefinitionValueResolver.java:365) ~[spring-beans-6.1.8.jar:6.1.8]
	at org.springframework.beans.factory.support.BeanDefinitionValueResolver.resolveValueIfNecessary(BeanDefinitionValueResolver.java:135) ~[spring-beans-6.1.8.jar:6.1.8]
	at org.springframework.beans.factory.support.AbstractAutowireCapableBeanFactory.applyPropertyValues(AbstractAutowireCapableBeanFactory.java:1687) ~[spring-beans-6.1.8.jar:6.1.8]
	at org.springframework.beans.factory.support.AbstractAutowireCapableBeanFactory.populateBean(AbstractAutowireCapableBeanFactory.java:1436) ~[spring-beans-6.1.8.jar:6.1.8]
	at org.springframework.beans.factory.support.AbstractAutowireCapableBeanFactory.doCreateBean(AbstractAutowireCapableBeanFactory.java:599) ~[spring-beans-6.1.8.jar:6.1.8]
	at org.springframework.beans.factory.support.AbstractAutowireCapableBeanFactory.createBean(AbstractAutowireCapableBeanFactory.java:522) ~[spring-beans-6.1.8.jar:6.1.8]
	at org.springframework.beans.factory.support.AbstractBeanFactory.lambda$doGetBean$0(AbstractBeanFactory.java:337) ~[spring-beans-6.1.8.jar:6.1.8]
	at org.springframework.beans.factory.support.DefaultSingletonBeanRegistry.getSingleton(DefaultSingletonBeanRegistry.java:234) ~[spring-beans-6.1.8.jar:6.1.8]
	at org.springframework.beans.factory.support.AbstractBeanFactory.doGetBean(AbstractBeanFactory.java:335) ~[spring-beans-6.1.8.jar:6.1.8]
	at org.springframework.beans.factory.support.AbstractBeanFactory.getBean(AbstractBeanFactory.java:200) ~[spring-beans-6.1.8.jar:6.1.8]
	at org.springframework.beans.factory.config.DependencyDescriptor.resolveCandidate(DependencyDescriptor.java:254) ~[spring-beans-6.1.8.jar:6.1.8]
	at org.springframework.beans.factory.support.DefaultListableBeanFactory.doResolveDependency(DefaultListableBeanFactory.java:1443) ~[spring-beans-6.1.8.jar:6.1.8]
	at org.springframework.beans.factory.support.DefaultListableBeanFactory.resolveDependency(DefaultListableBeanFactory.java:1353) ~[spring-beans-6.1.8.jar:6.1.8]
	at org.springframework.beans.factory.support.ConstructorResolver.resolveAutowiredArgument(ConstructorResolver.java:904) ~[spring-beans-6.1.8.jar:6.1.8]
	at org.springframework.beans.factory.support.ConstructorResolver.createArgumentArray(ConstructorResolver.java:782) ~[spring-beans-6.1.8.jar:6.1.8]
	at org.springframework.beans.factory.support.ConstructorResolver.autowireConstructor(ConstructorResolver.java:237) ~[spring-beans-6.1.8.jar:6.1.8]
	at org.springframework.beans.factory.support.AbstractAutowireCapableBeanFactory.autowireConstructor(AbstractAutowireCapableBeanFactory.java:1357) ~[spring-beans-6.1.8.jar:6.1.8]
	at org.springframework.beans.factory.support.AbstractAutowireCapableBeanFactory.createBeanInstance(AbstractAutowireCapableBeanFactory.java:1194) ~[spring-beans-6.1.8.jar:6.1.8]
	at org.springframework.beans.factory.support.AbstractAutowireCapableBeanFactory.doCreateBean(AbstractAutowireCapableBeanFactory.java:562) ~[spring-beans-6.1.8.jar:6.1.8]
	at org.springframework.beans.factory.support.AbstractAutowireCapableBeanFactory.createBean(AbstractAutowireCapableBeanFactory.java:522) ~[spring-beans-6.1.8.jar:6.1.8]
	at org.springframework.beans.factory.support.AbstractBeanFactory.lambda$doGetBean$0(AbstractBeanFactory.java:337) ~[spring-beans-6.1.8.jar:6.1.8]
	at org.springframework.beans.factory.support.DefaultSingletonBeanRegistry.getSingleton(DefaultSingletonBeanRegistry.java:234) ~[spring-beans-6.1.8.jar:6.1.8]
	at org.springframework.beans.factory.support.AbstractBeanFactory.doGetBean(AbstractBeanFactory.java:335) ~[spring-beans-6.1.8.jar:6.1.8]
	at org.springframework.beans.factory.support.AbstractBeanFactory.getBean(AbstractBeanFactory.java:200) ~[spring-beans-6.1.8.jar:6.1.8]
	at org.springframework.beans.factory.config.DependencyDescriptor.resolveCandidate(DependencyDescriptor.java:254) ~[spring-beans-6.1.8.jar:6.1.8]
	at org.springframework.beans.factory.support.DefaultListableBeanFactory.doResolveDependency(DefaultListableBeanFactory.java:1443) ~[spring-beans-6.1.8.jar:6.1.8]
	at org.springframework.beans.factory.support.DefaultListableBeanFactory.resolveDependency(DefaultListableBeanFactory.java:1353) ~[spring-beans-6.1.8.jar:6.1.8]
	at org.springframework.beans.factory.support.ConstructorResolver.resolveAutowiredArgument(ConstructorResolver.java:904) ~[spring-beans-6.1.8.jar:6.1.8]
	at org.springframework.beans.factory.support.ConstructorResolver.createArgumentArray(ConstructorResolver.java:782) ~[spring-beans-6.1.8.jar:6.1.8]
	at org.springframework.beans.factory.support.ConstructorResolver.autowireConstructor(ConstructorResolver.java:237) ~[spring-beans-6.1.8.jar:6.1.8]
	at org.springframework.beans.factory.support.AbstractAutowireCapableBeanFactory.autowireConstructor(AbstractAutowireCapableBeanFactory.java:1357) ~[spring-beans-6.1.8.jar:6.1.8]
	at org.springframework.beans.factory.support.AbstractAutowireCapableBeanFactory.createBeanInstance(AbstractAutowireCapableBeanFactory.java:1194) ~[spring-beans-6.1.8.jar:6.1.8]
	at org.springframework.beans.factory.support.AbstractAutowireCapableBeanFactory.doCreateBean(AbstractAutowireCapableBeanFactory.java:562) ~[spring-beans-6.1.8.jar:6.1.8]
	at org.springframework.beans.factory.support.AbstractAutowireCapableBeanFactory.createBean(AbstractAutowireCapableBeanFactory.java:522) ~[spring-beans-6.1.8.jar:6.1.8]
	at org.springframework.beans.factory.support.AbstractBeanFactory.lambda$doGetBean$0(AbstractBeanFactory.java:337) ~[spring-beans-6.1.8.jar:6.1.8]
	at org.springframework.beans.factory.support.DefaultSingletonBeanRegistry.getSingleton(DefaultSingletonBeanRegistry.java:234) ~[spring-beans-6.1.8.jar:6.1.8]
	at org.springframework.beans.factory.support.AbstractBeanFactory.doGetBean(AbstractBeanFactory.java:335) ~[spring-beans-6.1.8.jar:6.1.8]
	at org.springframework.beans.factory.support.AbstractBeanFactory.getBean(AbstractBeanFactory.java:205) ~[spring-beans-6.1.8.jar:6.1.8]
	at org.springframework.boot.web.servlet.ServletContextInitializerBeans.getOrderedBeansOfType(ServletContextInitializerBeans.java:211) ~[spring-boot-3.3.0.jar:3.3.0]
	at org.springframework.boot.web.servlet.ServletContextInitializerBeans.addAsRegistrationBean(ServletContextInitializerBeans.java:174) ~[spring-boot-3.3.0.jar:3.3.0]
	at org.springframework.boot.web.servlet.ServletContextInitializerBeans.addAsRegistrationBean(ServletContextInitializerBeans.java:169) ~[spring-boot-3.3.0.jar:3.3.0]
	at org.springframework.boot.web.servlet.ServletContextInitializerBeans.addAdaptableBeans(ServletContextInitializerBeans.java:154) ~[spring-boot-3.3.0.jar:3.3.0]
	at org.springframework.boot.web.servlet.ServletContextInitializerBeans.<init>(ServletContextInitializerBeans.java:87) ~[spring-boot-3.3.0.jar:3.3.0]
	at org.springframework.boot.web.servlet.context.ServletWebServerApplicationContext.getServletContextInitializerBeans(ServletWebServerApplicationContext.java:266) ~[spring-boot-3.3.0.jar:3.3.0]
	at org.springframework.boot.web.servlet.context.ServletWebServerApplicationContext.selfInitialize(ServletWebServerApplicationContext.java:240) ~[spring-boot-3.3.0.jar:3.3.0]
	at org.springframework.boot.web.embedded.tomcat.TomcatStarter.onStartup(TomcatStarter.java:52) ~[spring-boot-3.3.0.jar:3.3.0]
	at org.apache.catalina.core.StandardContext.startInternal(StandardContext.java:4414) ~[tomcat-embed-core-10.1.24.jar:10.1.24]
	at org.apache.catalina.util.LifecycleBase.start(LifecycleBase.java:171) ~[tomcat-embed-core-10.1.24.jar:10.1.24]
	at org.apache.catalina.core.ContainerBase$StartChild.call(ContainerBase.java:1203) ~[tomcat-embed-core-10.1.24.jar:10.1.24]
	at org.apache.catalina.core.ContainerBase$StartChild.call(ContainerBase.java:1193) ~[tomcat-embed-core-10.1.24.jar:10.1.24]
	at java.base/java.util.concurrent.FutureTask.run(FutureTask.java:317) ~[na:na]
	at org.apache.tomcat.util.threads.InlineExecutorService.execute(InlineExecutorService.java:75) ~[tomcat-embed-core-10.1.24.jar:10.1.24]
	at java.base/java.util.concurrent.AbstractExecutorService.submit(AbstractExecutorService.java:145) ~[na:na]
	at org.apache.catalina.core.ContainerBase.startInternal(ContainerBase.java:749) ~[tomcat-embed-core-10.1.24.jar:10.1.24]
	at org.apache.catalina.core.StandardHost.startInternal(StandardHost.java:772) ~[tomcat-embed-core-10.1.24.jar:10.1.24]
	at org.apache.catalina.util.LifecycleBase.start(LifecycleBase.java:171) ~[tomcat-embed-core-10.1.24.jar:10.1.24]
	at org.apache.catalina.core.ContainerBase$StartChild.call(ContainerBase.java:1203) ~[tomcat-embed-core-10.1.24.jar:10.1.24]
	at org.apache.catalina.core.ContainerBase$StartChild.call(ContainerBase.java:1193) ~[tomcat-embed-core-10.1.24.jar:10.1.24]
	at java.base/java.util.concurrent.FutureTask.run(FutureTask.java:317) ~[na:na]
	at org.apache.tomcat.util.threads.InlineExecutorService.execute(InlineExecutorService.java:75) ~[tomcat-embed-core-10.1.24.jar:10.1.24]
	at java.base/java.util.concurrent.AbstractExecutorService.submit(AbstractExecutorService.java:145) ~[na:na]
	at org.apache.catalina.core.ContainerBase.startInternal(ContainerBase.java:749) ~[tomcat-embed-core-10.1.24.jar:10.1.24]
	at org.apache.catalina.core.StandardEngine.startInternal(StandardEngine.java:203) ~[tomcat-embed-core-10.1.24.jar:10.1.24]
	at org.apache.catalina.util.LifecycleBase.start(LifecycleBase.java:171) ~[tomcat-embed-core-10.1.24.jar:10.1.24]
	at org.apache.catalina.core.StandardService.startInternal(StandardService.java:415) ~[tomcat-embed-core-10.1.24.jar:10.1.24]
	at org.apache.catalina.util.LifecycleBase.start(LifecycleBase.java:171) ~[tomcat-embed-core-10.1.24.jar:10.1.24]
	at org.apache.catalina.core.StandardServer.startInternal(StandardServer.java:874) ~[tomcat-embed-core-10.1.24.jar:10.1.24]
	at org.apache.catalina.util.LifecycleBase.start(LifecycleBase.java:171) ~[tomcat-embed-core-10.1.24.jar:10.1.24]
	at org.apache.catalina.startup.Tomcat.start(Tomcat.java:437) ~[tomcat-embed-core-10.1.24.jar:10.1.24]
	at org.springframework.boot.web.embedded.tomcat.TomcatWebServer.initialize(TomcatWebServer.java:128) ~[spring-boot-3.3.0.jar:3.3.0]
	at org.springframework.boot.web.embedded.tomcat.TomcatWebServer.<init>(TomcatWebServer.java:107) ~[spring-boot-3.3.0.jar:3.3.0]
	at org.springframework.boot.web.embedded.tomcat.TomcatServletWebServerFactory.getTomcatWebServer(TomcatServletWebServerFactory.java:516) ~[spring-boot-3.3.0.jar:3.3.0]
	at org.springframework.boot.web.embedded.tomcat.TomcatServletWebServerFactory.getWebServer(TomcatServletWebServerFactory.java:222) ~[spring-boot-3.3.0.jar:3.3.0]
	at org.springframework.boot.web.servlet.context.ServletWebServerApplicationContext.createWebServer(ServletWebServerApplicationContext.java:188) ~[spring-boot-3.3.0.jar:3.3.0]
	at org.springframework.boot.web.servlet.context.ServletWebServerApplicationContext.onRefresh(ServletWebServerApplicationContext.java:162) ~[spring-boot-3.3.0.jar:3.3.0]
	at org.springframework.context.support.AbstractApplicationContext.refresh(AbstractApplicationContext.java:618) ~[spring-context-6.1.8.jar:6.1.8]
	at org.springframework.boot.web.servlet.context.ServletWebServerApplicationContext.refresh(ServletWebServerApplicationContext.java:146) ~[spring-boot-3.3.0.jar:3.3.0]
	at org.springframework.boot.SpringApplication.refresh(SpringApplication.java:754) ~[spring-boot-3.3.0.jar:3.3.0]
	at org.springframework.boot.SpringApplication.refreshContext(SpringApplication.java:456) ~[spring-boot-3.3.0.jar:3.3.0]
	at org.springframework.boot.SpringApplication.run(SpringApplication.java:335) ~[spring-boot-3.3.0.jar:3.3.0]
	at org.springframework.boot.SpringApplication.run(SpringApplication.java:1363) ~[spring-boot-3.3.0.jar:3.3.0]
	at org.springframework.boot.SpringApplication.run(SpringApplication.java:1352) ~[spring-boot-3.3.0.jar:3.3.0]
	at com.kce.project.SchoolServiceApplication.main(SchoolServiceApplication.java:11) ~[classes/:na]
Caused by: java.sql.SQLSyntaxErrorException: ORA-00942: table or view does not exist

	at oracle.jdbc.driver.T4CTTIoer11.processError(T4CTTIoer11.java:629) ~[ojdbc11-21.9.0.0.jar:21.9.0.0.0]
	at oracle.jdbc.driver.T4CTTIoer11.processError(T4CTTIoer11.java:563) ~[ojdbc11-21.9.0.0.jar:21.9.0.0.0]
	at oracle.jdbc.driver.T4C8Oall.processError(T4C8Oall.java:1230) ~[ojdbc11-21.9.0.0.jar:21.9.0.0.0]
	at oracle.jdbc.driver.T4CTTIfun.receive(T4CTTIfun.java:771) ~[ojdbc11-21.9.0.0.jar:21.9.0.0.0]
	at oracle.jdbc.driver.T4CTTIfun.doRPC(T4CTTIfun.java:298) ~[ojdbc11-21.9.0.0.jar:21.9.0.0.0]
	at oracle.jdbc.driver.T4C8Oall.doOALL(T4C8Oall.java:511) ~[ojdbc11-21.9.0.0.jar:21.9.0.0.0]
	at oracle.jdbc.driver.T4CStatement.doOall8(T4CStatement.java:122) ~[ojdbc11-21.9.0.0.jar:21.9.0.0.0]
	at oracle.jdbc.driver.T4CStatement.executeForRows(T4CStatement.java:1199) ~[ojdbc11-21.9.0.0.jar:21.9.0.0.0]
	at oracle.jdbc.driver.OracleStatement.executeSQLStatement(OracleStatement.java:1819) ~[ojdbc11-21.9.0.0.jar:21.9.0.0.0]
	at oracle.jdbc.driver.OracleStatement.doExecuteWithTimeout(OracleStatement.java:1471) ~[ojdbc11-21.9.0.0.jar:21.9.0.0.0]
	at oracle.jdbc.driver.OracleStatement.executeInternal(OracleStatement.java:2504) ~[ojdbc11-21.9.0.0.jar:21.9.0.0.0]
	at oracle.jdbc.driver.OracleStatement.execute(OracleStatement.java:2459) ~[ojdbc11-21.9.0.0.jar:21.9.0.0.0]
	at oracle.jdbc.driver.OracleStatementWrapper.execute(OracleStatementWrapper.java:327) ~[ojdbc11-21.9.0.0.jar:21.9.0.0.0]
	at com.zaxxer.hikari.pool.ProxyStatement.execute(ProxyStatement.java:94) ~[HikariCP-5.1.0.jar:na]
	at com.zaxxer.hikari.pool.HikariProxyStatement.execute(HikariProxyStatement.java) ~[HikariCP-5.1.0.jar:na]
	at org.hibernate.tool.schema.internal.exec.GenerationTargetToDatabase.accept(GenerationTargetToDatabase.java:80) ~[hibernate-core-6.5.2.Final.jar:6.5.2.Final]
	... 122 common frames omitted
Caused by: oracle.jdbc.OracleDatabaseException: ORA-00942: table or view does not exist

	at oracle.jdbc.driver.T4CTTIoer11.processError(T4CTTIoer11.java:636) ~[ojdbc11-21.9.0.0.jar:21.9.0.0.0]
	... 137 common frames omitted

Hibernate: alter table questions add constraint FK2g7a2cfymnunug0860elnr447 foreign key (assessment_id) references assessments
2026-08-13T11:59:41.616+05:30  WARN 14516 --- [school-service] [           main] o.h.t.s.i.ExceptionHandlerLoggedImpl     : GenerationTarget encountered exception accepting command : Error executing DDL "alter table questions add constraint FK2g7a2cfymnunug0860elnr447 foreign key (assessment_id) references assessments" via JDBC [ORA-00942: table or view does not exist
]

org.hibernate.tool.schema.spi.CommandAcceptanceException: Error executing DDL "alter table questions add constraint FK2g7a2cfymnunug0860elnr447 foreign key (assessment_id) references assessments" via JDBC [ORA-00942: table or view does not exist
]
	at org.hibernate.tool.schema.internal.exec.GenerationTargetToDatabase.accept(GenerationTargetToDatabase.java:94) ~[hibernate-core-6.5.2.Final.jar:6.5.2.Final]
	at org.hibernate.tool.schema.internal.AbstractSchemaMigrator.applySqlString(AbstractSchemaMigrator.java:575) ~[hibernate-core-6.5.2.Final.jar:6.5.2.Final]
	at org.hibernate.tool.schema.internal.AbstractSchemaMigrator.applySqlStrings(AbstractSchemaMigrator.java:515) ~[hibernate-core-6.5.2.Final.jar:6.5.2.Final]
	at org.hibernate.tool.schema.internal.AbstractSchemaMigrator.applyForeignKeys(AbstractSchemaMigrator.java:447) ~[hibernate-core-6.5.2.Final.jar:6.5.2.Final]
	at org.hibernate.tool.schema.internal.AbstractSchemaMigrator.performMigration(AbstractSchemaMigrator.java:268) ~[hibernate-core-6.5.2.Final.jar:6.5.2.Final]
	at org.hibernate.tool.schema.internal.AbstractSchemaMigrator.doMigration(AbstractSchemaMigrator.java:117) ~[hibernate-core-6.5.2.Final.jar:6.5.2.Final]
	at org.hibernate.tool.schema.spi.SchemaManagementToolCoordinator.performDatabaseAction(SchemaManagementToolCoordinator.java:280) ~[hibernate-core-6.5.2.Final.jar:6.5.2.Final]
	at org.hibernate.tool.schema.spi.SchemaManagementToolCoordinator.lambda$process$5(SchemaManagementToolCoordinator.java:144) ~[hibernate-core-6.5.2.Final.jar:6.5.2.Final]
	at java.base/java.util.HashMap.forEach(HashMap.java:1429) ~[na:na]
	at org.hibernate.tool.schema.spi.SchemaManagementToolCoordinator.process(SchemaManagementToolCoordinator.java:141) ~[hibernate-core-6.5.2.Final.jar:6.5.2.Final]
	at org.hibernate.boot.internal.SessionFactoryObserverForSchemaExport.sessionFactoryCreated(SessionFactoryObserverForSchemaExport.java:37) ~[hibernate-core-6.5.2.Final.jar:6.5.2.Final]
	at org.hibernate.internal.SessionFactoryObserverChain.sessionFactoryCreated(SessionFactoryObserverChain.java:35) ~[hibernate-core-6.5.2.Final.jar:6.5.2.Final]
	at org.hibernate.internal.SessionFactoryImpl.<init>(SessionFactoryImpl.java:322) ~[hibernate-core-6.5.2.Final.jar:6.5.2.Final]
	at org.hibernate.boot.internal.SessionFactoryBuilderImpl.build(SessionFactoryBuilderImpl.java:457) ~[hibernate-core-6.5.2.Final.jar:6.5.2.Final]
	at org.hibernate.jpa.boot.internal.EntityManagerFactoryBuilderImpl.build(EntityManagerFactoryBuilderImpl.java:1506) ~[hibernate-core-6.5.2.Final.jar:6.5.2.Final]
	at org.springframework.orm.jpa.vendor.SpringHibernateJpaPersistenceProvider.createContainerEntityManagerFactory(SpringHibernateJpaPersistenceProvider.java:75) ~[spring-orm-6.1.8.jar:6.1.8]
	at org.springframework.orm.jpa.LocalContainerEntityManagerFactoryBean.createNativeEntityManagerFactory(LocalContainerEntityManagerFactoryBean.java:390) ~[spring-orm-6.1.8.jar:6.1.8]
	at org.springframework.orm.jpa.AbstractEntityManagerFactoryBean.buildNativeEntityManagerFactory(AbstractEntityManagerFactoryBean.java:409) ~[spring-orm-6.1.8.jar:6.1.8]
	at org.springframework.orm.jpa.AbstractEntityManagerFactoryBean.afterPropertiesSet(AbstractEntityManagerFactoryBean.java:396) ~[spring-orm-6.1.8.jar:6.1.8]
	at org.springframework.orm.jpa.LocalContainerEntityManagerFactoryBean.afterPropertiesSet(LocalContainerEntityManagerFactoryBean.java:366) ~[spring-orm-6.1.8.jar:6.1.8]
	at org.springframework.beans.factory.support.AbstractAutowireCapableBeanFactory.invokeInitMethods(AbstractAutowireCapableBeanFactory.java:1835) ~[spring-beans-6.1.8.jar:6.1.8]
	at org.springframework.beans.factory.support.AbstractAutowireCapableBeanFactory.initializeBean(AbstractAutowireCapableBeanFactory.java:1784) ~[spring-beans-6.1.8.jar:6.1.8]
	at org.springframework.beans.factory.support.AbstractAutowireCapableBeanFactory.doCreateBean(AbstractAutowireCapableBeanFactory.java:600) ~[spring-beans-6.1.8.jar:6.1.8]
	at org.springframework.beans.factory.support.AbstractAutowireCapableBeanFactory.createBean(AbstractAutowireCapableBeanFactory.java:522) ~[spring-beans-6.1.8.jar:6.1.8]
	at org.springframework.beans.factory.support.AbstractBeanFactory.lambda$doGetBean$0(AbstractBeanFactory.java:337) ~[spring-beans-6.1.8.jar:6.1.8]
	at org.springframework.beans.factory.support.DefaultSingletonBeanRegistry.getSingleton(DefaultSingletonBeanRegistry.java:234) ~[spring-beans-6.1.8.jar:6.1.8]
	at org.springframework.beans.factory.support.AbstractBeanFactory.doGetBean(AbstractBeanFactory.java:335) ~[spring-beans-6.1.8.jar:6.1.8]
	at org.springframework.beans.factory.support.AbstractBeanFactory.getBean(AbstractBeanFactory.java:200) ~[spring-beans-6.1.8.jar:6.1.8]
	at org.springframework.beans.factory.support.BeanDefinitionValueResolver.resolveReference(BeanDefinitionValueResolver.java:365) ~[spring-beans-6.1.8.jar:6.1.8]
	at org.springframework.beans.factory.support.BeanDefinitionValueResolver.resolveValueIfNecessary(BeanDefinitionValueResolver.java:135) ~[spring-beans-6.1.8.jar:6.1.8]
	at org.springframework.beans.factory.support.ConstructorResolver.resolveConstructorArguments(ConstructorResolver.java:682) ~[spring-beans-6.1.8.jar:6.1.8]
	at org.springframework.beans.factory.support.ConstructorResolver.instantiateUsingFactoryMethod(ConstructorResolver.java:509) ~[spring-beans-6.1.8.jar:6.1.8]
	at org.springframework.beans.factory.support.AbstractAutowireCapableBeanFactory.instantiateUsingFactoryMethod(AbstractAutowireCapableBeanFactory.java:1337) ~[spring-beans-6.1.8.jar:6.1.8]
	at org.springframework.beans.factory.support.AbstractAutowireCapableBeanFactory.createBeanInstance(AbstractAutowireCapableBeanFactory.java:1167) ~[spring-beans-6.1.8.jar:6.1.8]
	at org.springframework.beans.factory.support.AbstractAutowireCapableBeanFactory.doCreateBean(AbstractAutowireCapableBeanFactory.java:562) ~[spring-beans-6.1.8.jar:6.1.8]
	at org.springframework.beans.factory.support.AbstractAutowireCapableBeanFactory.createBean(AbstractAutowireCapableBeanFactory.java:522) ~[spring-beans-6.1.8.jar:6.1.8]
	at org.springframework.beans.factory.support.AbstractBeanFactory.lambda$doGetBean$0(AbstractBeanFactory.java:337) ~[spring-beans-6.1.8.jar:6.1.8]
	at org.springframework.beans.factory.support.DefaultSingletonBeanRegistry.getSingleton(DefaultSingletonBeanRegistry.java:234) ~[spring-beans-6.1.8.jar:6.1.8]
	at org.springframework.beans.factory.support.AbstractBeanFactory.doGetBean(AbstractBeanFactory.java:335) ~[spring-beans-6.1.8.jar:6.1.8]
	at org.springframework.beans.factory.support.AbstractBeanFactory.getBean(AbstractBeanFactory.java:200) ~[spring-beans-6.1.8.jar:6.1.8]
	at org.springframework.beans.factory.support.BeanDefinitionValueResolver.resolveReference(BeanDefinitionValueResolver.java:365) ~[spring-beans-6.1.8.jar:6.1.8]
	at org.springframework.beans.factory.support.BeanDefinitionValueResolver.resolveValueIfNecessary(BeanDefinitionValueResolver.java:135) ~[spring-beans-6.1.8.jar:6.1.8]
	at org.springframework.beans.factory.support.AbstractAutowireCapableBeanFactory.applyPropertyValues(AbstractAutowireCapableBeanFactory.java:1687) ~[spring-beans-6.1.8.jar:6.1.8]
	at org.springframework.beans.factory.support.AbstractAutowireCapableBeanFactory.populateBean(AbstractAutowireCapableBeanFactory.java:1436) ~[spring-beans-6.1.8.jar:6.1.8]
	at org.springframework.beans.factory.support.AbstractAutowireCapableBeanFactory.doCreateBean(AbstractAutowireCapableBeanFactory.java:599) ~[spring-beans-6.1.8.jar:6.1.8]
	at org.springframework.beans.factory.support.AbstractAutowireCapableBeanFactory.createBean(AbstractAutowireCapableBeanFactory.java:522) ~[spring-beans-6.1.8.jar:6.1.8]
	at org.springframework.beans.factory.support.AbstractBeanFactory.lambda$doGetBean$0(AbstractBeanFactory.java:337) ~[spring-beans-6.1.8.jar:6.1.8]
	at org.springframework.beans.factory.support.DefaultSingletonBeanRegistry.getSingleton(DefaultSingletonBeanRegistry.java:234) ~[spring-beans-6.1.8.jar:6.1.8]
	at org.springframework.beans.factory.support.AbstractBeanFactory.doGetBean(AbstractBeanFactory.java:335) ~[spring-beans-6.1.8.jar:6.1.8]
	at org.springframework.beans.factory.support.AbstractBeanFactory.getBean(AbstractBeanFactory.java:200) ~[spring-beans-6.1.8.jar:6.1.8]
	at org.springframework.beans.factory.config.DependencyDescriptor.resolveCandidate(DependencyDescriptor.java:254) ~[spring-beans-6.1.8.jar:6.1.8]
	at org.springframework.beans.factory.support.DefaultListableBeanFactory.doResolveDependency(DefaultListableBeanFactory.java:1443) ~[spring-beans-6.1.8.jar:6.1.8]
	at org.springframework.beans.factory.support.DefaultListableBeanFactory.resolveDependency(DefaultListableBeanFactory.java:1353) ~[spring-beans-6.1.8.jar:6.1.8]
	at org.springframework.beans.factory.support.ConstructorResolver.resolveAutowiredArgument(ConstructorResolver.java:904) ~[spring-beans-6.1.8.jar:6.1.8]
	at org.springframework.beans.factory.support.ConstructorResolver.createArgumentArray(ConstructorResolver.java:782) ~[spring-beans-6.1.8.jar:6.1.8]
	at org.springframework.beans.factory.support.ConstructorResolver.autowireConstructor(ConstructorResolver.java:237) ~[spring-beans-6.1.8.jar:6.1.8]
	at org.springframework.beans.factory.support.AbstractAutowireCapableBeanFactory.autowireConstructor(AbstractAutowireCapableBeanFactory.java:1357) ~[spring-beans-6.1.8.jar:6.1.8]
	at org.springframework.beans.factory.support.AbstractAutowireCapableBeanFactory.createBeanInstance(AbstractAutowireCapableBeanFactory.java:1194) ~[spring-beans-6.1.8.jar:6.1.8]
	at org.springframework.beans.factory.support.AbstractAutowireCapableBeanFactory.doCreateBean(AbstractAutowireCapableBeanFactory.java:562) ~[spring-beans-6.1.8.jar:6.1.8]
	at org.springframework.beans.factory.support.AbstractAutowireCapableBeanFactory.createBean(AbstractAutowireCapableBeanFactory.java:522) ~[spring-beans-6.1.8.jar:6.1.8]
	at org.springframework.beans.factory.support.AbstractBeanFactory.lambda$doGetBean$0(AbstractBeanFactory.java:337) ~[spring-beans-6.1.8.jar:6.1.8]
	at org.springframework.beans.factory.support.DefaultSingletonBeanRegistry.getSingleton(DefaultSingletonBeanRegistry.java:234) ~[spring-beans-6.1.8.jar:6.1.8]
	at org.springframework.beans.factory.support.AbstractBeanFactory.doGetBean(AbstractBeanFactory.java:335) ~[spring-beans-6.1.8.jar:6.1.8]
	at org.springframework.beans.factory.support.AbstractBeanFactory.getBean(AbstractBeanFactory.java:200) ~[spring-beans-6.1.8.jar:6.1.8]
	at org.springframework.beans.factory.config.DependencyDescriptor.resolveCandidate(DependencyDescriptor.java:254) ~[spring-beans-6.1.8.jar:6.1.8]
	at org.springframework.beans.factory.support.DefaultListableBeanFactory.doResolveDependency(DefaultListableBeanFactory.java:1443) ~[spring-beans-6.1.8.jar:6.1.8]
	at org.springframework.beans.factory.support.DefaultListableBeanFactory.resolveDependency(DefaultListableBeanFactory.java:1353) ~[spring-beans-6.1.8.jar:6.1.8]
	at org.springframework.beans.factory.support.ConstructorResolver.resolveAutowiredArgument(ConstructorResolver.java:904) ~[spring-beans-6.1.8.jar:6.1.8]
	at org.springframework.beans.factory.support.ConstructorResolver.createArgumentArray(ConstructorResolver.java:782) ~[spring-beans-6.1.8.jar:6.1.8]
	at org.springframework.beans.factory.support.ConstructorResolver.autowireConstructor(ConstructorResolver.java:237) ~[spring-beans-6.1.8.jar:6.1.8]
	at org.springframework.beans.factory.support.AbstractAutowireCapableBeanFactory.autowireConstructor(AbstractAutowireCapableBeanFactory.java:1357) ~[spring-beans-6.1.8.jar:6.1.8]
	at org.springframework.beans.factory.support.AbstractAutowireCapableBeanFactory.createBeanInstance(AbstractAutowireCapableBeanFactory.java:1194) ~[spring-beans-6.1.8.jar:6.1.8]
	at org.springframework.beans.factory.support.AbstractAutowireCapableBeanFactory.doCreateBean(AbstractAutowireCapableBeanFactory.java:562) ~[spring-beans-6.1.8.jar:6.1.8]
	at org.springframework.beans.factory.support.AbstractAutowireCapableBeanFactory.createBean(AbstractAutowireCapableBeanFactory.java:522) ~[spring-beans-6.1.8.jar:6.1.8]
	at org.springframework.beans.factory.support.AbstractBeanFactory.lambda$doGetBean$0(AbstractBeanFactory.java:337) ~[spring-beans-6.1.8.jar:6.1.8]
	at org.springframework.beans.factory.support.DefaultSingletonBeanRegistry.getSingleton(DefaultSingletonBeanRegistry.java:234) ~[spring-beans-6.1.8.jar:6.1.8]
	at org.springframework.beans.factory.support.AbstractBeanFactory.doGetBean(AbstractBeanFactory.java:335) ~[spring-beans-6.1.8.jar:6.1.8]
	at org.springframework.beans.factory.support.AbstractBeanFactory.getBean(AbstractBeanFactory.java:205) ~[spring-beans-6.1.8.jar:6.1.8]
	at org.springframework.boot.web.servlet.ServletContextInitializerBeans.getOrderedBeansOfType(ServletContextInitializerBeans.java:211) ~[spring-boot-3.3.0.jar:3.3.0]
	at org.springframework.boot.web.servlet.ServletContextInitializerBeans.addAsRegistrationBean(ServletContextInitializerBeans.java:174) ~[spring-boot-3.3.0.jar:3.3.0]
	at org.springframework.boot.web.servlet.ServletContextInitializerBeans.addAsRegistrationBean(ServletContextInitializerBeans.java:169) ~[spring-boot-3.3.0.jar:3.3.0]
	at org.springframework.boot.web.servlet.ServletContextInitializerBeans.addAdaptableBeans(ServletContextInitializerBeans.java:154) ~[spring-boot-3.3.0.jar:3.3.0]
	at org.springframework.boot.web.servlet.ServletContextInitializerBeans.<init>(ServletContextInitializerBeans.java:87) ~[spring-boot-3.3.0.jar:3.3.0]
	at org.springframework.boot.web.servlet.context.ServletWebServerApplicationContext.getServletContextInitializerBeans(ServletWebServerApplicationContext.java:266) ~[spring-boot-3.3.0.jar:3.3.0]
	at org.springframework.boot.web.servlet.context.ServletWebServerApplicationContext.selfInitialize(ServletWebServerApplicationContext.java:240) ~[spring-boot-3.3.0.jar:3.3.0]
	at org.springframework.boot.web.embedded.tomcat.TomcatStarter.onStartup(TomcatStarter.java:52) ~[spring-boot-3.3.0.jar:3.3.0]
	at org.apache.catalina.core.StandardContext.startInternal(StandardContext.java:4414) ~[tomcat-embed-core-10.1.24.jar:10.1.24]
	at org.apache.catalina.util.LifecycleBase.start(LifecycleBase.java:171) ~[tomcat-embed-core-10.1.24.jar:10.1.24]
	at org.apache.catalina.core.ContainerBase$StartChild.call(ContainerBase.java:1203) ~[tomcat-embed-core-10.1.24.jar:10.1.24]
	at org.apache.catalina.core.ContainerBase$StartChild.call(ContainerBase.java:1193) ~[tomcat-embed-core-10.1.24.jar:10.1.24]
	at java.base/java.util.concurrent.FutureTask.run(FutureTask.java:317) ~[na:na]
	at org.apache.tomcat.util.threads.InlineExecutorService.execute(InlineExecutorService.java:75) ~[tomcat-embed-core-10.1.24.jar:10.1.24]
	at java.base/java.util.concurrent.AbstractExecutorService.submit(AbstractExecutorService.java:145) ~[na:na]
	at org.apache.catalina.core.ContainerBase.startInternal(ContainerBase.java:749) ~[tomcat-embed-core-10.1.24.jar:10.1.24]
	at org.apache.catalina.core.StandardHost.startInternal(StandardHost.java:772) ~[tomcat-embed-core-10.1.24.jar:10.1.24]
	at org.apache.catalina.util.LifecycleBase.start(LifecycleBase.java:171) ~[tomcat-embed-core-10.1.24.jar:10.1.24]
	at org.apache.catalina.core.ContainerBase$StartChild.call(ContainerBase.java:1203) ~[tomcat-embed-core-10.1.24.jar:10.1.24]
	at org.apache.catalina.core.ContainerBase$StartChild.call(ContainerBase.java:1193) ~[tomcat-embed-core-10.1.24.jar:10.1.24]
	at java.base/java.util.concurrent.FutureTask.run(FutureTask.java:317) ~[na:na]
	at org.apache.tomcat.util.threads.InlineExecutorService.execute(InlineExecutorService.java:75) ~[tomcat-embed-core-10.1.24.jar:10.1.24]
	at java.base/java.util.concurrent.AbstractExecutorService.submit(AbstractExecutorService.java:145) ~[na:na]
	at org.apache.catalina.core.ContainerBase.startInternal(ContainerBase.java:749) ~[tomcat-embed-core-10.1.24.jar:10.1.24]
	at org.apache.catalina.core.StandardEngine.startInternal(StandardEngine.java:203) ~[tomcat-embed-core-10.1.24.jar:10.1.24]
	at org.apache.catalina.util.LifecycleBase.start(LifecycleBase.java:171) ~[tomcat-embed-core-10.1.24.jar:10.1.24]
	at org.apache.catalina.core.StandardService.startInternal(StandardService.java:415) ~[tomcat-embed-core-10.1.24.jar:10.1.24]
	at org.apache.catalina.util.LifecycleBase.start(LifecycleBase.java:171) ~[tomcat-embed-core-10.1.24.jar:10.1.24]
	at org.apache.catalina.core.StandardServer.startInternal(StandardServer.java:874) ~[tomcat-embed-core-10.1.24.jar:10.1.24]
	at org.apache.catalina.util.LifecycleBase.start(LifecycleBase.java:171) ~[tomcat-embed-core-10.1.24.jar:10.1.24]
	at org.apache.catalina.startup.Tomcat.start(Tomcat.java:437) ~[tomcat-embed-core-10.1.24.jar:10.1.24]
	at org.springframework.boot.web.embedded.tomcat.TomcatWebServer.initialize(TomcatWebServer.java:128) ~[spring-boot-3.3.0.jar:3.3.0]
	at org.springframework.boot.web.embedded.tomcat.TomcatWebServer.<init>(TomcatWebServer.java:107) ~[spring-boot-3.3.0.jar:3.3.0]
	at org.springframework.boot.web.embedded.tomcat.TomcatServletWebServerFactory.getTomcatWebServer(TomcatServletWebServerFactory.java:516) ~[spring-boot-3.3.0.jar:3.3.0]
	at org.springframework.boot.web.embedded.tomcat.TomcatServletWebServerFactory.getWebServer(TomcatServletWebServerFactory.java:222) ~[spring-boot-3.3.0.jar:3.3.0]
	at org.springframework.boot.web.servlet.context.ServletWebServerApplicationContext.createWebServer(ServletWebServerApplicationContext.java:188) ~[spring-boot-3.3.0.jar:3.3.0]
	at org.springframework.boot.web.servlet.context.ServletWebServerApplicationContext.onRefresh(ServletWebServerApplicationContext.java:162) ~[spring-boot-3.3.0.jar:3.3.0]
	at org.springframework.context.support.AbstractApplicationContext.refresh(AbstractApplicationContext.java:618) ~[spring-context-6.1.8.jar:6.1.8]
	at org.springframework.boot.web.servlet.context.ServletWebServerApplicationContext.refresh(ServletWebServerApplicationContext.java:146) ~[spring-boot-3.3.0.jar:3.3.0]
	at org.springframework.boot.SpringApplication.refresh(SpringApplication.java:754) ~[spring-boot-3.3.0.jar:3.3.0]
	at org.springframework.boot.SpringApplication.refreshContext(SpringApplication.java:456) ~[spring-boot-3.3.0.jar:3.3.0]
	at org.springframework.boot.SpringApplication.run(SpringApplication.java:335) ~[spring-boot-3.3.0.jar:3.3.0]
	at org.springframework.boot.SpringApplication.run(SpringApplication.java:1363) ~[spring-boot-3.3.0.jar:3.3.0]
	at org.springframework.boot.SpringApplication.run(SpringApplication.java:1352) ~[spring-boot-3.3.0.jar:3.3.0]
	at com.kce.project.SchoolServiceApplication.main(SchoolServiceApplication.java:11) ~[classes/:na]
Caused by: java.sql.SQLSyntaxErrorException: ORA-00942: table or view does not exist

	at oracle.jdbc.driver.T4CTTIoer11.processError(T4CTTIoer11.java:629) ~[ojdbc11-21.9.0.0.jar:21.9.0.0.0]
	at oracle.jdbc.driver.T4CTTIoer11.processError(T4CTTIoer11.java:563) ~[ojdbc11-21.9.0.0.jar:21.9.0.0.0]
	at oracle.jdbc.driver.T4C8Oall.processError(T4C8Oall.java:1230) ~[ojdbc11-21.9.0.0.jar:21.9.0.0.0]
	at oracle.jdbc.driver.T4CTTIfun.receive(T4CTTIfun.java:771) ~[ojdbc11-21.9.0.0.jar:21.9.0.0.0]
	at oracle.jdbc.driver.T4CTTIfun.doRPC(T4CTTIfun.java:298) ~[ojdbc11-21.9.0.0.jar:21.9.0.0.0]
	at oracle.jdbc.driver.T4C8Oall.doOALL(T4C8Oall.java:511) ~[ojdbc11-21.9.0.0.jar:21.9.0.0.0]
	at oracle.jdbc.driver.T4CStatement.doOall8(T4CStatement.java:122) ~[ojdbc11-21.9.0.0.jar:21.9.0.0.0]
	at oracle.jdbc.driver.T4CStatement.executeForRows(T4CStatement.java:1199) ~[ojdbc11-21.9.0.0.jar:21.9.0.0.0]
	at oracle.jdbc.driver.OracleStatement.executeSQLStatement(OracleStatement.java:1819) ~[ojdbc11-21.9.0.0.jar:21.9.0.0.0]
	at oracle.jdbc.driver.OracleStatement.doExecuteWithTimeout(OracleStatement.java:1471) ~[ojdbc11-21.9.0.0.jar:21.9.0.0.0]
	at oracle.jdbc.driver.OracleStatement.executeInternal(OracleStatement.java:2504) ~[ojdbc11-21.9.0.0.jar:21.9.0.0.0]
	at oracle.jdbc.driver.OracleStatement.execute(OracleStatement.java:2459) ~[ojdbc11-21.9.0.0.jar:21.9.0.0.0]
	at oracle.jdbc.driver.OracleStatementWrapper.execute(OracleStatementWrapper.java:327) ~[ojdbc11-21.9.0.0.jar:21.9.0.0.0]
	at com.zaxxer.hikari.pool.ProxyStatement.execute(ProxyStatement.java:94) ~[HikariCP-5.1.0.jar:na]
	at com.zaxxer.hikari.pool.HikariProxyStatement.execute(HikariProxyStatement.java) ~[HikariCP-5.1.0.jar:na]
	at org.hibernate.tool.schema.internal.exec.GenerationTargetToDatabase.accept(GenerationTargetToDatabase.java:80) ~[hibernate-core-6.5.2.Final.jar:6.5.2.Final]
	... 122 common frames omitted
Caused by: oracle.jdbc.OracleDatabaseException: ORA-00942: table or view does not exist

	at oracle.jdbc.driver.T4CTTIoer11.processError(T4CTTIoer11.java:636) ~[ojdbc11-21.9.0.0.jar:21.9.0.0.0]
	... 137 common frames omitted

Hibernate: alter table simulations add constraint FK3eint8lpqnwl46kyqdamfvxh2 foreign key (teacher_id) references teachers
2026-08-13T11:59:41.782+05:30  WARN 14516 --- [school-service] [           main] o.h.t.s.i.ExceptionHandlerLoggedImpl     : GenerationTarget encountered exception accepting command : Error executing DDL "alter table simulations add constraint FK3eint8lpqnwl46kyqdamfvxh2 foreign key (teacher_id) references teachers" via JDBC [ORA-00942: table or view does not exist
]

org.hibernate.tool.schema.spi.CommandAcceptanceException: Error executing DDL "alter table simulations add constraint FK3eint8lpqnwl46kyqdamfvxh2 foreign key (teacher_id) references teachers" via JDBC [ORA-00942: table or view does not exist
]
	at org.hibernate.tool.schema.internal.exec.GenerationTargetToDatabase.accept(GenerationTargetToDatabase.java:94) ~[hibernate-core-6.5.2.Final.jar:6.5.2.Final]
	at org.hibernate.tool.schema.internal.AbstractSchemaMigrator.applySqlString(AbstractSchemaMigrator.java:575) ~[hibernate-core-6.5.2.Final.jar:6.5.2.Final]
	at org.hibernate.tool.schema.internal.AbstractSchemaMigrator.applySqlStrings(AbstractSchemaMigrator.java:515) ~[hibernate-core-6.5.2.Final.jar:6.5.2.Final]
	at org.hibernate.tool.schema.internal.AbstractSchemaMigrator.applyForeignKeys(AbstractSchemaMigrator.java:447) ~[hibernate-core-6.5.2.Final.jar:6.5.2.Final]
	at org.hibernate.tool.schema.internal.AbstractSchemaMigrator.performMigration(AbstractSchemaMigrator.java:268) ~[hibernate-core-6.5.2.Final.jar:6.5.2.Final]
	at org.hibernate.tool.schema.internal.AbstractSchemaMigrator.doMigration(AbstractSchemaMigrator.java:117) ~[hibernate-core-6.5.2.Final.jar:6.5.2.Final]
	at org.hibernate.tool.schema.spi.SchemaManagementToolCoordinator.performDatabaseAction(SchemaManagementToolCoordinator.java:280) ~[hibernate-core-6.5.2.Final.jar:6.5.2.Final]
	at org.hibernate.tool.schema.spi.SchemaManagementToolCoordinator.lambda$process$5(SchemaManagementToolCoordinator.java:144) ~[hibernate-core-6.5.2.Final.jar:6.5.2.Final]
	at java.base/java.util.HashMap.forEach(HashMap.java:1429) ~[na:na]
	at org.hibernate.tool.schema.spi.SchemaManagementToolCoordinator.process(SchemaManagementToolCoordinator.java:141) ~[hibernate-core-6.5.2.Final.jar:6.5.2.Final]
	at org.hibernate.boot.internal.SessionFactoryObserverForSchemaExport.sessionFactoryCreated(SessionFactoryObserverForSchemaExport.java:37) ~[hibernate-core-6.5.2.Final.jar:6.5.2.Final]
	at org.hibernate.internal.SessionFactoryObserverChain.sessionFactoryCreated(SessionFactoryObserverChain.java:35) ~[hibernate-core-6.5.2.Final.jar:6.5.2.Final]
	at org.hibernate.internal.SessionFactoryImpl.<init>(SessionFactoryImpl.java:322) ~[hibernate-core-6.5.2.Final.jar:6.5.2.Final]
	at org.hibernate.boot.internal.SessionFactoryBuilderImpl.build(SessionFactoryBuilderImpl.java:457) ~[hibernate-core-6.5.2.Final.jar:6.5.2.Final]
	at org.hibernate.jpa.boot.internal.EntityManagerFactoryBuilderImpl.build(EntityManagerFactoryBuilderImpl.java:1506) ~[hibernate-core-6.5.2.Final.jar:6.5.2.Final]
	at org.springframework.orm.jpa.vendor.SpringHibernateJpaPersistenceProvider.createContainerEntityManagerFactory(SpringHibernateJpaPersistenceProvider.java:75) ~[spring-orm-6.1.8.jar:6.1.8]
	at org.springframework.orm.jpa.LocalContainerEntityManagerFactoryBean.createNativeEntityManagerFactory(LocalContainerEntityManagerFactoryBean.java:390) ~[spring-orm-6.1.8.jar:6.1.8]
	at org.springframework.orm.jpa.AbstractEntityManagerFactoryBean.buildNativeEntityManagerFactory(AbstractEntityManagerFactoryBean.java:409) ~[spring-orm-6.1.8.jar:6.1.8]
	at org.springframework.orm.jpa.AbstractEntityManagerFactoryBean.afterPropertiesSet(AbstractEntityManagerFactoryBean.java:396) ~[spring-orm-6.1.8.jar:6.1.8]
	at org.springframework.orm.jpa.LocalContainerEntityManagerFactoryBean.afterPropertiesSet(LocalContainerEntityManagerFactoryBean.java:366) ~[spring-orm-6.1.8.jar:6.1.8]
	at org.springframework.beans.factory.support.AbstractAutowireCapableBeanFactory.invokeInitMethods(AbstractAutowireCapableBeanFactory.java:1835) ~[spring-beans-6.1.8.jar:6.1.8]
	at org.springframework.beans.factory.support.AbstractAutowireCapableBeanFactory.initializeBean(AbstractAutowireCapableBeanFactory.java:1784) ~[spring-beans-6.1.8.jar:6.1.8]
	at org.springframework.beans.factory.support.AbstractAutowireCapableBeanFactory.doCreateBean(AbstractAutowireCapableBeanFactory.java:600) ~[spring-beans-6.1.8.jar:6.1.8]
	at org.springframework.beans.factory.support.AbstractAutowireCapableBeanFactory.createBean(AbstractAutowireCapableBeanFactory.java:522) ~[spring-beans-6.1.8.jar:6.1.8]
	at org.springframework.beans.factory.support.AbstractBeanFactory.lambda$doGetBean$0(AbstractBeanFactory.java:337) ~[spring-beans-6.1.8.jar:6.1.8]
	at org.springframework.beans.factory.support.DefaultSingletonBeanRegistry.getSingleton(DefaultSingletonBeanRegistry.java:234) ~[spring-beans-6.1.8.jar:6.1.8]
	at org.springframework.beans.factory.support.AbstractBeanFactory.doGetBean(AbstractBeanFactory.java:335) ~[spring-beans-6.1.8.jar:6.1.8]
	at org.springframework.beans.factory.support.AbstractBeanFactory.getBean(AbstractBeanFactory.java:200) ~[spring-beans-6.1.8.jar:6.1.8]
	at org.springframework.beans.factory.support.BeanDefinitionValueResolver.resolveReference(BeanDefinitionValueResolver.java:365) ~[spring-beans-6.1.8.jar:6.1.8]
	at org.springframework.beans.factory.support.BeanDefinitionValueResolver.resolveValueIfNecessary(BeanDefinitionValueResolver.java:135) ~[spring-beans-6.1.8.jar:6.1.8]
	at org.springframework.beans.factory.support.ConstructorResolver.resolveConstructorArguments(ConstructorResolver.java:682) ~[spring-beans-6.1.8.jar:6.1.8]
	at org.springframework.beans.factory.support.ConstructorResolver.instantiateUsingFactoryMethod(ConstructorResolver.java:509) ~[spring-beans-6.1.8.jar:6.1.8]
	at org.springframework.beans.factory.support.AbstractAutowireCapableBeanFactory.instantiateUsingFactoryMethod(AbstractAutowireCapableBeanFactory.java:1337) ~[spring-beans-6.1.8.jar:6.1.8]
	at org.springframework.beans.factory.support.AbstractAutowireCapableBeanFactory.createBeanInstance(AbstractAutowireCapableBeanFactory.java:1167) ~[spring-beans-6.1.8.jar:6.1.8]
	at org.springframework.beans.factory.support.AbstractAutowireCapableBeanFactory.doCreateBean(AbstractAutowireCapableBeanFactory.java:562) ~[spring-beans-6.1.8.jar:6.1.8]
	at org.springframework.beans.factory.support.AbstractAutowireCapableBeanFactory.createBean(AbstractAutowireCapableBeanFactory.java:522) ~[spring-beans-6.1.8.jar:6.1.8]
	at org.springframework.beans.factory.support.AbstractBeanFactory.lambda$doGetBean$0(AbstractBeanFactory.java:337) ~[spring-beans-6.1.8.jar:6.1.8]
	at org.springframework.beans.factory.support.DefaultSingletonBeanRegistry.getSingleton(DefaultSingletonBeanRegistry.java:234) ~[spring-beans-6.1.8.jar:6.1.8]
	at org.springframework.beans.factory.support.AbstractBeanFactory.doGetBean(AbstractBeanFactory.java:335) ~[spring-beans-6.1.8.jar:6.1.8]
	at org.springframework.beans.factory.support.AbstractBeanFactory.getBean(AbstractBeanFactory.java:200) ~[spring-beans-6.1.8.jar:6.1.8]
	at org.springframework.beans.factory.support.BeanDefinitionValueResolver.resolveReference(BeanDefinitionValueResolver.java:365) ~[spring-beans-6.1.8.jar:6.1.8]
	at org.springframework.beans.factory.support.BeanDefinitionValueResolver.resolveValueIfNecessary(BeanDefinitionValueResolver.java:135) ~[spring-beans-6.1.8.jar:6.1.8]
	at org.springframework.beans.factory.support.AbstractAutowireCapableBeanFactory.applyPropertyValues(AbstractAutowireCapableBeanFactory.java:1687) ~[spring-beans-6.1.8.jar:6.1.8]
	at org.springframework.beans.factory.support.AbstractAutowireCapableBeanFactory.populateBean(AbstractAutowireCapableBeanFactory.java:1436) ~[spring-beans-6.1.8.jar:6.1.8]
	at org.springframework.beans.factory.support.AbstractAutowireCapableBeanFactory.doCreateBean(AbstractAutowireCapableBeanFactory.java:599) ~[spring-beans-6.1.8.jar:6.1.8]
	at org.springframework.beans.factory.support.AbstractAutowireCapableBeanFactory.createBean(AbstractAutowireCapableBeanFactory.java:522) ~[spring-beans-6.1.8.jar:6.1.8]
	at org.springframework.beans.factory.support.AbstractBeanFactory.lambda$doGetBean$0(AbstractBeanFactory.java:337) ~[spring-beans-6.1.8.jar:6.1.8]
	at org.springframework.beans.factory.support.DefaultSingletonBeanRegistry.getSingleton(DefaultSingletonBeanRegistry.java:234) ~[spring-beans-6.1.8.jar:6.1.8]
	at org.springframework.beans.factory.support.AbstractBeanFactory.doGetBean(AbstractBeanFactory.java:335) ~[spring-beans-6.1.8.jar:6.1.8]
	at org.springframework.beans.factory.support.AbstractBeanFactory.getBean(AbstractBeanFactory.java:200) ~[spring-beans-6.1.8.jar:6.1.8]
	at org.springframework.beans.factory.config.DependencyDescriptor.resolveCandidate(DependencyDescriptor.java:254) ~[spring-beans-6.1.8.jar:6.1.8]
	at org.springframework.beans.factory.support.DefaultListableBeanFactory.doResolveDependency(DefaultListableBeanFactory.java:1443) ~[spring-beans-6.1.8.jar:6.1.8]
	at org.springframework.beans.factory.support.DefaultListableBeanFactory.resolveDependency(DefaultListableBeanFactory.java:1353) ~[spring-beans-6.1.8.jar:6.1.8]
	at org.springframework.beans.factory.support.ConstructorResolver.resolveAutowiredArgument(ConstructorResolver.java:904) ~[spring-beans-6.1.8.jar:6.1.8]
	at org.springframework.beans.factory.support.ConstructorResolver.createArgumentArray(ConstructorResolver.java:782) ~[spring-beans-6.1.8.jar:6.1.8]
	at org.springframework.beans.factory.support.ConstructorResolver.autowireConstructor(ConstructorResolver.java:237) ~[spring-beans-6.1.8.jar:6.1.8]
	at org.springframework.beans.factory.support.AbstractAutowireCapableBeanFactory.autowireConstructor(AbstractAutowireCapableBeanFactory.java:1357) ~[spring-beans-6.1.8.jar:6.1.8]
	at org.springframework.beans.factory.support.AbstractAutowireCapableBeanFactory.createBeanInstance(AbstractAutowireCapableBeanFactory.java:1194) ~[spring-beans-6.1.8.jar:6.1.8]
	at org.springframework.beans.factory.support.AbstractAutowireCapableBeanFactory.doCreateBean(AbstractAutowireCapableBeanFactory.java:562) ~[spring-beans-6.1.8.jar:6.1.8]
	at org.springframework.beans.factory.support.AbstractAutowireCapableBeanFactory.createBean(AbstractAutowireCapableBeanFactory.java:522) ~[spring-beans-6.1.8.jar:6.1.8]
	at org.springframework.beans.factory.support.AbstractBeanFactory.lambda$doGetBean$0(AbstractBeanFactory.java:337) ~[spring-beans-6.1.8.jar:6.1.8]
	at org.springframework.beans.factory.support.DefaultSingletonBeanRegistry.getSingleton(DefaultSingletonBeanRegistry.java:234) ~[spring-beans-6.1.8.jar:6.1.8]
	at org.springframework.beans.factory.support.AbstractBeanFactory.doGetBean(AbstractBeanFactory.java:335) ~[spring-beans-6.1.8.jar:6.1.8]
	at org.springframework.beans.factory.support.AbstractBeanFactory.getBean(AbstractBeanFactory.java:200) ~[spring-beans-6.1.8.jar:6.1.8]
	at org.springframework.beans.factory.config.DependencyDescriptor.resolveCandidate(DependencyDescriptor.java:254) ~[spring-beans-6.1.8.jar:6.1.8]
	at org.springframework.beans.factory.support.DefaultListableBeanFactory.doResolveDependency(DefaultListableBeanFactory.java:1443) ~[spring-beans-6.1.8.jar:6.1.8]
	at org.springframework.beans.factory.support.DefaultListableBeanFactory.resolveDependency(DefaultListableBeanFactory.java:1353) ~[spring-beans-6.1.8.jar:6.1.8]
	at org.springframework.beans.factory.support.ConstructorResolver.resolveAutowiredArgument(ConstructorResolver.java:904) ~[spring-beans-6.1.8.jar:6.1.8]
	at org.springframework.beans.factory.support.ConstructorResolver.createArgumentArray(ConstructorResolver.java:782) ~[spring-beans-6.1.8.jar:6.1.8]
	at org.springframework.beans.factory.support.ConstructorResolver.autowireConstructor(ConstructorResolver.java:237) ~[spring-beans-6.1.8.jar:6.1.8]
	at org.springframework.beans.factory.support.AbstractAutowireCapableBeanFactory.autowireConstructor(AbstractAutowireCapableBeanFactory.java:1357) ~[spring-beans-6.1.8.jar:6.1.8]
	at org.springframework.beans.factory.support.AbstractAutowireCapableBeanFactory.createBeanInstance(AbstractAutowireCapableBeanFactory.java:1194) ~[spring-beans-6.1.8.jar:6.1.8]
	at org.springframework.beans.factory.support.AbstractAutowireCapableBeanFactory.doCreateBean(AbstractAutowireCapableBeanFactory.java:562) ~[spring-beans-6.1.8.jar:6.1.8]
	at org.springframework.beans.factory.support.AbstractAutowireCapableBeanFactory.createBean(AbstractAutowireCapableBeanFactory.java:522) ~[spring-beans-6.1.8.jar:6.1.8]
	at org.springframework.beans.factory.support.AbstractBeanFactory.lambda$doGetBean$0(AbstractBeanFactory.java:337) ~[spring-beans-6.1.8.jar:6.1.8]
	at org.springframework.beans.factory.support.DefaultSingletonBeanRegistry.getSingleton(DefaultSingletonBeanRegistry.java:234) ~[spring-beans-6.1.8.jar:6.1.8]
	at org.springframework.beans.factory.support.AbstractBeanFactory.doGetBean(AbstractBeanFactory.java:335) ~[spring-beans-6.1.8.jar:6.1.8]
	at org.springframework.beans.factory.support.AbstractBeanFactory.getBean(AbstractBeanFactory.java:205) ~[spring-beans-6.1.8.jar:6.1.8]
	at org.springframework.boot.web.servlet.ServletContextInitializerBeans.getOrderedBeansOfType(ServletContextInitializerBeans.java:211) ~[spring-boot-3.3.0.jar:3.3.0]
	at org.springframework.boot.web.servlet.ServletContextInitializerBeans.addAsRegistrationBean(ServletContextInitializerBeans.java:174) ~[spring-boot-3.3.0.jar:3.3.0]
	at org.springframework.boot.web.servlet.ServletContextInitializerBeans.addAsRegistrationBean(ServletContextInitializerBeans.java:169) ~[spring-boot-3.3.0.jar:3.3.0]
	at org.springframework.boot.web.servlet.ServletContextInitializerBeans.addAdaptableBeans(ServletContextInitializerBeans.java:154) ~[spring-boot-3.3.0.jar:3.3.0]
	at org.springframework.boot.web.servlet.ServletContextInitializerBeans.<init>(ServletContextInitializerBeans.java:87) ~[spring-boot-3.3.0.jar:3.3.0]
	at org.springframework.boot.web.servlet.context.ServletWebServerApplicationContext.getServletContextInitializerBeans(ServletWebServerApplicationContext.java:266) ~[spring-boot-3.3.0.jar:3.3.0]
	at org.springframework.boot.web.servlet.context.ServletWebServerApplicationContext.selfInitialize(ServletWebServerApplicationContext.java:240) ~[spring-boot-3.3.0.jar:3.3.0]
	at org.springframework.boot.web.embedded.tomcat.TomcatStarter.onStartup(TomcatStarter.java:52) ~[spring-boot-3.3.0.jar:3.3.0]
	at org.apache.catalina.core.StandardContext.startInternal(StandardContext.java:4414) ~[tomcat-embed-core-10.1.24.jar:10.1.24]
	at org.apache.catalina.util.LifecycleBase.start(LifecycleBase.java:171) ~[tomcat-embed-core-10.1.24.jar:10.1.24]
	at org.apache.catalina.core.ContainerBase$StartChild.call(ContainerBase.java:1203) ~[tomcat-embed-core-10.1.24.jar:10.1.24]
	at org.apache.catalina.core.ContainerBase$StartChild.call(ContainerBase.java:1193) ~[tomcat-embed-core-10.1.24.jar:10.1.24]
	at java.base/java.util.concurrent.FutureTask.run(FutureTask.java:317) ~[na:na]
	at org.apache.tomcat.util.threads.InlineExecutorService.execute(InlineExecutorService.java:75) ~[tomcat-embed-core-10.1.24.jar:10.1.24]
	at java.base/java.util.concurrent.AbstractExecutorService.submit(AbstractExecutorService.java:145) ~[na:na]
	at org.apache.catalina.core.ContainerBase.startInternal(ContainerBase.java:749) ~[tomcat-embed-core-10.1.24.jar:10.1.24]
	at org.apache.catalina.core.StandardHost.startInternal(StandardHost.java:772) ~[tomcat-embed-core-10.1.24.jar:10.1.24]
	at org.apache.catalina.util.LifecycleBase.start(LifecycleBase.java:171) ~[tomcat-embed-core-10.1.24.jar:10.1.24]
	at org.apache.catalina.core.ContainerBase$StartChild.call(ContainerBase.java:1203) ~[tomcat-embed-core-10.1.24.jar:10.1.24]
	at org.apache.catalina.core.ContainerBase$StartChild.call(ContainerBase.java:1193) ~[tomcat-embed-core-10.1.24.jar:10.1.24]
	at java.base/java.util.concurrent.FutureTask.run(FutureTask.java:317) ~[na:na]
	at org.apache.tomcat.util.threads.InlineExecutorService.execute(InlineExecutorService.java:75) ~[tomcat-embed-core-10.1.24.jar:10.1.24]
	at java.base/java.util.concurrent.AbstractExecutorService.submit(AbstractExecutorService.java:145) ~[na:na]
	at org.apache.catalina.core.ContainerBase.startInternal(ContainerBase.java:749) ~[tomcat-embed-core-10.1.24.jar:10.1.24]
	at org.apache.catalina.core.StandardEngine.startInternal(StandardEngine.java:203) ~[tomcat-embed-core-10.1.24.jar:10.1.24]
	at org.apache.catalina.util.LifecycleBase.start(LifecycleBase.java:171) ~[tomcat-embed-core-10.1.24.jar:10.1.24]
	at org.apache.catalina.core.StandardService.startInternal(StandardService.java:415) ~[tomcat-embed-core-10.1.24.jar:10.1.24]
	at org.apache.catalina.util.LifecycleBase.start(LifecycleBase.java:171) ~[tomcat-embed-core-10.1.24.jar:10.1.24]
	at org.apache.catalina.core.StandardServer.startInternal(StandardServer.java:874) ~[tomcat-embed-core-10.1.24.jar:10.1.24]
	at org.apache.catalina.util.LifecycleBase.start(LifecycleBase.java:171) ~[tomcat-embed-core-10.1.24.jar:10.1.24]
	at org.apache.catalina.startup.Tomcat.start(Tomcat.java:437) ~[tomcat-embed-core-10.1.24.jar:10.1.24]
	at org.springframework.boot.web.embedded.tomcat.TomcatWebServer.initialize(TomcatWebServer.java:128) ~[spring-boot-3.3.0.jar:3.3.0]
	at org.springframework.boot.web.embedded.tomcat.TomcatWebServer.<init>(TomcatWebServer.java:107) ~[spring-boot-3.3.0.jar:3.3.0]
	at org.springframework.boot.web.embedded.tomcat.TomcatServletWebServerFactory.getTomcatWebServer(TomcatServletWebServerFactory.java:516) ~[spring-boot-3.3.0.jar:3.3.0]
	at org.springframework.boot.web.embedded.tomcat.TomcatServletWebServerFactory.getWebServer(TomcatServletWebServerFactory.java:222) ~[spring-boot-3.3.0.jar:3.3.0]
	at org.springframework.boot.web.servlet.context.ServletWebServerApplicationContext.createWebServer(ServletWebServerApplicationContext.java:188) ~[spring-boot-3.3.0.jar:3.3.0]
	at org.springframework.boot.web.servlet.context.ServletWebServerApplicationContext.onRefresh(ServletWebServerApplicationContext.java:162) ~[spring-boot-3.3.0.jar:3.3.0]
	at org.springframework.context.support.AbstractApplicationContext.refresh(AbstractApplicationContext.java:618) ~[spring-context-6.1.8.jar:6.1.8]
	at org.springframework.boot.web.servlet.context.ServletWebServerApplicationContext.refresh(ServletWebServerApplicationContext.java:146) ~[spring-boot-3.3.0.jar:3.3.0]
	at org.springframework.boot.SpringApplication.refresh(SpringApplication.java:754) ~[spring-boot-3.3.0.jar:3.3.0]
	at org.springframework.boot.SpringApplication.refreshContext(SpringApplication.java:456) ~[spring-boot-3.3.0.jar:3.3.0]
	at org.springframework.boot.SpringApplication.run(SpringApplication.java:335) ~[spring-boot-3.3.0.jar:3.3.0]
	at org.springframework.boot.SpringApplication.run(SpringApplication.java:1363) ~[spring-boot-3.3.0.jar:3.3.0]
	at org.springframework.boot.SpringApplication.run(SpringApplication.java:1352) ~[spring-boot-3.3.0.jar:3.3.0]
	at com.kce.project.SchoolServiceApplication.main(SchoolServiceApplication.java:11) ~[classes/:na]
Caused by: java.sql.SQLSyntaxErrorException: ORA-00942: table or view does not exist

	at oracle.jdbc.driver.T4CTTIoer11.processError(T4CTTIoer11.java:629) ~[ojdbc11-21.9.0.0.jar:21.9.0.0.0]
	at oracle.jdbc.driver.T4CTTIoer11.processError(T4CTTIoer11.java:563) ~[ojdbc11-21.9.0.0.jar:21.9.0.0.0]
	at oracle.jdbc.driver.T4C8Oall.processError(T4C8Oall.java:1230) ~[ojdbc11-21.9.0.0.jar:21.9.0.0.0]
	at oracle.jdbc.driver.T4CTTIfun.receive(T4CTTIfun.java:771) ~[ojdbc11-21.9.0.0.jar:21.9.0.0.0]
	at oracle.jdbc.driver.T4CTTIfun.doRPC(T4CTTIfun.java:298) ~[ojdbc11-21.9.0.0.jar:21.9.0.0.0]
	at oracle.jdbc.driver.T4C8Oall.doOALL(T4C8Oall.java:511) ~[ojdbc11-21.9.0.0.jar:21.9.0.0.0]
	at oracle.jdbc.driver.T4CStatement.doOall8(T4CStatement.java:122) ~[ojdbc11-21.9.0.0.jar:21.9.0.0.0]
	at oracle.jdbc.driver.T4CStatement.executeForRows(T4CStatement.java:1199) ~[ojdbc11-21.9.0.0.jar:21.9.0.0.0]
	at oracle.jdbc.driver.OracleStatement.executeSQLStatement(OracleStatement.java:1819) ~[ojdbc11-21.9.0.0.jar:21.9.0.0.0]
	at oracle.jdbc.driver.OracleStatement.doExecuteWithTimeout(OracleStatement.java:1471) ~[ojdbc11-21.9.0.0.jar:21.9.0.0.0]
	at oracle.jdbc.driver.OracleStatement.executeInternal(OracleStatement.java:2504) ~[ojdbc11-21.9.0.0.jar:21.9.0.0.0]
	at oracle.jdbc.driver.OracleStatement.execute(OracleStatement.java:2459) ~[ojdbc11-21.9.0.0.jar:21.9.0.0.0]
	at oracle.jdbc.driver.OracleStatementWrapper.execute(OracleStatementWrapper.java:327) ~[ojdbc11-21.9.0.0.jar:21.9.0.0.0]
	at com.zaxxer.hikari.pool.ProxyStatement.execute(ProxyStatement.java:94) ~[HikariCP-5.1.0.jar:na]
	at com.zaxxer.hikari.pool.HikariProxyStatement.execute(HikariProxyStatement.java) ~[HikariCP-5.1.0.jar:na]
	at org.hibernate.tool.schema.internal.exec.GenerationTargetToDatabase.accept(GenerationTargetToDatabase.java:80) ~[hibernate-core-6.5.2.Final.jar:6.5.2.Final]
	... 122 common frames omitted
Caused by: oracle.jdbc.OracleDatabaseException: ORA-00942: table or view does not exist

	at oracle.jdbc.driver.T4CTTIoer11.processError(T4CTTIoer11.java:636) ~[ojdbc11-21.9.0.0.jar:21.9.0.0.0]
	... 137 common frames omitted

Hibernate: alter table student_progress add constraint FKp545hs2vqdshxwebi0gte0ntp foreign key (assignment_id) references assignments
2026-08-13T11:59:41.970+05:30  WARN 14516 --- [school-service] [           main] o.h.t.s.i.ExceptionHandlerLoggedImpl     : GenerationTarget encountered exception accepting command : Error executing DDL "alter table student_progress add constraint FKp545hs2vqdshxwebi0gte0ntp foreign key (assignment_id) references assignments" via JDBC [ORA-00942: table or view does not exist
]

org.hibernate.tool.schema.spi.CommandAcceptanceException: Error executing DDL "alter table student_progress add constraint FKp545hs2vqdshxwebi0gte0ntp foreign key (assignment_id) references assignments" via JDBC [ORA-00942: table or view does not exist
]
	at org.hibernate.tool.schema.internal.exec.GenerationTargetToDatabase.accept(GenerationTargetToDatabase.java:94) ~[hibernate-core-6.5.2.Final.jar:6.5.2.Final]
	at org.hibernate.tool.schema.internal.AbstractSchemaMigrator.applySqlString(AbstractSchemaMigrator.java:575) ~[hibernate-core-6.5.2.Final.jar:6.5.2.Final]
	at org.hibernate.tool.schema.internal.AbstractSchemaMigrator.applySqlStrings(AbstractSchemaMigrator.java:515) ~[hibernate-core-6.5.2.Final.jar:6.5.2.Final]
	at org.hibernate.tool.schema.internal.AbstractSchemaMigrator.applyForeignKeys(AbstractSchemaMigrator.java:447) ~[hibernate-core-6.5.2.Final.jar:6.5.2.Final]
	at org.hibernate.tool.schema.internal.AbstractSchemaMigrator.performMigration(AbstractSchemaMigrator.java:268) ~[hibernate-core-6.5.2.Final.jar:6.5.2.Final]
	at org.hibernate.tool.schema.internal.AbstractSchemaMigrator.doMigration(AbstractSchemaMigrator.java:117) ~[hibernate-core-6.5.2.Final.jar:6.5.2.Final]
	at org.hibernate.tool.schema.spi.SchemaManagementToolCoordinator.performDatabaseAction(SchemaManagementToolCoordinator.java:280) ~[hibernate-core-6.5.2.Final.jar:6.5.2.Final]
	at org.hibernate.tool.schema.spi.SchemaManagementToolCoordinator.lambda$process$5(SchemaManagementToolCoordinator.java:144) ~[hibernate-core-6.5.2.Final.jar:6.5.2.Final]
	at java.base/java.util.HashMap.forEach(HashMap.java:1429) ~[na:na]
	at org.hibernate.tool.schema.spi.SchemaManagementToolCoordinator.process(SchemaManagementToolCoordinator.java:141) ~[hibernate-core-6.5.2.Final.jar:6.5.2.Final]
	at org.hibernate.boot.internal.SessionFactoryObserverForSchemaExport.sessionFactoryCreated(SessionFactoryObserverForSchemaExport.java:37) ~[hibernate-core-6.5.2.Final.jar:6.5.2.Final]
	at org.hibernate.internal.SessionFactoryObserverChain.sessionFactoryCreated(SessionFactoryObserverChain.java:35) ~[hibernate-core-6.5.2.Final.jar:6.5.2.Final]
	at org.hibernate.internal.SessionFactoryImpl.<init>(SessionFactoryImpl.java:322) ~[hibernate-core-6.5.2.Final.jar:6.5.2.Final]
	at org.hibernate.boot.internal.SessionFactoryBuilderImpl.build(SessionFactoryBuilderImpl.java:457) ~[hibernate-core-6.5.2.Final.jar:6.5.2.Final]
	at org.hibernate.jpa.boot.internal.EntityManagerFactoryBuilderImpl.build(EntityManagerFactoryBuilderImpl.java:1506) ~[hibernate-core-6.5.2.Final.jar:6.5.2.Final]
	at org.springframework.orm.jpa.vendor.SpringHibernateJpaPersistenceProvider.createContainerEntityManagerFactory(SpringHibernateJpaPersistenceProvider.java:75) ~[spring-orm-6.1.8.jar:6.1.8]
	at org.springframework.orm.jpa.LocalContainerEntityManagerFactoryBean.createNativeEntityManagerFactory(LocalContainerEntityManagerFactoryBean.java:390) ~[spring-orm-6.1.8.jar:6.1.8]
	at org.springframework.orm.jpa.AbstractEntityManagerFactoryBean.buildNativeEntityManagerFactory(AbstractEntityManagerFactoryBean.java:409) ~[spring-orm-6.1.8.jar:6.1.8]
	at org.springframework.orm.jpa.AbstractEntityManagerFactoryBean.afterPropertiesSet(AbstractEntityManagerFactoryBean.java:396) ~[spring-orm-6.1.8.jar:6.1.8]
	at org.springframework.orm.jpa.LocalContainerEntityManagerFactoryBean.afterPropertiesSet(LocalContainerEntityManagerFactoryBean.java:366) ~[spring-orm-6.1.8.jar:6.1.8]
	at org.springframework.beans.factory.support.AbstractAutowireCapableBeanFactory.invokeInitMethods(AbstractAutowireCapableBeanFactory.java:1835) ~[spring-beans-6.1.8.jar:6.1.8]
	at org.springframework.beans.factory.support.AbstractAutowireCapableBeanFactory.initializeBean(AbstractAutowireCapableBeanFactory.java:1784) ~[spring-beans-6.1.8.jar:6.1.8]
	at org.springframework.beans.factory.support.AbstractAutowireCapableBeanFactory.doCreateBean(AbstractAutowireCapableBeanFactory.java:600) ~[spring-beans-6.1.8.jar:6.1.8]
	at org.springframework.beans.factory.support.AbstractAutowireCapableBeanFactory.createBean(AbstractAutowireCapableBeanFactory.java:522) ~[spring-beans-6.1.8.jar:6.1.8]
	at org.springframework.beans.factory.support.AbstractBeanFactory.lambda$doGetBean$0(AbstractBeanFactory.java:337) ~[spring-beans-6.1.8.jar:6.1.8]
	at org.springframework.beans.factory.support.DefaultSingletonBeanRegistry.getSingleton(DefaultSingletonBeanRegistry.java:234) ~[spring-beans-6.1.8.jar:6.1.8]
	at org.springframework.beans.factory.support.AbstractBeanFactory.doGetBean(AbstractBeanFactory.java:335) ~[spring-beans-6.1.8.jar:6.1.8]
	at org.springframework.beans.factory.support.AbstractBeanFactory.getBean(AbstractBeanFactory.java:200) ~[spring-beans-6.1.8.jar:6.1.8]
	at org.springframework.beans.factory.support.BeanDefinitionValueResolver.resolveReference(BeanDefinitionValueResolver.java:365) ~[spring-beans-6.1.8.jar:6.1.8]
	at org.springframework.beans.factory.support.BeanDefinitionValueResolver.resolveValueIfNecessary(BeanDefinitionValueResolver.java:135) ~[spring-beans-6.1.8.jar:6.1.8]
	at org.springframework.beans.factory.support.ConstructorResolver.resolveConstructorArguments(ConstructorResolver.java:682) ~[spring-beans-6.1.8.jar:6.1.8]
	at org.springframework.beans.factory.support.ConstructorResolver.instantiateUsingFactoryMethod(ConstructorResolver.java:509) ~[spring-beans-6.1.8.jar:6.1.8]
	at org.springframework.beans.factory.support.AbstractAutowireCapableBeanFactory.instantiateUsingFactoryMethod(AbstractAutowireCapableBeanFactory.java:1337) ~[spring-beans-6.1.8.jar:6.1.8]
	at org.springframework.beans.factory.support.AbstractAutowireCapableBeanFactory.createBeanInstance(AbstractAutowireCapableBeanFactory.java:1167) ~[spring-beans-6.1.8.jar:6.1.8]
	at org.springframework.beans.factory.support.AbstractAutowireCapableBeanFactory.doCreateBean(AbstractAutowireCapableBeanFactory.java:562) ~[spring-beans-6.1.8.jar:6.1.8]
	at org.springframework.beans.factory.support.AbstractAutowireCapableBeanFactory.createBean(AbstractAutowireCapableBeanFactory.java:522) ~[spring-beans-6.1.8.jar:6.1.8]
	at org.springframework.beans.factory.support.AbstractBeanFactory.lambda$doGetBean$0(AbstractBeanFactory.java:337) ~[spring-beans-6.1.8.jar:6.1.8]
	at org.springframework.beans.factory.support.DefaultSingletonBeanRegistry.getSingleton(DefaultSingletonBeanRegistry.java:234) ~[spring-beans-6.1.8.jar:6.1.8]
	at org.springframework.beans.factory.support.AbstractBeanFactory.doGetBean(AbstractBeanFactory.java:335) ~[spring-beans-6.1.8.jar:6.1.8]
	at org.springframework.beans.factory.support.AbstractBeanFactory.getBean(AbstractBeanFactory.java:200) ~[spring-beans-6.1.8.jar:6.1.8]
	at org.springframework.beans.factory.support.BeanDefinitionValueResolver.resolveReference(BeanDefinitionValueResolver.java:365) ~[spring-beans-6.1.8.jar:6.1.8]
	at org.springframework.beans.factory.support.BeanDefinitionValueResolver.resolveValueIfNecessary(BeanDefinitionValueResolver.java:135) ~[spring-beans-6.1.8.jar:6.1.8]
	at org.springframework.beans.factory.support.AbstractAutowireCapableBeanFactory.applyPropertyValues(AbstractAutowireCapableBeanFactory.java:1687) ~[spring-beans-6.1.8.jar:6.1.8]
	at org.springframework.beans.factory.support.AbstractAutowireCapableBeanFactory.populateBean(AbstractAutowireCapableBeanFactory.java:1436) ~[spring-beans-6.1.8.jar:6.1.8]
	at org.springframework.beans.factory.support.AbstractAutowireCapableBeanFactory.doCreateBean(AbstractAutowireCapableBeanFactory.java:599) ~[spring-beans-6.1.8.jar:6.1.8]
	at org.springframework.beans.factory.support.AbstractAutowireCapableBeanFactory.createBean(AbstractAutowireCapableBeanFactory.java:522) ~[spring-beans-6.1.8.jar:6.1.8]
	at org.springframework.beans.factory.support.AbstractBeanFactory.lambda$doGetBean$0(AbstractBeanFactory.java:337) ~[spring-beans-6.1.8.jar:6.1.8]
	at org.springframework.beans.factory.support.DefaultSingletonBeanRegistry.getSingleton(DefaultSingletonBeanRegistry.java:234) ~[spring-beans-6.1.8.jar:6.1.8]
	at org.springframework.beans.factory.support.AbstractBeanFactory.doGetBean(AbstractBeanFactory.java:335) ~[spring-beans-6.1.8.jar:6.1.8]
	at org.springframework.beans.factory.support.AbstractBeanFactory.getBean(AbstractBeanFactory.java:200) ~[spring-beans-6.1.8.jar:6.1.8]
	at org.springframework.beans.factory.config.DependencyDescriptor.resolveCandidate(DependencyDescriptor.java:254) ~[spring-beans-6.1.8.jar:6.1.8]
	at org.springframework.beans.factory.support.DefaultListableBeanFactory.doResolveDependency(DefaultListableBeanFactory.java:1443) ~[spring-beans-6.1.8.jar:6.1.8]
	at org.springframework.beans.factory.support.DefaultListableBeanFactory.resolveDependency(DefaultListableBeanFactory.java:1353) ~[spring-beans-6.1.8.jar:6.1.8]
	at org.springframework.beans.factory.support.ConstructorResolver.resolveAutowiredArgument(ConstructorResolver.java:904) ~[spring-beans-6.1.8.jar:6.1.8]
	at org.springframework.beans.factory.support.ConstructorResolver.createArgumentArray(ConstructorResolver.java:782) ~[spring-beans-6.1.8.jar:6.1.8]
	at org.springframework.beans.factory.support.ConstructorResolver.autowireConstructor(ConstructorResolver.java:237) ~[spring-beans-6.1.8.jar:6.1.8]
	at org.springframework.beans.factory.support.AbstractAutowireCapableBeanFactory.autowireConstructor(AbstractAutowireCapableBeanFactory.java:1357) ~[spring-beans-6.1.8.jar:6.1.8]
	at org.springframework.beans.factory.support.AbstractAutowireCapableBeanFactory.createBeanInstance(AbstractAutowireCapableBeanFactory.java:1194) ~[spring-beans-6.1.8.jar:6.1.8]
	at org.springframework.beans.factory.support.AbstractAutowireCapableBeanFactory.doCreateBean(AbstractAutowireCapableBeanFactory.java:562) ~[spring-beans-6.1.8.jar:6.1.8]
	at org.springframework.beans.factory.support.AbstractAutowireCapableBeanFactory.createBean(AbstractAutowireCapableBeanFactory.java:522) ~[spring-beans-6.1.8.jar:6.1.8]
	at org.springframework.beans.factory.support.AbstractBeanFactory.lambda$doGetBean$0(AbstractBeanFactory.java:337) ~[spring-beans-6.1.8.jar:6.1.8]
	at org.springframework.beans.factory.support.DefaultSingletonBeanRegistry.getSingleton(DefaultSingletonBeanRegistry.java:234) ~[spring-beans-6.1.8.jar:6.1.8]
	at org.springframework.beans.factory.support.AbstractBeanFactory.doGetBean(AbstractBeanFactory.java:335) ~[spring-beans-6.1.8.jar:6.1.8]
	at org.springframework.beans.factory.support.AbstractBeanFactory.getBean(AbstractBeanFactory.java:200) ~[spring-beans-6.1.8.jar:6.1.8]
	at org.springframework.beans.factory.config.DependencyDescriptor.resolveCandidate(DependencyDescriptor.java:254) ~[spring-beans-6.1.8.jar:6.1.8]
	at org.springframework.beans.factory.support.DefaultListableBeanFactory.doResolveDependency(DefaultListableBeanFactory.java:1443) ~[spring-beans-6.1.8.jar:6.1.8]
	at org.springframework.beans.factory.support.DefaultListableBeanFactory.resolveDependency(DefaultListableBeanFactory.java:1353) ~[spring-beans-6.1.8.jar:6.1.8]
	at org.springframework.beans.factory.support.ConstructorResolver.resolveAutowiredArgument(ConstructorResolver.java:904) ~[spring-beans-6.1.8.jar:6.1.8]
	at org.springframework.beans.factory.support.ConstructorResolver.createArgumentArray(ConstructorResolver.java:782) ~[spring-beans-6.1.8.jar:6.1.8]
	at org.springframework.beans.factory.support.ConstructorResolver.autowireConstructor(ConstructorResolver.java:237) ~[spring-beans-6.1.8.jar:6.1.8]
	at org.springframework.beans.factory.support.AbstractAutowireCapableBeanFactory.autowireConstructor(AbstractAutowireCapableBeanFactory.java:1357) ~[spring-beans-6.1.8.jar:6.1.8]
	at org.springframework.beans.factory.support.AbstractAutowireCapableBeanFactory.createBeanInstance(AbstractAutowireCapableBeanFactory.java:1194) ~[spring-beans-6.1.8.jar:6.1.8]
	at org.springframework.beans.factory.support.AbstractAutowireCapableBeanFactory.doCreateBean(AbstractAutowireCapableBeanFactory.java:562) ~[spring-beans-6.1.8.jar:6.1.8]
	at org.springframework.beans.factory.support.AbstractAutowireCapableBeanFactory.createBean(AbstractAutowireCapableBeanFactory.java:522) ~[spring-beans-6.1.8.jar:6.1.8]
	at org.springframework.beans.factory.support.AbstractBeanFactory.lambda$doGetBean$0(AbstractBeanFactory.java:337) ~[spring-beans-6.1.8.jar:6.1.8]
	at org.springframework.beans.factory.support.DefaultSingletonBeanRegistry.getSingleton(DefaultSingletonBeanRegistry.java:234) ~[spring-beans-6.1.8.jar:6.1.8]
	at org.springframework.beans.factory.support.AbstractBeanFactory.doGetBean(AbstractBeanFactory.java:335) ~[spring-beans-6.1.8.jar:6.1.8]
	at org.springframework.beans.factory.support.AbstractBeanFactory.getBean(AbstractBeanFactory.java:205) ~[spring-beans-6.1.8.jar:6.1.8]
	at org.springframework.boot.web.servlet.ServletContextInitializerBeans.getOrderedBeansOfType(ServletContextInitializerBeans.java:211) ~[spring-boot-3.3.0.jar:3.3.0]
	at org.springframework.boot.web.servlet.ServletContextInitializerBeans.addAsRegistrationBean(ServletContextInitializerBeans.java:174) ~[spring-boot-3.3.0.jar:3.3.0]
	at org.springframework.boot.web.servlet.ServletContextInitializerBeans.addAsRegistrationBean(ServletContextInitializerBeans.java:169) ~[spring-boot-3.3.0.jar:3.3.0]
	at org.springframework.boot.web.servlet.ServletContextInitializerBeans.addAdaptableBeans(ServletContextInitializerBeans.java:154) ~[spring-boot-3.3.0.jar:3.3.0]
	at org.springframework.boot.web.servlet.ServletContextInitializerBeans.<init>(ServletContextInitializerBeans.java:87) ~[spring-boot-3.3.0.jar:3.3.0]
	at org.springframework.boot.web.servlet.context.ServletWebServerApplicationContext.getServletContextInitializerBeans(ServletWebServerApplicationContext.java:266) ~[spring-boot-3.3.0.jar:3.3.0]
	at org.springframework.boot.web.servlet.context.ServletWebServerApplicationContext.selfInitialize(ServletWebServerApplicationContext.java:240) ~[spring-boot-3.3.0.jar:3.3.0]
	at org.springframework.boot.web.embedded.tomcat.TomcatStarter.onStartup(TomcatStarter.java:52) ~[spring-boot-3.3.0.jar:3.3.0]
	at org.apache.catalina.core.StandardContext.startInternal(StandardContext.java:4414) ~[tomcat-embed-core-10.1.24.jar:10.1.24]
	at org.apache.catalina.util.LifecycleBase.start(LifecycleBase.java:171) ~[tomcat-embed-core-10.1.24.jar:10.1.24]
	at org.apache.catalina.core.ContainerBase$StartChild.call(ContainerBase.java:1203) ~[tomcat-embed-core-10.1.24.jar:10.1.24]
	at org.apache.catalina.core.ContainerBase$StartChild.call(ContainerBase.java:1193) ~[tomcat-embed-core-10.1.24.jar:10.1.24]
	at java.base/java.util.concurrent.FutureTask.run(FutureTask.java:317) ~[na:na]
	at org.apache.tomcat.util.threads.InlineExecutorService.execute(InlineExecutorService.java:75) ~[tomcat-embed-core-10.1.24.jar:10.1.24]
	at java.base/java.util.concurrent.AbstractExecutorService.submit(AbstractExecutorService.java:145) ~[na:na]
	at org.apache.catalina.core.ContainerBase.startInternal(ContainerBase.java:749) ~[tomcat-embed-core-10.1.24.jar:10.1.24]
	at org.apache.catalina.core.StandardHost.startInternal(StandardHost.java:772) ~[tomcat-embed-core-10.1.24.jar:10.1.24]
	at org.apache.catalina.util.LifecycleBase.start(LifecycleBase.java:171) ~[tomcat-embed-core-10.1.24.jar:10.1.24]
	at org.apache.catalina.core.ContainerBase$StartChild.call(ContainerBase.java:1203) ~[tomcat-embed-core-10.1.24.jar:10.1.24]
	at org.apache.catalina.core.ContainerBase$StartChild.call(ContainerBase.java:1193) ~[tomcat-embed-core-10.1.24.jar:10.1.24]
	at java.base/java.util.concurrent.FutureTask.run(FutureTask.java:317) ~[na:na]
	at org.apache.tomcat.util.threads.InlineExecutorService.execute(InlineExecutorService.java:75) ~[tomcat-embed-core-10.1.24.jar:10.1.24]
	at java.base/java.util.concurrent.AbstractExecutorService.submit(AbstractExecutorService.java:145) ~[na:na]
	at org.apache.catalina.core.ContainerBase.startInternal(ContainerBase.java:749) ~[tomcat-embed-core-10.1.24.jar:10.1.24]
	at org.apache.catalina.core.StandardEngine.startInternal(StandardEngine.java:203) ~[tomcat-embed-core-10.1.24.jar:10.1.24]
	at org.apache.catalina.util.LifecycleBase.start(LifecycleBase.java:171) ~[tomcat-embed-core-10.1.24.jar:10.1.24]
	at org.apache.catalina.core.StandardService.startInternal(StandardService.java:415) ~[tomcat-embed-core-10.1.24.jar:10.1.24]
	at org.apache.catalina.util.LifecycleBase.start(LifecycleBase.java:171) ~[tomcat-embed-core-10.1.24.jar:10.1.24]
	at org.apache.catalina.core.StandardServer.startInternal(StandardServer.java:874) ~[tomcat-embed-core-10.1.24.jar:10.1.24]
	at org.apache.catalina.util.LifecycleBase.start(LifecycleBase.java:171) ~[tomcat-embed-core-10.1.24.jar:10.1.24]
	at org.apache.catalina.startup.Tomcat.start(Tomcat.java:437) ~[tomcat-embed-core-10.1.24.jar:10.1.24]
	at org.springframework.boot.web.embedded.tomcat.TomcatWebServer.initialize(TomcatWebServer.java:128) ~[spring-boot-3.3.0.jar:3.3.0]
	at org.springframework.boot.web.embedded.tomcat.TomcatWebServer.<init>(TomcatWebServer.java:107) ~[spring-boot-3.3.0.jar:3.3.0]
	at org.springframework.boot.web.embedded.tomcat.TomcatServletWebServerFactory.getTomcatWebServer(TomcatServletWebServerFactory.java:516) ~[spring-boot-3.3.0.jar:3.3.0]
	at org.springframework.boot.web.embedded.tomcat.TomcatServletWebServerFactory.getWebServer(TomcatServletWebServerFactory.java:222) ~[spring-boot-3.3.0.jar:3.3.0]
	at org.springframework.boot.web.servlet.context.ServletWebServerApplicationContext.createWebServer(ServletWebServerApplicationContext.java:188) ~[spring-boot-3.3.0.jar:3.3.0]
	at org.springframework.boot.web.servlet.context.ServletWebServerApplicationContext.onRefresh(ServletWebServerApplicationContext.java:162) ~[spring-boot-3.3.0.jar:3.3.0]
	at org.springframework.context.support.AbstractApplicationContext.refresh(AbstractApplicationContext.java:618) ~[spring-context-6.1.8.jar:6.1.8]
	at org.springframework.boot.web.servlet.context.ServletWebServerApplicationContext.refresh(ServletWebServerApplicationContext.java:146) ~[spring-boot-3.3.0.jar:3.3.0]
	at org.springframework.boot.SpringApplication.refresh(SpringApplication.java:754) ~[spring-boot-3.3.0.jar:3.3.0]
	at org.springframework.boot.SpringApplication.refreshContext(SpringApplication.java:456) ~[spring-boot-3.3.0.jar:3.3.0]
	at org.springframework.boot.SpringApplication.run(SpringApplication.java:335) ~[spring-boot-3.3.0.jar:3.3.0]
	at org.springframework.boot.SpringApplication.run(SpringApplication.java:1363) ~[spring-boot-3.3.0.jar:3.3.0]
	at org.springframework.boot.SpringApplication.run(SpringApplication.java:1352) ~[spring-boot-3.3.0.jar:3.3.0]
	at com.kce.project.SchoolServiceApplication.main(SchoolServiceApplication.java:11) ~[classes/:na]
Caused by: java.sql.SQLSyntaxErrorException: ORA-00942: table or view does not exist

	at oracle.jdbc.driver.T4CTTIoer11.processError(T4CTTIoer11.java:629) ~[ojdbc11-21.9.0.0.jar:21.9.0.0.0]
	at oracle.jdbc.driver.T4CTTIoer11.processError(T4CTTIoer11.java:563) ~[ojdbc11-21.9.0.0.jar:21.9.0.0.0]
	at oracle.jdbc.driver.T4C8Oall.processError(T4C8Oall.java:1230) ~[ojdbc11-21.9.0.0.jar:21.9.0.0.0]
	at oracle.jdbc.driver.T4CTTIfun.receive(T4CTTIfun.java:771) ~[ojdbc11-21.9.0.0.jar:21.9.0.0.0]
	at oracle.jdbc.driver.T4CTTIfun.doRPC(T4CTTIfun.java:298) ~[ojdbc11-21.9.0.0.jar:21.9.0.0.0]
	at oracle.jdbc.driver.T4C8Oall.doOALL(T4C8Oall.java:511) ~[ojdbc11-21.9.0.0.jar:21.9.0.0.0]
	at oracle.jdbc.driver.T4CStatement.doOall8(T4CStatement.java:122) ~[ojdbc11-21.9.0.0.jar:21.9.0.0.0]
	at oracle.jdbc.driver.T4CStatement.executeForRows(T4CStatement.java:1199) ~[ojdbc11-21.9.0.0.jar:21.9.0.0.0]
	at oracle.jdbc.driver.OracleStatement.executeSQLStatement(OracleStatement.java:1819) ~[ojdbc11-21.9.0.0.jar:21.9.0.0.0]
	at oracle.jdbc.driver.OracleStatement.doExecuteWithTimeout(OracleStatement.java:1471) ~[ojdbc11-21.9.0.0.jar:21.9.0.0.0]
	at oracle.jdbc.driver.OracleStatement.executeInternal(OracleStatement.java:2504) ~[ojdbc11-21.9.0.0.jar:21.9.0.0.0]
	at oracle.jdbc.driver.OracleStatement.execute(OracleStatement.java:2459) ~[ojdbc11-21.9.0.0.jar:21.9.0.0.0]
	at oracle.jdbc.driver.OracleStatementWrapper.execute(OracleStatementWrapper.java:327) ~[ojdbc11-21.9.0.0.jar:21.9.0.0.0]
	at com.zaxxer.hikari.pool.ProxyStatement.execute(ProxyStatement.java:94) ~[HikariCP-5.1.0.jar:na]
	at com.zaxxer.hikari.pool.HikariProxyStatement.execute(HikariProxyStatement.java) ~[HikariCP-5.1.0.jar:na]
	at org.hibernate.tool.schema.internal.exec.GenerationTargetToDatabase.accept(GenerationTargetToDatabase.java:80) ~[hibernate-core-6.5.2.Final.jar:6.5.2.Final]
	... 122 common frames omitted
Caused by: oracle.jdbc.OracleDatabaseException: ORA-00942: table or view does not exist

	at oracle.jdbc.driver.T4CTTIoer11.processError(T4CTTIoer11.java:636) ~[ojdbc11-21.9.0.0.jar:21.9.0.0.0]
	... 137 common frames omitted

Hibernate: alter table student_progress add constraint FKo0ptk24xm7njb9nbhsjldncrl foreign key (student_id) references students
2026-08-13T11:59:41.987+05:30  WARN 14516 --- [school-service] [           main] o.h.t.s.i.ExceptionHandlerLoggedImpl     : GenerationTarget encountered exception accepting command : Error executing DDL "alter table student_progress add constraint FKo0ptk24xm7njb9nbhsjldncrl foreign key (student_id) references students" via JDBC [ORA-00942: table or view does not exist
]

org.hibernate.tool.schema.spi.CommandAcceptanceException: Error executing DDL "alter table student_progress add constraint FKo0ptk24xm7njb9nbhsjldncrl foreign key (student_id) references students" via JDBC [ORA-00942: table or view does not exist
]
	at org.hibernate.tool.schema.internal.exec.GenerationTargetToDatabase.accept(GenerationTargetToDatabase.java:94) ~[hibernate-core-6.5.2.Final.jar:6.5.2.Final]
	at org.hibernate.tool.schema.internal.AbstractSchemaMigrator.applySqlString(AbstractSchemaMigrator.java:575) ~[hibernate-core-6.5.2.Final.jar:6.5.2.Final]
	at org.hibernate.tool.schema.internal.AbstractSchemaMigrator.applySqlStrings(AbstractSchemaMigrator.java:515) ~[hibernate-core-6.5.2.Final.jar:6.5.2.Final]
	at org.hibernate.tool.schema.internal.AbstractSchemaMigrator.applyForeignKeys(AbstractSchemaMigrator.java:447) ~[hibernate-core-6.5.2.Final.jar:6.5.2.Final]
	at org.hibernate.tool.schema.internal.AbstractSchemaMigrator.performMigration(AbstractSchemaMigrator.java:268) ~[hibernate-core-6.5.2.Final.jar:6.5.2.Final]
	at org.hibernate.tool.schema.internal.AbstractSchemaMigrator.doMigration(AbstractSchemaMigrator.java:117) ~[hibernate-core-6.5.2.Final.jar:6.5.2.Final]
	at org.hibernate.tool.schema.spi.SchemaManagementToolCoordinator.performDatabaseAction(SchemaManagementToolCoordinator.java:280) ~[hibernate-core-6.5.2.Final.jar:6.5.2.Final]
	at org.hibernate.tool.schema.spi.SchemaManagementToolCoordinator.lambda$process$5(SchemaManagementToolCoordinator.java:144) ~[hibernate-core-6.5.2.Final.jar:6.5.2.Final]
	at java.base/java.util.HashMap.forEach(HashMap.java:1429) ~[na:na]
	at org.hibernate.tool.schema.spi.SchemaManagementToolCoordinator.process(SchemaManagementToolCoordinator.java:141) ~[hibernate-core-6.5.2.Final.jar:6.5.2.Final]
	at org.hibernate.boot.internal.SessionFactoryObserverForSchemaExport.sessionFactoryCreated(SessionFactoryObserverForSchemaExport.java:37) ~[hibernate-core-6.5.2.Final.jar:6.5.2.Final]
	at org.hibernate.internal.SessionFactoryObserverChain.sessionFactoryCreated(SessionFactoryObserverChain.java:35) ~[hibernate-core-6.5.2.Final.jar:6.5.2.Final]
	at org.hibernate.internal.SessionFactoryImpl.<init>(SessionFactoryImpl.java:322) ~[hibernate-core-6.5.2.Final.jar:6.5.2.Final]
	at org.hibernate.boot.internal.SessionFactoryBuilderImpl.build(SessionFactoryBuilderImpl.java:457) ~[hibernate-core-6.5.2.Final.jar:6.5.2.Final]
	at org.hibernate.jpa.boot.internal.EntityManagerFactoryBuilderImpl.build(EntityManagerFactoryBuilderImpl.java:1506) ~[hibernate-core-6.5.2.Final.jar:6.5.2.Final]
	at org.springframework.orm.jpa.vendor.SpringHibernateJpaPersistenceProvider.createContainerEntityManagerFactory(SpringHibernateJpaPersistenceProvider.java:75) ~[spring-orm-6.1.8.jar:6.1.8]
	at org.springframework.orm.jpa.LocalContainerEntityManagerFactoryBean.createNativeEntityManagerFactory(LocalContainerEntityManagerFactoryBean.java:390) ~[spring-orm-6.1.8.jar:6.1.8]
	at org.springframework.orm.jpa.AbstractEntityManagerFactoryBean.buildNativeEntityManagerFactory(AbstractEntityManagerFactoryBean.java:409) ~[spring-orm-6.1.8.jar:6.1.8]
	at org.springframework.orm.jpa.AbstractEntityManagerFactoryBean.afterPropertiesSet(AbstractEntityManagerFactoryBean.java:396) ~[spring-orm-6.1.8.jar:6.1.8]
	at org.springframework.orm.jpa.LocalContainerEntityManagerFactoryBean.afterPropertiesSet(LocalContainerEntityManagerFactoryBean.java:366) ~[spring-orm-6.1.8.jar:6.1.8]
	at org.springframework.beans.factory.support.AbstractAutowireCapableBeanFactory.invokeInitMethods(AbstractAutowireCapableBeanFactory.java:1835) ~[spring-beans-6.1.8.jar:6.1.8]
	at org.springframework.beans.factory.support.AbstractAutowireCapableBeanFactory.initializeBean(AbstractAutowireCapableBeanFactory.java:1784) ~[spring-beans-6.1.8.jar:6.1.8]
	at org.springframework.beans.factory.support.AbstractAutowireCapableBeanFactory.doCreateBean(AbstractAutowireCapableBeanFactory.java:600) ~[spring-beans-6.1.8.jar:6.1.8]
	at org.springframework.beans.factory.support.AbstractAutowireCapableBeanFactory.createBean(AbstractAutowireCapableBeanFactory.java:522) ~[spring-beans-6.1.8.jar:6.1.8]
	at org.springframework.beans.factory.support.AbstractBeanFactory.lambda$doGetBean$0(AbstractBeanFactory.java:337) ~[spring-beans-6.1.8.jar:6.1.8]
	at org.springframework.beans.factory.support.DefaultSingletonBeanRegistry.getSingleton(DefaultSingletonBeanRegistry.java:234) ~[spring-beans-6.1.8.jar:6.1.8]
	at org.springframework.beans.factory.support.AbstractBeanFactory.doGetBean(AbstractBeanFactory.java:335) ~[spring-beans-6.1.8.jar:6.1.8]
	at org.springframework.beans.factory.support.AbstractBeanFactory.getBean(AbstractBeanFactory.java:200) ~[spring-beans-6.1.8.jar:6.1.8]
	at org.springframework.beans.factory.support.BeanDefinitionValueResolver.resolveReference(BeanDefinitionValueResolver.java:365) ~[spring-beans-6.1.8.jar:6.1.8]
	at org.springframework.beans.factory.support.BeanDefinitionValueResolver.resolveValueIfNecessary(BeanDefinitionValueResolver.java:135) ~[spring-beans-6.1.8.jar:6.1.8]
	at org.springframework.beans.factory.support.ConstructorResolver.resolveConstructorArguments(ConstructorResolver.java:682) ~[spring-beans-6.1.8.jar:6.1.8]
	at org.springframework.beans.factory.support.ConstructorResolver.instantiateUsingFactoryMethod(ConstructorResolver.java:509) ~[spring-beans-6.1.8.jar:6.1.8]
	at org.springframework.beans.factory.support.AbstractAutowireCapableBeanFactory.instantiateUsingFactoryMethod(AbstractAutowireCapableBeanFactory.java:1337) ~[spring-beans-6.1.8.jar:6.1.8]
	at org.springframework.beans.factory.support.AbstractAutowireCapableBeanFactory.createBeanInstance(AbstractAutowireCapableBeanFactory.java:1167) ~[spring-beans-6.1.8.jar:6.1.8]
	at org.springframework.beans.factory.support.AbstractAutowireCapableBeanFactory.doCreateBean(AbstractAutowireCapableBeanFactory.java:562) ~[spring-beans-6.1.8.jar:6.1.8]
	at org.springframework.beans.factory.support.AbstractAutowireCapableBeanFactory.createBean(AbstractAutowireCapableBeanFactory.java:522) ~[spring-beans-6.1.8.jar:6.1.8]
	at org.springframework.beans.factory.support.AbstractBeanFactory.lambda$doGetBean$0(AbstractBeanFactory.java:337) ~[spring-beans-6.1.8.jar:6.1.8]
	at org.springframework.beans.factory.support.DefaultSingletonBeanRegistry.getSingleton(DefaultSingletonBeanRegistry.java:234) ~[spring-beans-6.1.8.jar:6.1.8]
	at org.springframework.beans.factory.support.AbstractBeanFactory.doGetBean(AbstractBeanFactory.java:335) ~[spring-beans-6.1.8.jar:6.1.8]
	at org.springframework.beans.factory.support.AbstractBeanFactory.getBean(AbstractBeanFactory.java:200) ~[spring-beans-6.1.8.jar:6.1.8]
	at org.springframework.beans.factory.support.BeanDefinitionValueResolver.resolveReference(BeanDefinitionValueResolver.java:365) ~[spring-beans-6.1.8.jar:6.1.8]
	at org.springframework.beans.factory.support.BeanDefinitionValueResolver.resolveValueIfNecessary(BeanDefinitionValueResolver.java:135) ~[spring-beans-6.1.8.jar:6.1.8]
	at org.springframework.beans.factory.support.AbstractAutowireCapableBeanFactory.applyPropertyValues(AbstractAutowireCapableBeanFactory.java:1687) ~[spring-beans-6.1.8.jar:6.1.8]
	at org.springframework.beans.factory.support.AbstractAutowireCapableBeanFactory.populateBean(AbstractAutowireCapableBeanFactory.java:1436) ~[spring-beans-6.1.8.jar:6.1.8]
	at org.springframework.beans.factory.support.AbstractAutowireCapableBeanFactory.doCreateBean(AbstractAutowireCapableBeanFactory.java:599) ~[spring-beans-6.1.8.jar:6.1.8]
	at org.springframework.beans.factory.support.AbstractAutowireCapableBeanFactory.createBean(AbstractAutowireCapableBeanFactory.java:522) ~[spring-beans-6.1.8.jar:6.1.8]
	at org.springframework.beans.factory.support.AbstractBeanFactory.lambda$doGetBean$0(AbstractBeanFactory.java:337) ~[spring-beans-6.1.8.jar:6.1.8]
	at org.springframework.beans.factory.support.DefaultSingletonBeanRegistry.getSingleton(DefaultSingletonBeanRegistry.java:234) ~[spring-beans-6.1.8.jar:6.1.8]
	at org.springframework.beans.factory.support.AbstractBeanFactory.doGetBean(AbstractBeanFactory.java:335) ~[spring-beans-6.1.8.jar:6.1.8]
	at org.springframework.beans.factory.support.AbstractBeanFactory.getBean(AbstractBeanFactory.java:200) ~[spring-beans-6.1.8.jar:6.1.8]
	at org.springframework.beans.factory.config.DependencyDescriptor.resolveCandidate(DependencyDescriptor.java:254) ~[spring-beans-6.1.8.jar:6.1.8]
	at org.springframework.beans.factory.support.DefaultListableBeanFactory.doResolveDependency(DefaultListableBeanFactory.java:1443) ~[spring-beans-6.1.8.jar:6.1.8]
	at org.springframework.beans.factory.support.DefaultListableBeanFactory.resolveDependency(DefaultListableBeanFactory.java:1353) ~[spring-beans-6.1.8.jar:6.1.8]
	at org.springframework.beans.factory.support.ConstructorResolver.resolveAutowiredArgument(ConstructorResolver.java:904) ~[spring-beans-6.1.8.jar:6.1.8]
	at org.springframework.beans.factory.support.ConstructorResolver.createArgumentArray(ConstructorResolver.java:782) ~[spring-beans-6.1.8.jar:6.1.8]
	at org.springframework.beans.factory.support.ConstructorResolver.autowireConstructor(ConstructorResolver.java:237) ~[spring-beans-6.1.8.jar:6.1.8]
	at org.springframework.beans.factory.support.AbstractAutowireCapableBeanFactory.autowireConstructor(AbstractAutowireCapableBeanFactory.java:1357) ~[spring-beans-6.1.8.jar:6.1.8]
	at org.springframework.beans.factory.support.AbstractAutowireCapableBeanFactory.createBeanInstance(AbstractAutowireCapableBeanFactory.java:1194) ~[spring-beans-6.1.8.jar:6.1.8]
	at org.springframework.beans.factory.support.AbstractAutowireCapableBeanFactory.doCreateBean(AbstractAutowireCapableBeanFactory.java:562) ~[spring-beans-6.1.8.jar:6.1.8]
	at org.springframework.beans.factory.support.AbstractAutowireCapableBeanFactory.createBean(AbstractAutowireCapableBeanFactory.java:522) ~[spring-beans-6.1.8.jar:6.1.8]
	at org.springframework.beans.factory.support.AbstractBeanFactory.lambda$doGetBean$0(AbstractBeanFactory.java:337) ~[spring-beans-6.1.8.jar:6.1.8]
	at org.springframework.beans.factory.support.DefaultSingletonBeanRegistry.getSingleton(DefaultSingletonBeanRegistry.java:234) ~[spring-beans-6.1.8.jar:6.1.8]
	at org.springframework.beans.factory.support.AbstractBeanFactory.doGetBean(AbstractBeanFactory.java:335) ~[spring-beans-6.1.8.jar:6.1.8]
	at org.springframework.beans.factory.support.AbstractBeanFactory.getBean(AbstractBeanFactory.java:200) ~[spring-beans-6.1.8.jar:6.1.8]
	at org.springframework.beans.factory.config.DependencyDescriptor.resolveCandidate(DependencyDescriptor.java:254) ~[spring-beans-6.1.8.jar:6.1.8]
	at org.springframework.beans.factory.support.DefaultListableBeanFactory.doResolveDependency(DefaultListableBeanFactory.java:1443) ~[spring-beans-6.1.8.jar:6.1.8]
	at org.springframework.beans.factory.support.DefaultListableBeanFactory.resolveDependency(DefaultListableBeanFactory.java:1353) ~[spring-beans-6.1.8.jar:6.1.8]
	at org.springframework.beans.factory.support.ConstructorResolver.resolveAutowiredArgument(ConstructorResolver.java:904) ~[spring-beans-6.1.8.jar:6.1.8]
	at org.springframework.beans.factory.support.ConstructorResolver.createArgumentArray(ConstructorResolver.java:782) ~[spring-beans-6.1.8.jar:6.1.8]
	at org.springframework.beans.factory.support.ConstructorResolver.autowireConstructor(ConstructorResolver.java:237) ~[spring-beans-6.1.8.jar:6.1.8]
	at org.springframework.beans.factory.support.AbstractAutowireCapableBeanFactory.autowireConstructor(AbstractAutowireCapableBeanFactory.java:1357) ~[spring-beans-6.1.8.jar:6.1.8]
	at org.springframework.beans.factory.support.AbstractAutowireCapableBeanFactory.createBeanInstance(AbstractAutowireCapableBeanFactory.java:1194) ~[spring-beans-6.1.8.jar:6.1.8]
	at org.springframework.beans.factory.support.AbstractAutowireCapableBeanFactory.doCreateBean(AbstractAutowireCapableBeanFactory.java:562) ~[spring-beans-6.1.8.jar:6.1.8]
	at org.springframework.beans.factory.support.AbstractAutowireCapableBeanFactory.createBean(AbstractAutowireCapableBeanFactory.java:522) ~[spring-beans-6.1.8.jar:6.1.8]
	at org.springframework.beans.factory.support.AbstractBeanFactory.lambda$doGetBean$0(AbstractBeanFactory.java:337) ~[spring-beans-6.1.8.jar:6.1.8]
	at org.springframework.beans.factory.support.DefaultSingletonBeanRegistry.getSingleton(DefaultSingletonBeanRegistry.java:234) ~[spring-beans-6.1.8.jar:6.1.8]
	at org.springframework.beans.factory.support.AbstractBeanFactory.doGetBean(AbstractBeanFactory.java:335) ~[spring-beans-6.1.8.jar:6.1.8]
	at org.springframework.beans.factory.support.AbstractBeanFactory.getBean(AbstractBeanFactory.java:205) ~[spring-beans-6.1.8.jar:6.1.8]
	at org.springframework.boot.web.servlet.ServletContextInitializerBeans.getOrderedBeansOfType(ServletContextInitializerBeans.java:211) ~[spring-boot-3.3.0.jar:3.3.0]
	at org.springframework.boot.web.servlet.ServletContextInitializerBeans.addAsRegistrationBean(ServletContextInitializerBeans.java:174) ~[spring-boot-3.3.0.jar:3.3.0]
	at org.springframework.boot.web.servlet.ServletContextInitializerBeans.addAsRegistrationBean(ServletContextInitializerBeans.java:169) ~[spring-boot-3.3.0.jar:3.3.0]
	at org.springframework.boot.web.servlet.ServletContextInitializerBeans.addAdaptableBeans(ServletContextInitializerBeans.java:154) ~[spring-boot-3.3.0.jar:3.3.0]
	at org.springframework.boot.web.servlet.ServletContextInitializerBeans.<init>(ServletContextInitializerBeans.java:87) ~[spring-boot-3.3.0.jar:3.3.0]
	at org.springframework.boot.web.servlet.context.ServletWebServerApplicationContext.getServletContextInitializerBeans(ServletWebServerApplicationContext.java:266) ~[spring-boot-3.3.0.jar:3.3.0]
	at org.springframework.boot.web.servlet.context.ServletWebServerApplicationContext.selfInitialize(ServletWebServerApplicationContext.java:240) ~[spring-boot-3.3.0.jar:3.3.0]
	at org.springframework.boot.web.embedded.tomcat.TomcatStarter.onStartup(TomcatStarter.java:52) ~[spring-boot-3.3.0.jar:3.3.0]
	at org.apache.catalina.core.StandardContext.startInternal(StandardContext.java:4414) ~[tomcat-embed-core-10.1.24.jar:10.1.24]
	at org.apache.catalina.util.LifecycleBase.start(LifecycleBase.java:171) ~[tomcat-embed-core-10.1.24.jar:10.1.24]
	at org.apache.catalina.core.ContainerBase$StartChild.call(ContainerBase.java:1203) ~[tomcat-embed-core-10.1.24.jar:10.1.24]
	at org.apache.catalina.core.ContainerBase$StartChild.call(ContainerBase.java:1193) ~[tomcat-embed-core-10.1.24.jar:10.1.24]
	at java.base/java.util.concurrent.FutureTask.run(FutureTask.java:317) ~[na:na]
	at org.apache.tomcat.util.threads.InlineExecutorService.execute(InlineExecutorService.java:75) ~[tomcat-embed-core-10.1.24.jar:10.1.24]
	at java.base/java.util.concurrent.AbstractExecutorService.submit(AbstractExecutorService.java:145) ~[na:na]
	at org.apache.catalina.core.ContainerBase.startInternal(ContainerBase.java:749) ~[tomcat-embed-core-10.1.24.jar:10.1.24]
	at org.apache.catalina.core.StandardHost.startInternal(StandardHost.java:772) ~[tomcat-embed-core-10.1.24.jar:10.1.24]
	at org.apache.catalina.util.LifecycleBase.start(LifecycleBase.java:171) ~[tomcat-embed-core-10.1.24.jar:10.1.24]
	at org.apache.catalina.core.ContainerBase$StartChild.call(ContainerBase.java:1203) ~[tomcat-embed-core-10.1.24.jar:10.1.24]
	at org.apache.catalina.core.ContainerBase$StartChild.call(ContainerBase.java:1193) ~[tomcat-embed-core-10.1.24.jar:10.1.24]
	at java.base/java.util.concurrent.FutureTask.run(FutureTask.java:317) ~[na:na]
	at org.apache.tomcat.util.threads.InlineExecutorService.execute(InlineExecutorService.java:75) ~[tomcat-embed-core-10.1.24.jar:10.1.24]
	at java.base/java.util.concurrent.AbstractExecutorService.submit(AbstractExecutorService.java:145) ~[na:na]
	at org.apache.catalina.core.ContainerBase.startInternal(ContainerBase.java:749) ~[tomcat-embed-core-10.1.24.jar:10.1.24]
	at org.apache.catalina.core.StandardEngine.startInternal(StandardEngine.java:203) ~[tomcat-embed-core-10.1.24.jar:10.1.24]
	at org.apache.catalina.util.LifecycleBase.start(LifecycleBase.java:171) ~[tomcat-embed-core-10.1.24.jar:10.1.24]
	at org.apache.catalina.core.StandardService.startInternal(StandardService.java:415) ~[tomcat-embed-core-10.1.24.jar:10.1.24]
	at org.apache.catalina.util.LifecycleBase.start(LifecycleBase.java:171) ~[tomcat-embed-core-10.1.24.jar:10.1.24]
	at org.apache.catalina.core.StandardServer.startInternal(StandardServer.java:874) ~[tomcat-embed-core-10.1.24.jar:10.1.24]
	at org.apache.catalina.util.LifecycleBase.start(LifecycleBase.java:171) ~[tomcat-embed-core-10.1.24.jar:10.1.24]
	at org.apache.catalina.startup.Tomcat.start(Tomcat.java:437) ~[tomcat-embed-core-10.1.24.jar:10.1.24]
	at org.springframework.boot.web.embedded.tomcat.TomcatWebServer.initialize(TomcatWebServer.java:128) ~[spring-boot-3.3.0.jar:3.3.0]
	at org.springframework.boot.web.embedded.tomcat.TomcatWebServer.<init>(TomcatWebServer.java:107) ~[spring-boot-3.3.0.jar:3.3.0]
	at org.springframework.boot.web.embedded.tomcat.TomcatServletWebServerFactory.getTomcatWebServer(TomcatServletWebServerFactory.java:516) ~[spring-boot-3.3.0.jar:3.3.0]
	at org.springframework.boot.web.embedded.tomcat.TomcatServletWebServerFactory.getWebServer(TomcatServletWebServerFactory.java:222) ~[spring-boot-3.3.0.jar:3.3.0]
	at org.springframework.boot.web.servlet.context.ServletWebServerApplicationContext.createWebServer(ServletWebServerApplicationContext.java:188) ~[spring-boot-3.3.0.jar:3.3.0]
	at org.springframework.boot.web.servlet.context.ServletWebServerApplicationContext.onRefresh(ServletWebServerApplicationContext.java:162) ~[spring-boot-3.3.0.jar:3.3.0]
	at org.springframework.context.support.AbstractApplicationContext.refresh(AbstractApplicationContext.java:618) ~[spring-context-6.1.8.jar:6.1.8]
	at org.springframework.boot.web.servlet.context.ServletWebServerApplicationContext.refresh(ServletWebServerApplicationContext.java:146) ~[spring-boot-3.3.0.jar:3.3.0]
	at org.springframework.boot.SpringApplication.refresh(SpringApplication.java:754) ~[spring-boot-3.3.0.jar:3.3.0]
	at org.springframework.boot.SpringApplication.refreshContext(SpringApplication.java:456) ~[spring-boot-3.3.0.jar:3.3.0]
	at org.springframework.boot.SpringApplication.run(SpringApplication.java:335) ~[spring-boot-3.3.0.jar:3.3.0]
	at org.springframework.boot.SpringApplication.run(SpringApplication.java:1363) ~[spring-boot-3.3.0.jar:3.3.0]
	at org.springframework.boot.SpringApplication.run(SpringApplication.java:1352) ~[spring-boot-3.3.0.jar:3.3.0]
	at com.kce.project.SchoolServiceApplication.main(SchoolServiceApplication.java:11) ~[classes/:na]
Caused by: java.sql.SQLSyntaxErrorException: ORA-00942: table or view does not exist

	at oracle.jdbc.driver.T4CTTIoer11.processError(T4CTTIoer11.java:629) ~[ojdbc11-21.9.0.0.jar:21.9.0.0.0]
	at oracle.jdbc.driver.T4CTTIoer11.processError(T4CTTIoer11.java:563) ~[ojdbc11-21.9.0.0.jar:21.9.0.0.0]
	at oracle.jdbc.driver.T4C8Oall.processError(T4C8Oall.java:1230) ~[ojdbc11-21.9.0.0.jar:21.9.0.0.0]
	at oracle.jdbc.driver.T4CTTIfun.receive(T4CTTIfun.java:771) ~[ojdbc11-21.9.0.0.jar:21.9.0.0.0]
	at oracle.jdbc.driver.T4CTTIfun.doRPC(T4CTTIfun.java:298) ~[ojdbc11-21.9.0.0.jar:21.9.0.0.0]
	at oracle.jdbc.driver.T4C8Oall.doOALL(T4C8Oall.java:511) ~[ojdbc11-21.9.0.0.jar:21.9.0.0.0]
	at oracle.jdbc.driver.T4CStatement.doOall8(T4CStatement.java:122) ~[ojdbc11-21.9.0.0.jar:21.9.0.0.0]
	at oracle.jdbc.driver.T4CStatement.executeForRows(T4CStatement.java:1199) ~[ojdbc11-21.9.0.0.jar:21.9.0.0.0]
	at oracle.jdbc.driver.OracleStatement.executeSQLStatement(OracleStatement.java:1819) ~[ojdbc11-21.9.0.0.jar:21.9.0.0.0]
	at oracle.jdbc.driver.OracleStatement.doExecuteWithTimeout(OracleStatement.java:1471) ~[ojdbc11-21.9.0.0.jar:21.9.0.0.0]
	at oracle.jdbc.driver.OracleStatement.executeInternal(OracleStatement.java:2504) ~[ojdbc11-21.9.0.0.jar:21.9.0.0.0]
	at oracle.jdbc.driver.OracleStatement.execute(OracleStatement.java:2459) ~[ojdbc11-21.9.0.0.jar:21.9.0.0.0]
	at oracle.jdbc.driver.OracleStatementWrapper.execute(OracleStatementWrapper.java:327) ~[ojdbc11-21.9.0.0.jar:21.9.0.0.0]
	at com.zaxxer.hikari.pool.ProxyStatement.execute(ProxyStatement.java:94) ~[HikariCP-5.1.0.jar:na]
	at com.zaxxer.hikari.pool.HikariProxyStatement.execute(HikariProxyStatement.java) ~[HikariCP-5.1.0.jar:na]
	at org.hibernate.tool.schema.internal.exec.GenerationTargetToDatabase.accept(GenerationTargetToDatabase.java:80) ~[hibernate-core-6.5.2.Final.jar:6.5.2.Final]
	... 122 common frames omitted
Caused by: oracle.jdbc.OracleDatabaseException: ORA-00942: table or view does not exist

	at oracle.jdbc.driver.T4CTTIoer11.processError(T4CTTIoer11.java:636) ~[ojdbc11-21.9.0.0.jar:21.9.0.0.0]
	... 137 common frames omitted

2026-08-13T11:59:42.421+05:30  INFO 14516 --- [school-service] [           main] j.LocalContainerEntityManagerFactoryBean : Initialized JPA EntityManagerFactory for persistence unit 'default'
2026-08-13T11:59:43.918+05:30  INFO 14516 --- [school-service] [           main] o.s.d.j.r.query.QueryEnhancerFactory     : Hibernate is in classpath; If applicable, HQL parser will be used.
2026-08-13T11:59:46.330+05:30  INFO 14516 --- [school-service] [           main] eAuthenticationProviderManagerConfigurer : Global AuthenticationManager configured with AuthenticationProvider bean with name authenticationProvider
2026-08-13T11:59:46.333+05:30  WARN 14516 --- [school-service] [           main] r$InitializeUserDetailsManagerConfigurer : Global AuthenticationManager configured with an AuthenticationProvider bean. UserDetailsService beans will not be used for username/password login. Consider removing the AuthenticationProvider bean. Alternatively, consider using the UserDetailsService in a manually instantiated DaoAuthenticationProvider.
2026-08-13T11:59:47.402+05:30  INFO 14516 --- [school-service] [           main] o.s.s.web.DefaultSecurityFilterChain     : Will secure any request with [org.springframework.security.web.session.DisableEncodeUrlFilter@496a514f, org.springframework.security.web.context.request.async.WebAsyncManagerIntegrationFilter@430e9d37, org.springframework.security.web.context.SecurityContextHolderFilter@19a652cd, org.springframework.security.web.header.HeaderWriterFilter@2de4045a, org.springframework.security.web.authentication.logout.LogoutFilter@1858f93e, com.kce.project.security.jwt.JwtAuthenticationFilter@784fb189, org.springframework.security.web.savedrequest.RequestCacheAwareFilter@23867b97, org.springframework.security.web.servletapi.SecurityContextHolderAwareRequestFilter@78cb1a92, org.springframework.security.web.authentication.AnonymousAuthenticationFilter@4968deb9, org.springframework.security.web.session.SessionManagementFilter@5cbb2b1d, org.springframework.security.web.access.ExceptionTranslationFilter@3f2cc8ab, org.springframework.security.web.access.intercept.AuthorizationFilter@20b54b6e]
2026-08-13T11:59:49.075+05:30  INFO 14516 --- [school-service] [           main] DiscoveryClientOptionalArgsConfiguration : Eureka HTTP Client uses RestTemplate.
2026-08-13T11:59:49.260+05:30  WARN 14516 --- [school-service] [           main] iguration$LoadBalancerCaffeineWarnLogger : Spring Cloud LoadBalancer is currently working with the default cache. While this cache implementation is useful for development and tests, it's recommended to use Caffeine cache in production.You can switch to using Caffeine cache, by adding it and org.springframework.cache.caffeine.CaffeineCacheManager to the classpath.
2026-08-13T11:59:49.507+05:30  INFO 14516 --- [school-service] [           main] o.s.c.n.eureka.InstanceInfoFactory       : Setting initial instance status as: STARTING
2026-08-13T11:59:49.594+05:30  INFO 14516 --- [school-service] [           main] com.netflix.discovery.DiscoveryClient    : Initializing Eureka in region us-east-1
2026-08-13T11:59:49.612+05:30  INFO 14516 --- [school-service] [           main] c.n.d.s.r.aws.ConfigClusterResolver      : Resolving eureka endpoints via configuration
2026-08-13T11:59:49.638+05:30  INFO 14516 --- [school-service] [           main] com.netflix.discovery.DiscoveryClient    : Disable delta property : false
2026-08-13T11:59:49.638+05:30  INFO 14516 --- [school-service] [           main] com.netflix.discovery.DiscoveryClient    : Single vip registry refresh property : null
2026-08-13T11:59:49.638+05:30  INFO 14516 --- [school-service] [           main] com.netflix.discovery.DiscoveryClient    : Force full registry fetch : false
2026-08-13T11:59:49.638+05:30  INFO 14516 --- [school-service] [           main] com.netflix.discovery.DiscoveryClient    : Application is null : false
2026-08-13T11:59:49.638+05:30  INFO 14516 --- [school-service] [           main] com.netflix.discovery.DiscoveryClient    : Registered Applications size is zero : true
2026-08-13T11:59:49.639+05:30  INFO 14516 --- [school-service] [           main] com.netflix.discovery.DiscoveryClient    : Application version is -1: true
2026-08-13T11:59:49.639+05:30  INFO 14516 --- [school-service] [           main] com.netflix.discovery.DiscoveryClient    : Getting all instance registry info from the eureka server
2026-08-13T11:59:51.230+05:30  INFO 14516 --- [school-service] [           main] com.netflix.discovery.DiscoveryClient    : The response status is 200
2026-08-13T11:59:51.238+05:30  INFO 14516 --- [school-service] [           main] com.netflix.discovery.DiscoveryClient    : Starting heartbeat executor: renew interval is: 30
2026-08-13T11:59:51.245+05:30  INFO 14516 --- [school-service] [           main] c.n.discovery.InstanceInfoReplicator     : InstanceInfoReplicator onDemand update allowed rate per min is 4
2026-08-13T11:59:51.251+05:30  INFO 14516 --- [school-service] [           main] com.netflix.discovery.DiscoveryClient    : Discovery Client initialized at timestamp 1786602591248 with initial instances count: 4
2026-08-13T11:59:51.265+05:30  INFO 14516 --- [school-service] [           main] o.s.c.n.e.s.EurekaServiceRegistry        : Registering application SCHOOL-SERVICE with eureka with status UP
2026-08-13T11:59:51.267+05:30  INFO 14516 --- [school-service] [           main] com.netflix.discovery.DiscoveryClient    : Saw local status change event StatusChangeEvent [timestamp=1786602591266, current=UP, previous=STARTING]
2026-08-13T11:59:51.274+05:30  INFO 14516 --- [school-service] [foReplicator-%d] com.netflix.discovery.DiscoveryClient    : DiscoveryClient_SCHOOL-SERVICE/LAPTOP-7G23TPG3:school-service:8082: registering service...
2026-08-13T11:59:51.293+05:30  INFO 14516 --- [school-service] [           main] o.s.c.n.e.s.EurekaServiceRegistry        : Unregistering application SCHOOL-SERVICE with eureka with status DOWN
2026-08-13T11:59:51.301+05:30  INFO 14516 --- [school-service] [           main] com.netflix.discovery.DiscoveryClient    : Saw local status change event StatusChangeEvent [timestamp=1786602591301, current=DOWN, previous=UP]
2026-08-13T11:59:51.310+05:30  WARN 14516 --- [school-service] [           main] ConfigServletWebServerApplicationContext : Exception encountered during context initialization - cancelling refresh attempt: org.springframework.context.ApplicationContextException: Failed to start bean 'webServerStartStop'
2026-08-13T11:59:51.351+05:30  INFO 14516 --- [school-service] [           main] j.LocalContainerEntityManagerFactoryBean : Closing JPA EntityManagerFactory for persistence unit 'default'
2026-08-13T11:59:51.363+05:30  INFO 14516 --- [school-service] [           main] com.zaxxer.hikari.HikariDataSource       : HikariPool-1 - Shutdown initiated...
2026-08-13T11:59:51.408+05:30  INFO 14516 --- [school-service] [           main] com.zaxxer.hikari.HikariDataSource       : HikariPool-1 - Shutdown completed.
2026-08-13T11:59:51.409+05:30  INFO 14516 --- [school-service] [           main] com.netflix.discovery.DiscoveryClient    : Shutting down DiscoveryClient ...
2026-08-13T11:59:51.496+05:30  INFO 14516 --- [school-service] [foReplicator-%d] com.netflix.discovery.DiscoveryClient    : DiscoveryClient_SCHOOL-SERVICE/LAPTOP-7G23TPG3:school-service:8082 - registration status: 204
2026-08-13T11:59:51.497+05:30  INFO 14516 --- [school-service] [foReplicator-%d] com.netflix.discovery.DiscoveryClient    : DiscoveryClient_SCHOOL-SERVICE/LAPTOP-7G23TPG3:school-service:8082: registering service...
2026-08-13T11:59:51.509+05:30  INFO 14516 --- [school-service] [foReplicator-%d] com.netflix.discovery.DiscoveryClient    : DiscoveryClient_SCHOOL-SERVICE/LAPTOP-7G23TPG3:school-service:8082 - registration status: 204
2026-08-13T11:59:51.510+05:30  INFO 14516 --- [school-service] [           main] com.netflix.discovery.DiscoveryClient    : Unregistering ...
2026-08-13T11:59:51.525+05:30  INFO 14516 --- [school-service] [           main] com.netflix.discovery.DiscoveryClient    : DiscoveryClient_SCHOOL-SERVICE/LAPTOP-7G23TPG3:school-service:8082 - deregister  status: 200
2026-08-13T11:59:51.526+05:30  INFO 14516 --- [school-service] [           main] com.netflix.discovery.DiscoveryClient    : Completed shut down of DiscoveryClient
2026-08-13T11:59:51.573+05:30  INFO 14516 --- [school-service] [           main] .s.b.a.l.ConditionEvaluationReportLogger : 

Error starting ApplicationContext. To display the condition evaluation report re-run your application with 'debug' enabled.
2026-08-13T11:59:51.649+05:30 ERROR 14516 --- [school-service] [           main] o.s.b.d.LoggingFailureAnalysisReporter   : 

***************************
APPLICATION FAILED TO START
***************************

Description:

Web server failed to start. Port 8082 was already in use.

Action:

Identify and stop the process that's listening on port 8082 or configure this application to listen on another port.

[INFO] ------------------------------------------------------------------------
[INFO] BUILD FAILURE
[INFO] ------------------------------------------------------------------------
[INFO] Total time:  45.484 s
[INFO] Finished at: 2026-08-13T11:59:51+05:30
[INFO] ------------------------------------------------------------------------
[ERROR] Failed to execute goal org.springframework.boot:spring-boot-maven-plugin:3.3.0:run (default-cli) on project school-service: Process terminated with exit code: 1 -> [Help 1]
[ERROR] 
[ERROR] To see the full stack trace of the errors, re-run Maven with the -e switch.
[ERROR] Re-run Maven using the -X switch to enable full debug logging.
[ERROR] 
[ERROR] For more information about the errors and possible solutions, please read the following articles:
[ERROR] [Help 1] http://cwiki.apache.org/confluence/display/MAVEN/MojoExecutionException
